district,revenue_circle,drainage_basin,latitude,longitude,elevation_m,slope_deg,topographic_wetness_index_twi,soil_type,land_use,rainfall_1day_mm,rainfall_3day_mm,rainfall_7day_mm,distance_to_river_km,distance_to_embankment_m,in_floodplain,flood_label
Tinsukia,Digboi / Margherita / Ledo,Dehing Foothill Basin,27.378161,95.735545,175.7,11.59,6.12,Laterite,Evergreen Forest Scarp,81.9,146.0,273.1,10.28,14543,0,0
Dhemaji,Jonai / Dhemaji Sadar,Jiadhal & Subansiri,27.771922,95.058376,101.5,0.5,11.44,Alluvial sandy silt,Paddy Cropland,218.7,369.5,540.6,1.11,581,1,1
Tinsukia,Digboi / Margherita / Ledo,Dehing Foothill Basin,27.467304,95.659985,178.5,12.54,5.0,Sandy clay red loam,Highland Industrial / Township,88.5,161.8,230.4,15.04,17895,0,0
Majuli,Kamalabari / Garmur,Brahmaputra Mainstem,27.071221,94.289357,83.5,0.11,14.28,Coarse river sand and silt,Char / River Island Sandbar,136.9,335.5,460.6,1.28,92,1,1
Sonitpur,Tezpur High Terraces / Dhekiajuli North,Jia Bharali High Bank,26.725347,92.696896,121.8,7.02,8.28,Sandy loam,Tea Plantation,81.2,134.2,275.3,11.96,11937,0,0
Tinsukia,Digboi / Margherita / Ledo,Dehing Foothill Basin,27.466096,95.723393,157.3,7.9,7.86,Laterite,Highland Industrial / Township,69.4,143.2,305.3,10.48,14978,0,0
Baksa,Tamulpur North / Nagrijuli Foothill,Bhutan Piedmont Fan,26.825009,91.670104,118.6,4.38,7.73,Bhabar gravelly loam,Tea Estate,76.5,168.2,308.8,13.23,14118,0,0
Dima Hasao,Haflong / Mahur / Umrangso,Diyung & Kopili Upper Gorge,25.089457,93.066684,765.6,30.64,4.28,Red and yellow forest soil,Hilly Terrain,73.7,182.2,201.8,12.76,11975,0,0
Kamrup Metropolitan,Dispur / Chandrapur / Sonapur Hills,Southern Highland Divide,26.180881,91.764709,255.7,11.45,5.49,Red gravelly loam,Reserved Forest Upland,62.7,153.8,195.1,6.2,13661,0,0
Nagaon,Kampur / Kaliabor / Samaguri,Kopili & Kolong,26.271965,92.776889,60.9,0.58,13.12,Alluvial clay loam,Lowland Marsh,194.8,342.5,511.9,0.79,255,1,1
Dima Hasao,Haflong / Mahur / Umrangso,Diyung & Kopili Upper Gorge,25.105189,93.224509,354.8,28.21,6.25,Gravelly skeletal clay,Sub-Tropical Montane Forest,80.5,185.3,269.2,26.64,13191,0,0
Kamrup Metropolitan,Dispur / Chandrapur / Sonapur Hills,Southern Highland Divide,26.13052,91.912332,243.5,9.09,6.2,Ferruginous weathered rock,Reserved Forest Upland,109.7,135.6,207.9,15.56,11595,0,0
Dima Hasao,Haflong / Mahur / Umrangso,Diyung & Kopili Upper Gorge,25.085005,93.0118,681.8,13.3,5.18,Gravelly skeletal clay,Hilly Terrain,65.7,181.2,238.3,21.05,28938,0,0
Karbi Anglong,Diphu / Phuloni / Bokajan,Upper Dhansiri Plateau,26.036055,93.725361,358.3,6.6,7.69,Skeletal rocky soil,Rubber / Coffee Plantation,92.1,180.0,248.8,23.53,6715,0,0
Baksa,Tamulpur North / Nagrijuli Foothill,Bhutan Piedmont Fan,26.721708,91.478954,104.8,8.13,6.53,Coarse boulder-sand,Foothill Plantation,112.5,172.0,335.0,17.07,14718,0,0
Tinsukia,Digboi / Margherita / Ledo,Dehing Foothill Basin,27.358189,95.672549,223.2,8.87,6.85,Laterite,Tea Estate,86.2,226.7,253.5,13.12,14779,0,0
Kamrup Metropolitan,Dispur / Chandrapur / Sonapur Hills,Southern Highland Divide,26.128961,91.880608,181.3,7.13,6.09,Red gravelly loam,Reserved Forest Upland,84.6,221.3,190.9,13.35,6376,0,0
Golaghat,Bokakhat / Kaziranga Northern Fringe,Dhansiri & Brahmaputra,26.672994,93.516521,65.8,0.62,11.8,Alluvial silt loam,Paddy Fringe,147.1,295.2,549.1,1.28,369,1,1
Dhemaji,Jonai / Dhemaji Sadar,Jiadhal & Subansiri,27.735532,95.223415,93.4,1.03,13.03,Recent riverine alluvium,Wetland / Beel,206.1,367.0,464.8,0.69,610,1,1
Sonitpur,Tezpur High Terraces / Dhekiajuli North,Jia Bharali High Bank,26.621291,92.574156,88.8,4.34,6.04,Piedmont coarse alluvium,Urban Cantonment,62.2,160.2,257.0,4.48,10650,0,0
Sonitpur,Tezpur High Terraces / Dhekiajuli North,Jia Bharali High Bank,26.697537,92.823671,108.6,3.49,7.88,Sandy loam,High Alluvial Orchard,90.2,134.4,311.5,9.06,3550,0,0
Dhubri,Bilasipara / Golakganj / Dhubri Sadar,Brahmaputra & Gangadhar,26.054218,90.167649,37.3,0.36,12.54,Hydromorphic alluvial silt,Riparian Wetland,158.4,309.3,539.4,1.77,201,1,1
Nalbari,Barkhetri / Paschim Nalbari,Pagladiya & Puthimari,26.496122,91.50326,53.4,0.37,13.68,Alluvial silt loam,Paddy Cropland,214.7,327.7,507.7,2.38,338,1,1
Sonitpur,Tezpur High Terraces / Dhekiajuli North,Jia Bharali High Bank,26.757845,92.597719,102.0,5.87,7.73,Piedmont coarse alluvium,Urban Cantonment,71.6,169.3,192.5,7.57,9995,0,0
Barpeta,Sarthebari / Baghbor / Chenga,Beki & Manas,26.285864,91.024626,50.5,0.25,11.97,Fine alluvial silt,Permanent Wetland,241.9,387.2,503.8,0.64,82,1,1
Karbi Anglong,Diphu / Phuloni / Bokajan,Upper Dhansiri Plateau,26.233818,93.583367,182.5,14.6,7.57,Lateritic gravelly clay,Dense Tropical Forest,80.9,158.3,221.7,21.6,8021,0,0
Nalbari,Barkhetri / Paschim Nalbari,Pagladiya & Puthimari,26.283338,91.510124,53.1,0.77,10.72,Alluvial silt loam,Paddy Cropland,224.0,388.8,456.2,0.97,402,1,1
Jorhat,Teok / Titabar / Mariani,Bhogdoi Highland Terrace,26.619161,94.264902,105.3,4.0,7.87,Old alluvial terrace soil,Elevated Homestead,103.9,166.2,216.3,14.02,11854,0,0
Kamrup Metropolitan,Dispur / Chandrapur / Sonapur Hills,Southern Highland Divide,26.169125,91.734555,270.8,20.82,5.92,Ferruginous weathered rock,Highland Residential Built-up,91.9,212.1,240.0,11.18,8351,0,0
Dima Hasao,Haflong / Mahur / Umrangso,Diyung & Kopili Upper Gorge,25.172702,93.001722,667.8,17.44,6.08,Red and yellow forest soil,Hilly Terrain,77.7,157.1,225.0,24.45,16402,0,0
Dima Hasao,Haflong / Mahur / Umrangso,Diyung & Kopili Upper Gorge,25.219699,93.133987,542.0,18.16,6.76,Red and yellow forest soil,Hilly Terrain,114.5,122.4,291.2,12.38,24310,0,0
Dhemaji,Jonai / Dhemaji Sadar,Jiadhal & Subansiri,27.61511,94.7161,92.6,0.95,11.98,Silty clay loam,Riparian Grassland,157.3,352.9,533.2,2.15,364,1,1
Cachar,Silchar Sadar / Katigorah / Sonai,Barak River Basin,24.906709,93.03663,24.2,0.3,13.82,Heavy alluvial clay,Paddy Cropland,202.2,501.2,635.1,1.51,394,1,1
Karbi Anglong,Diphu / Phuloni / Bokajan,Upper Dhansiri Plateau,25.83194,93.318131,203.4,18.34,5.65,Skeletal rocky soil,Rubber / Coffee Plantation,72.1,147.3,259.6,21.16,23904,0,0
Karbi Anglong,Diphu / Phuloni / Bokajan,Upper Dhansiri Plateau,25.816712,93.535815,414.6,23.08,7.16,Red loamy soil,Dense Tropical Forest,74.6,168.4,249.3,9.45,10134,0,0
Karbi Anglong,Diphu / Phuloni / Bokajan,Upper Dhansiri Plateau,26.155644,93.688169,367.3,17.32,5.79,Lateritic gravelly clay,Rubber / Coffee Plantation,88.5,97.6,204.5,14.58,19096,0,0
Nalbari,Barkhetri / Paschim Nalbari,Pagladiya & Puthimari,26.392389,91.516086,49.3,0.35,11.91,Alluvial silt loam,Paddy Cropland,214.3,447.4,592.7,0.54,357,1,1
Karbi Anglong,Diphu / Phuloni / Bokajan,Upper Dhansiri Plateau,26.130214,93.397474,208.8,12.93,4.92,Lateritic gravelly clay,Rubber / Coffee Plantation,54.8,144.0,150.8,15.3,11732,0,0
Jorhat,Teok / Titabar / Mariani,Bhogdoi Highland Terrace,26.651415,94.406391,128.9,3.13,6.3,Deep red acidic loam,Commercial Tea Plantation,51.6,189.1,270.9,12.99,14636,0,0
Baksa,Tamulpur North / Nagrijuli Foothill,Bhutan Piedmont Fan,26.916231,91.611396,146.3,7.68,5.49,Coarse boulder-sand,Tea Estate,94.1,183.7,321.7,15.87,7784,0,0
Morigaon,Mayong / Laharighat / Bhuragaon,Brahmaputra & Kopili,26.230252,92.336771,56.9,0.28,14.77,Clayey alluvium,Wetland / Marshland,195.7,356.5,584.5,0.95,70,1,1
Nalbari,Barkhetri / Paschim Nalbari,Pagladiya & Puthimari,26.326944,91.585629,56.3,0.63,12.73,Alluvial silt loam,Rural Settlement,214.3,329.6,441.9,2.06,688,1,1
Dima Hasao,Haflong / Mahur / Umrangso,Diyung & Kopili Upper Gorge,25.461552,93.147072,725.8,18.97,5.84,Gravelly skeletal clay,Settlement on Ridge,94.1,202.7,265.6,14.54,6828,0,0
Cachar,Silchar Sadar / Katigorah / Sonai,Barak River Basin,24.862352,92.995092,34.9,0.4,14.43,Heavy alluvial clay,Depression Wetland (Beel),200.3,525.4,670.8,1.55,223,1,1
Kamrup Metropolitan,Dispur / Chandrapur / Sonapur Hills,Southern Highland Divide,26.170227,91.710935,156.0,8.25,5.03,Red gravelly loam,Reserved Forest Upland,92.5,211.8,300.9,5.48,5101,0,0
Kamrup Metropolitan,Dispur / Chandrapur / Sonapur Hills,Southern Highland Divide,26.178765,91.837319,234.1,13.13,6.76,Ferruginous weathered rock,Reserved Forest Upland,109.4,151.9,315.5,6.53,14673,0,0
Goalpara,Matia / Balijana High Ridges,Southern Granite Inselberg,26.11608,90.703027,153.2,9.45,4.56,Laterite outcrop,Mixed Scrub and Rocky Outcrop,96.1,161.0,249.5,12.42,5454,0,0
Dhubri,Bilasipara / Golakganj / Dhubri Sadar,Brahmaputra & Gangadhar,26.077104,90.131037,42.7,0.44,15.84,Fine riverine sand,Paddy Cropland,166.0,376.5,471.2,0.93,476,1,1
Nagaon,Kampur / Kaliabor / Samaguri,Kopili & Kolong,26.116337,92.907068,63.1,0.44,14.26,Alluvial clay loam,Lowland Marsh,173.7,330.2,435.0,1.57,131,1,1
Morigaon,Mayong / Laharighat / Bhuragaon,Brahmaputra & Kopili,26.355038,92.136565,61.4,0.48,13.66,Clayey alluvium,Wetland / Marshland,190.8,355.2,517.6,0.44,165,1,1
Nalbari,Barkhetri / Paschim Nalbari,Pagladiya & Puthimari,26.503124,91.509063,46.5,0.8,11.71,Alluvial silt loam,Wetland,227.5,365.5,447.8,1.0,584,1,1
Sonitpur,Tezpur High Terraces / Dhekiajuli North,Jia Bharali High Bank,26.769013,92.490083,121.5,4.03,6.74,Piedmont coarse alluvium,Tea Plantation,112.6,180.2,270.6,8.78,7392,0,0
Dhubri,Bilasipara / Golakganj / Dhubri Sadar,Brahmaputra & Gangadhar,26.077038,89.864947,38.5,0.56,16.01,Hydromorphic alluvial silt,Paddy Cropland,155.9,354.3,496.7,0.46,453,1,1
Golaghat,Bokakhat / Kaziranga Northern Fringe,Dhansiri & Brahmaputra,26.578626,93.583344,70.4,0.76,13.75,Marshy organic loam,National Park Grassland,160.9,326.5,452.7,1.42,238,1,1
Barpeta,Sarthebari / Baghbor / Chenga,Beki & Manas,26.316892,90.89928,47.8,0.6,14.4,Clayey hydromorphic loam,Permanent Wetland,160.6,422.7,482.0,1.05,180,1,1
Sonitpur,Tezpur High Terraces / Dhekiajuli North,Jia Bharali High Bank,26.729665,92.493579,97.4,3.22,7.28,Piedmont coarse alluvium,Tea Plantation,73.5,233.6,273.1,4.92,7435,0,0
Tinsukia,Digboi / Margherita / Ledo,Dehing Foothill Basin,27.290857,95.793787,178.7,9.21,6.11,Laterite,Highland Industrial / Township,83.8,192.5,227.5,9.75,16489,0,0
Goalpara,Matia / Balijana High Ridges,Southern Granite Inselberg,26.076329,90.588611,184.7,6.68,5.33,Laterite outcrop,High Settlement,68.5,182.7,223.7,13.65,3791,0,0
Morigaon,Mayong / Laharighat / Bhuragaon,Brahmaputra & Kopili,26.181355,92.183166,61.2,0.22,15.46,Riverine silt,Wetland / Marshland,184.2,380.2,487.3,1.63,224,1,1
Nalbari,Barkhetri / Paschim Nalbari,Pagladiya & Puthimari,26.543482,91.519706,51.2,0.68,12.44,Clayey loam,Paddy Cropland,167.9,392.5,468.1,1.01,500,1,1
Lakhimpur,Kadam / Narayanpur / Bihpuria,Ranganadi & Dikrong,27.250973,93.895067,86.7,0.8,11.64,Riverine silt loam,Rural Homestead,172.5,388.8,514.6,0.87,673,1,1
Jorhat,Teok / Titabar / Mariani,Bhogdoi Highland Terrace,26.619577,94.205356,114.1,4.16,6.99,Deep red acidic loam,Agroforestry,89.8,135.4,225.1,16.85,8914,0,0
Goalpara,Matia / Balijana High Ridges,Southern Granite Inselberg,26.134546,90.472177,158.1,16.93,7.28,Laterite outcrop,Rubber Plantation,82.0,194.8,268.8,12.35,7469,0,0
Kamrup Metropolitan,Dispur / Chandrapur / Sonapur Hills,Southern Highland Divide,26.127388,91.808455,139.5,17.84,5.41,Red gravelly loam,Reserved Forest Upland,89.3,198.8,314.1,12.01,7816,0,0
Dhemaji,Jonai / Dhemaji Sadar,Jiadhal & Subansiri,27.5348,95.201224,101.0,0.85,11.3,Silty clay loam,Riparian Grassland,177.0,325.1,567.3,1.58,181,1,1
Karbi Anglong,Diphu / Phuloni / Bokajan,Upper Dhansiri Plateau,26.028156,93.478243,399.8,8.24,6.53,Lateritic gravelly clay,Mixed Deciduous Forest,86.7,129.5,189.9,22.92,9151,0,0
Dima Hasao,Haflong / Mahur / Umrangso,Diyung & Kopili Upper Gorge,25.135149,92.881893,824.2,21.01,6.19,Red and yellow forest soil,Sub-Tropical Montane Forest,100.0,190.9,194.9,34.54,26918,0,0
Jorhat,Teok / Titabar / Mariani,Bhogdoi Highland Terrace,26.591097,94.320421,115.3,3.76,6.93,Deep red acidic loam,Agroforestry,67.3,206.9,229.9,15.07,11062,0,0
Golaghat,Bokakhat / Kaziranga Northern Fringe,Dhansiri & Brahmaputra,26.599858,93.567686,72.4,0.66,14.33,Marshy organic loam,Wetland,185.0,403.5,548.1,1.17,170,1,1
Barpeta,Sarthebari / Baghbor / Chenga,Beki & Manas,26.178279,90.997446,49.8,0.63,11.89,Fine alluvial silt,Permanent Wetland,226.6,363.1,546.2,0.78,86,1,1
Karbi Anglong,Diphu / Phuloni / Bokajan,Upper Dhansiri Plateau,25.956928,93.70271,220.1,22.64,6.39,Red loamy soil,Dense Tropical Forest,62.7,170.6,224.4,22.77,15300,0,0
Kamrup Metropolitan,Dispur / Chandrapur / Sonapur Hills,Southern Highland Divide,26.0884,91.860614,214.7,9.6,5.09,Ferruginous weathered rock,Rocky Outcrop / Hill Scrub,93.2,213.0,309.5,10.27,11657,0,0
Baksa,Tamulpur North / Nagrijuli Foothill,Bhutan Piedmont Fan,26.876654,91.482633,152.8,3.21,7.48,Coarse boulder-sand,Deciduous Forest,119.6,229.5,243.8,6.75,8183,0,0
Kamrup Metropolitan,Dispur / Chandrapur / Sonapur Hills,Southern Highland Divide,26.139695,91.813756,221.4,13.04,7.18,Red gravelly loam,Highland Residential Built-up,96.2,167.8,192.7,14.01,12279,0,0
Lakhimpur,Kadam / Narayanpur / Bihpuria,Ranganadi & Dikrong,27.074708,93.93675,84.4,0.81,11.16,Clayey loam,Alluvial Lowland,190.4,368.8,457.3,2.33,486,1,1
Kamrup Metropolitan,Dispur / Chandrapur / Sonapur Hills,Southern Highland Divide,26.085143,91.735417,256.3,10.23,5.0,Red gravelly loam,Highland Residential Built-up,76.6,202.9,244.9,10.82,6497,0,0
Kamrup Metropolitan,Dispur / Chandrapur / Sonapur Hills,Southern Highland Divide,26.19392,91.737429,145.1,18.15,7.27,Ferruginous weathered rock,Rocky Outcrop / Hill Scrub,103.4,174.4,273.8,4.65,4779,0,0
Cachar,Silchar Sadar / Katigorah / Sonai,Barak River Basin,24.808417,92.925705,32.6,0.17,14.77,Hydromorphic depression silt,Depression Wetland (Beel),222.1,497.5,730.9,0.28,249,1,1
Morigaon,Mayong / Laharighat / Bhuragaon,Brahmaputra & Kopili,26.38056,92.05279,59.9,0.64,14.56,Organic silty clay,Rural Floodplain Settlement,204.8,321.5,503.5,0.86,98,1,1
Sonitpur,Tezpur High Terraces / Dhekiajuli North,Jia Bharali High Bank,26.699578,92.619631,109.7,6.88,8.24,Piedmont coarse alluvium,High Alluvial Orchard,71.6,212.2,191.5,8.86,8786,0,0
Morigaon,Mayong / Laharighat / Bhuragaon,Brahmaputra & Kopili,26.319275,92.260327,55.7,0.3,11.58,Riverine silt,Paddy Cropland,178.0,421.9,454.1,1.99,238,1,1
Cachar,Silchar Sadar / Katigorah / Sonai,Barak River Basin,24.856334,92.98447,31.7,0.47,13.7,Heavy alluvial clay,Urban Built-up / Commercial,239.6,405.8,696.5,1.16,61,1,1
Dhemaji,Jonai / Dhemaji Sadar,Jiadhal & Subansiri,27.790135,94.48884,102.4,0.91,13.02,Recent riverine alluvium,Low-lying Rural Settlement,163.5,310.6,410.6,1.64,481,1,1
Nalbari,Barkhetri / Paschim Nalbari,Pagladiya & Puthimari,26.356223,91.553454,49.9,0.63,10.24,Alluvial silt loam,Rural Settlement,209.2,344.0,498.9,2.34,698,1,1
Sonitpur,Tezpur High Terraces / Dhekiajuli North,Jia Bharali High Bank,26.665832,92.487539,103.3,2.97,7.26,Piedmont coarse alluvium,Tea Plantation,101.4,227.2,238.3,4.16,5119,0,0
Dima Hasao,Haflong / Mahur / Umrangso,Diyung & Kopili Upper Gorge,25.144129,93.105991,423.7,17.67,5.97,Red and yellow forest soil,Settlement on Ridge,73.5,209.0,186.1,34.91,22956,0,0
Cachar,Silchar Sadar / Katigorah / Sonai,Barak River Basin,24.935761,92.894215,24.4,0.21,14.6,Heavy alluvial clay,Depression Wetland (Beel),224.0,484.8,562.2,1.58,440,1,1
Morigaon,Mayong / Laharighat / Bhuragaon,Brahmaputra & Kopili,26.344436,92.432917,50.6,0.57,11.97,Organic silty clay,Wetland / Marshland,205.4,376.5,526.5,1.62,580,1,1
Jorhat,Teok / Titabar / Mariani,Bhogdoi Highland Terrace,26.780081,94.246101,129.6,1.83,8.32,Deep red acidic loam,Elevated Homestead,84.2,195.4,196.8,17.43,13698,0,0
Dhemaji,Jonai / Dhemaji Sadar,Jiadhal & Subansiri,27.583369,94.756414,94.9,0.54,10.7,Recent riverine alluvium,Paddy Cropland,146.3,328.1,516.9,1.97,266,1,1
Nalbari,Barkhetri / Paschim Nalbari,Pagladiya & Puthimari,26.427702,91.569437,47.1,0.66,13.02,Clayey loam,Wetland,184.5,401.5,537.2,1.27,94,1,1
Sonitpur,Tezpur High Terraces / Dhekiajuli North,Jia Bharali High Bank,26.765136,92.782692,86.5,6.67,6.47,Piedmont coarse alluvium,Urban Cantonment,82.5,219.2,301.5,6.28,10696,0,0
Karbi Anglong,Diphu / Phuloni / Bokajan,Upper Dhansiri Plateau,26.014162,93.687181,390.2,21.79,6.8,Lateritic gravelly clay,Hilly Homestead,85.5,171.0,213.2,9.23,12482,0,0
Majuli,Kamalabari / Garmur,Brahmaputra Mainstem,27.058394,94.34523,81.1,0.59,14.38,Active alluvial deposits,Riparian Grassland,181.1,347.2,390.3,0.94,375,1,1
Jorhat,Teok / Titabar / Mariani,Bhogdoi Highland Terrace,26.743048,94.416858,133.5,3.5,6.81,Old alluvial terrace soil,Commercial Tea Plantation,75.8,128.6,199.4,9.19,9831,0,0
Tinsukia,Digboi / Margherita / Ledo,Dehing Foothill Basin,27.41451,95.575226,179.4,9.58,5.54,Laterite,Tea Estate,125.2,166.9,328.2,17.11,14988,0,0
Goalpara,Matia / Balijana High Ridges,Southern Granite Inselberg,26.124174,90.699974,193.2,8.94,4.79,Gravelly red loam,Mixed Scrub and Rocky Outcrop,72.8,216.5,291.5,10.8,8547,0,0
Dima Hasao,Haflong / Mahur / Umrangso,Diyung & Kopili Upper Gorge,25.1176,93.179094,477.3,13.7,5.98,Gravelly skeletal clay,Hilly Terrain,68.8,114.1,236.6,17.08,16827,0,0
Cachar,Silchar Sadar / Katigorah / Sonai,Barak River Basin,24.881013,93.011847,30.3,0.41,16.71,Hydromorphic depression silt,Paddy Cropland,222.4,513.7,698.7,0.25,117,1,1
Dhemaji,Jonai / Dhemaji Sadar,Jiadhal & Subansiri,27.736926,94.631717,96.6,1.15,14.83,Silty clay loam,Low-lying Rural Settlement,207.8,383.6,461.1,0.82,295,1,1
Goalpara,Matia / Balijana High Ridges,Southern Granite Inselberg,26.123615,90.688216,94.4,6.7,7.44,Laterite outcrop,High Settlement,105.9,129.1,265.1,15.94,9974,0,0
Baksa,Tamulpur North / Nagrijuli Foothill,Bhutan Piedmont Fan,26.747224,91.725257,95.0,4.51,6.43,Coarse boulder-sand,Deciduous Forest,73.8,195.1,240.1,15.78,13175,0,0
Sonitpur,Tezpur High Terraces / Dhekiajuli North,Jia Bharali High Bank,26.812756,92.659362,118.6,6.3,5.39,Sandy loam,High Alluvial Orchard,80.2,167.2,211.1,7.54,9218,0,0
Cachar,Silchar Sadar / Katigorah / Sonai,Barak River Basin,24.855923,92.963726,28.8,0.57,14.81,Heavy alluvial clay,Dense Settlement,257.6,511.0,704.1,0.32,276,1,1
Karbi Anglong,Diphu / Phuloni / Bokajan,Upper Dhansiri Plateau,26.29618,93.671706,296.5,22.42,5.61,Lateritic gravelly clay,Hilly Homestead,91.5,158.1,175.7,24.91,7364,0,0
Nalbari,Barkhetri / Paschim Nalbari,Pagladiya & Puthimari,26.29608,91.344314,54.5,0.38,10.71,Clayey loam,Paddy Cropland,206.4,402.7,533.8,1.07,266,1,1
Nalbari,Barkhetri / Paschim Nalbari,Pagladiya & Puthimari,26.457353,91.379958,55.8,0.85,10.46,Alluvial silt loam,Wetland,178.4,427.5,575.2,0.75,439,1,1
Morigaon,Mayong / Laharighat / Bhuragaon,Brahmaputra & Kopili,26.337103,92.178104,54.1,0.61,14.92,Organic silty clay,Paddy Cropland,202.3,350.9,502.4,0.47,412,1,1
Kamrup Metropolitan,Dispur / Chandrapur / Sonapur Hills,Southern Highland Divide,26.142408,91.724659,270.4,16.29,5.62,Ferruginous weathered rock,Reserved Forest Upland,62.6,149.2,261.6,7.4,13586,0,0
Nalbari,Barkhetri / Paschim Nalbari,Pagladiya & Puthimari,26.280693,91.557607,46.1,0.33,11.87,Alluvial silt loam,Paddy Cropland,194.2,438.0,558.5,1.24,265,1,1
Goalpara,Matia / Balijana High Ridges,Southern Granite Inselberg,26.169762,90.602386,132.7,15.2,7.43,Laterite outcrop,Mixed Scrub and Rocky Outcrop,97.7,155.8,195.6,16.73,10559,0,0
Baksa,Tamulpur North / Nagrijuli Foothill,Bhutan Piedmont Fan,26.795004,91.390576,136.6,4.66,5.82,Coarse boulder-sand,Deciduous Forest,78.7,232.5,265.4,15.19,8965,0,0
Majuli,Kamalabari / Garmur,Brahmaputra Mainstem,27.066844,94.170888,81.1,0.38,14.9,Active alluvial deposits,Riparian Grassland,156.1,269.2,397.9,0.61,162,1,1
Jorhat,Teok / Titabar / Mariani,Bhogdoi Highland Terrace,26.649645,94.30778,112.7,4.61,7.65,Old alluvial terrace soil,Commercial Tea Plantation,52.4,195.9,218.1,17.21,16922,0,0
Cachar,Silchar Sadar / Katigorah / Sonai,Barak River Basin,24.920992,92.774143,27.6,0.56,12.67,Heavy alluvial clay,Dense Settlement,228.2,511.3,634.9,0.16,420,1,1
Dima Hasao,Haflong / Mahur / Umrangso,Diyung & Kopili Upper Gorge,25.373344,92.9049,649.8,25.19,3.54,Gravelly skeletal clay,Hilly Terrain,107.8,171.9,214.2,33.31,24790,0,0
Sonitpur,Tezpur High Terraces / Dhekiajuli North,Jia Bharali High Bank,26.727467,92.579196,107.6,5.79,8.17,Sandy loam,Urban Cantonment,100.9,225.6,191.1,8.64,6681,0,0
Barpeta,Sarthebari / Baghbor / Chenga,Beki & Manas,26.22294,90.899648,46.1,0.61,14.75,Fine alluvial silt,Dense Rural Settlement,201.0,384.3,636.5,0.34,463,1,1
Golaghat,Bokakhat / Kaziranga Northern Fringe,Dhansiri & Brahmaputra,26.602157,93.320743,65.3,0.45,11.29,Alluvial silt loam,National Park Grassland,204.0,306.7,535.2,0.61,309,1,1
Baksa,Tamulpur North / Nagrijuli Foothill,Bhutan Piedmont Fan,26.80879,91.647577,143.1,5.28,6.07,Coarse boulder-sand,Deciduous Forest,120.1,214.9,237.5,17.62,10080,0,0
Golaghat,Bokakhat / Kaziranga Northern Fringe,Dhansiri & Brahmaputra,26.587388,93.307141,69.2,0.31,12.39,Marshy organic loam,Wetland,195.6,293.0,501.3,0.87,411,1,1
Nalbari,Barkhetri / Paschim Nalbari,Pagladiya & Puthimari,26.372845,91.423267,50.6,0.59,13.0,Alluvial silt loam,Paddy Cropland,182.2,396.6,548.9,1.2,313,1,1
Jorhat,Teok / Titabar / Mariani,Bhogdoi Highland Terrace,26.783497,94.288093,121.7,2.8,7.52,Deep red acidic loam,Elevated Homestead,79.6,174.1,279.3,17.04,17190,0,0
Goalpara,Matia / Balijana High Ridges,Southern Granite Inselberg,26.135463,90.734205,166.4,14.56,5.72,Gravelly red loam,Rubber Plantation,94.7,151.0,270.6,8.66,6174,0,0
Dima Hasao,Haflong / Mahur / Umrangso,Diyung & Kopili Upper Gorge,25.427707,92.82942,422.2,30.48,6.12,Red and yellow forest soil,Settlement on Ridge,96.7,141.8,225.8,25.18,28104,0,0
Barpeta,Sarthebari / Baghbor / Chenga,Beki & Manas,26.379547,91.076844,51.9,0.45,12.12,Fine alluvial silt,Char Land,167.6,460.9,497.5,0.79,192,1,1
Sonitpur,Tezpur High Terraces / Dhekiajuli North,Jia Bharali High Bank,26.637772,92.542029,105.0,2.72,6.2,Piedmont coarse alluvium,High Alluvial Orchard,102.5,176.8,229.9,8.25,12034,0,0
Dhemaji,Jonai / Dhemaji Sadar,Jiadhal & Subansiri,27.520372,94.683707,103.8,0.83,14.28,Alluvial sandy silt,Wetland / Beel,183.6,374.2,564.4,1.85,92,1,1
Baksa,Tamulpur North / Nagrijuli Foothill,Bhutan Piedmont Fan,26.821747,91.727959,96.0,5.28,5.99,Bhabar gravelly loam,Tea Estate,131.5,242.0,280.8,16.1,7608,0,0
Dima Hasao,Haflong / Mahur / Umrangso,Diyung & Kopili Upper Gorge,25.279277,93.198993,643.0,26.68,5.98,Red and yellow forest soil,Sub-Tropical Montane Forest,103.9,136.9,197.2,28.2,22776,0,0
Jorhat,Teok / Titabar / Mariani,Bhogdoi Highland Terrace,26.662572,94.296187,124.8,1.8,6.33,Deep red acidic loam,Elevated Homestead,107.2,181.3,187.1,15.66,10616,0,0
Karbi Anglong,Diphu / Phuloni / Bokajan,Upper Dhansiri Plateau,26.176465,93.296093,437.8,15.31,7.1,Lateritic gravelly clay,Rubber / Coffee Plantation,74.0,100.9,166.9,11.67,11146,0,0
Baksa,Tamulpur North / Nagrijuli Foothill,Bhutan Piedmont Fan,26.750355,91.410168,114.4,4.2,4.89,Bhabar gravelly loam,Tea Estate,106.2,239.9,316.5,7.26,13238,0,0
Karbi Anglong,Diphu / Phuloni / Bokajan,Upper Dhansiri Plateau,25.973802,93.225672,443.3,11.18,4.74,Skeletal rocky soil,Dense Tropical Forest,91.0,129.4,194.9,24.52,6329,0,0
Barpeta,Sarthebari / Baghbor / Chenga,Beki & Manas,26.467486,90.796926,52.0,0.49,12.64,Sand bar alluvium,Char Land,237.8,422.8,611.8,0.81,312,1,1
Dhemaji,Jonai / Dhemaji Sadar,Jiadhal & Subansiri,27.677156,95.164856,102.7,0.84,10.62,Alluvial sandy silt,Paddy Cropland,205.7,364.9,539.7,0.55,361,1,1
Sonitpur,Tezpur High Terraces / Dhekiajuli North,Jia Bharali High Bank,26.636481,92.645324,114.6,5.43,5.93,Piedmont coarse alluvium,Tea Plantation,83.5,185.2,190.2,10.59,7379,0,0
Lakhimpur,Kadam / Narayanpur / Bihpuria,Ranganadi & Dikrong,27.161167,93.924298,90.6,0.48,13.45,Clayey loam,Alluvial Lowland,204.6,383.0,537.1,0.83,355,1,1
Dhemaji,Jonai / Dhemaji Sadar,Jiadhal & Subansiri,27.5055,94.980411,98.9,0.5,13.27,Alluvial sandy silt,Riparian Grassland,173.8,326.1,446.6,1.73,111,1,1
Cachar,Silchar Sadar / Katigorah / Sonai,Barak River Basin,24.728709,92.843307,28.1,0.45,16.82,Heavy alluvial clay,Dense Settlement,228.8,403.3,715.8,0.28,223,1,1
Cachar,Silchar Sadar / Katigorah / Sonai,Barak River Basin,24.843409,92.946421,26.6,0.14,15.73,Hydromorphic depression silt,Urban Built-up / Commercial,275.3,495.1,573.4,1.09,26,1,1
Nagaon,Kampur / Kaliabor / Samaguri,Kopili & Kolong,26.107085,92.941323,68.3,0.8,12.2,Alluvial clay loam,Lowland Marsh,162.4,343.5,494.5,0.95,396,1,1
Baksa,Tamulpur North / Nagrijuli Foothill,Bhutan Piedmont Fan,26.794695,91.576286,159.7,8.76,7.48,Coarse boulder-sand,Foothill Plantation,88.4,186.7,229.4,6.44,5105,0,0
Majuli,Kamalabari / Garmur,Brahmaputra Mainstem,26.902423,94.261526,82.7,0.39,12.82,Active alluvial deposits,Char / River Island Sandbar,130.7,373.8,480.2,0.47,118,1,1
Dima Hasao,Haflong / Mahur / Umrangso,Diyung & Kopili Upper Gorge,25.093348,92.827475,725.9,12.14,5.42,Red and yellow forest soil,Sub-Tropical Montane Forest,86.3,110.7,248.4,34.65,24272,0,0
Majuli,Kamalabari / Garmur,Brahmaputra Mainstem,27.096637,94.28799,78.3,0.28,15.45,Active alluvial deposits,Riparian Grassland,141.4,288.7,505.5,1.2,409,1,1
Kamrup Metropolitan,Dispur / Chandrapur / Sonapur Hills,Southern Highland Divide,26.151365,91.705757,209.5,15.59,5.51,Red gravelly loam,Highland Residential Built-up,83.0,230.0,281.4,7.93,4940,0,0
Dhubri,Bilasipara / Golakganj / Dhubri Sadar,Brahmaputra & Gangadhar,26.168694,90.442314,38.8,0.48,16.19,Hydromorphic alluvial silt,Char Settlement,150.8,344.8,483.5,1.68,387,1,1
Goalpara,Matia / Balijana High Ridges,Southern Granite Inselberg,26.115392,90.561271,167.5,11.3,6.69,Gravelly red loam,Mixed Scrub and Rocky Outcrop,57.6,121.4,199.9,15.31,6384,0,0
Baksa,Tamulpur North / Nagrijuli Foothill,Bhutan Piedmont Fan,26.793293,91.612615,104.2,4.46,6.19,Coarse boulder-sand,Deciduous Forest,111.7,158.1,345.9,11.64,6936,0,0
Dima Hasao,Haflong / Mahur / Umrangso,Diyung & Kopili Upper Gorge,25.450815,93.012954,518.5,20.59,4.72,Gravelly skeletal clay,Hilly Terrain,111.5,176.5,219.2,9.55,14544,0,0
Goalpara,Matia / Balijana High Ridges,Southern Granite Inselberg,26.133212,90.59939,103.3,17.95,5.64,Gravelly red loam,Mixed Scrub and Rocky Outcrop,57.3,158.8,190.9,13.32,4275,0,0
Baksa,Tamulpur North / Nagrijuli Foothill,Bhutan Piedmont Fan,26.896108,91.645575,137.3,3.44,6.74,Coarse boulder-sand,Tea Estate,127.8,194.2,261.1,13.3,8679,0,0
Tinsukia,Digboi / Margherita / Ledo,Dehing Foothill Basin,27.290148,95.64342,147.3,11.13,7.0,Sandy clay red loam,Evergreen Forest Scarp,117.8,181.6,262.1,19.27,18149,0,0
Sonitpur,Tezpur High Terraces / Dhekiajuli North,Jia Bharali High Bank,26.780477,92.719194,95.2,2.66,8.01,Piedmont coarse alluvium,Urban Cantonment,96.5,168.0,219.1,14.83,7061,0,0
Nalbari,Barkhetri / Paschim Nalbari,Pagladiya & Puthimari,26.489489,91.519739,52.6,0.78,10.89,Clayey loam,Paddy Cropland,193.3,399.0,551.0,0.42,274,1,1
Nagaon,Kampur / Kaliabor / Samaguri,Kopili & Kolong,26.267492,92.778902,56.1,0.89,9.83,Alluvial clay loam,Lowland Marsh,165.0,308.8,528.7,1.38,167,1,1
Goalpara,Matia / Balijana High Ridges,Southern Granite Inselberg,26.084136,90.698605,100.6,14.66,6.24,Laterite outcrop,High Settlement,93.4,195.7,206.3,15.27,9082,0,0
Sonitpur,Tezpur High Terraces / Dhekiajuli North,Jia Bharali High Bank,26.795203,92.57711,106.4,4.46,8.03,Sandy loam,High Alluvial Orchard,113.7,179.4,319.3,5.95,6172,0,0
Dhemaji,Jonai / Dhemaji Sadar,Jiadhal & Subansiri,27.449506,95.21711,88.8,0.33,11.66,Alluvial sandy silt,Riparian Grassland,150.1,377.0,505.9,0.64,469,1,1
Morigaon,Mayong / Laharighat / Bhuragaon,Brahmaputra & Kopili,26.38454,92.375694,61.2,0.7,13.21,Riverine silt,Wetland / Marshland,198.7,335.1,461.6,1.29,573,1,1
Cachar,Silchar Sadar / Katigorah / Sonai,Barak River Basin,24.845377,92.914995,29.2,0.21,14.05,Hydromorphic depression silt,Paddy Cropland,210.3,538.4,547.6,0.17,298,1,1
Barpeta,Sarthebari / Baghbor / Chenga,Beki & Manas,26.446311,91.131869,46.4,0.27,13.85,Sand bar alluvium,Paddy Cropland,235.5,341.8,541.4,0.71,237,1,1
Goalpara,Matia / Balijana High Ridges,Southern Granite Inselberg,26.123003,90.633107,170.2,12.37,6.2,Gravelly red loam,High Settlement,102.2,128.6,181.1,15.35,4106,0,0
Sonitpur,Tezpur High Terraces / Dhekiajuli North,Jia Bharali High Bank,26.628785,92.461535,120.8,3.27,7.63,Piedmont coarse alluvium,Tea Plantation,114.2,143.1,252.1,11.82,6456,0,0
Golaghat,Bokakhat / Kaziranga Northern Fringe,Dhansiri & Brahmaputra,26.629671,93.540921,65.1,0.65,14.62,Alluvial silt loam,National Park Grassland,163.0,343.0,451.0,1.85,139,1,1
Dima Hasao,Haflong / Mahur / Umrangso,Diyung & Kopili Upper Gorge,25.315627,92.994434,542.3,25.18,5.81,Red and yellow forest soil,Hilly Terrain,69.4,197.1,205.6,24.96,13005,0,0
Karbi Anglong,Diphu / Phuloni / Bokajan,Upper Dhansiri Plateau,26.091321,93.356943,234.8,19.95,4.76,Lateritic gravelly clay,Mixed Deciduous Forest,73.8,119.3,143.3,7.29,12188,0,0
Sonitpur,Tezpur High Terraces / Dhekiajuli North,Jia Bharali High Bank,26.735866,92.781943,116.8,2.95,7.75,Sandy loam,Tea Plantation,77.0,231.4,262.4,10.94,8227,0,0
Jorhat,Teok / Titabar / Mariani,Bhogdoi Highland Terrace,26.780258,94.430177,110.8,1.89,5.58,Old alluvial terrace soil,Commercial Tea Plantation,56.9,131.7,209.3,9.25,14460,0,0
Nagaon,Kampur / Kaliabor / Samaguri,Kopili & Kolong,26.112943,92.95101,69.1,0.83,11.75,Silty alluvium,Lowland Marsh,173.5,347.0,433.7,0.79,763,1,1
Nalbari,Barkhetri / Paschim Nalbari,Pagladiya & Puthimari,26.453516,91.539159,49.0,0.9,12.7,Alluvial silt loam,Rural Settlement,188.4,419.4,495.0,1.53,265,1,1
Jorhat,Teok / Titabar / Mariani,Bhogdoi Highland Terrace,26.839591,94.304547,132.4,1.88,8.03,Old alluvial terrace soil,Commercial Tea Plantation,97.2,168.0,214.8,14.26,16698,0,0
Sonitpur,Tezpur High Terraces / Dhekiajuli North,Jia Bharali High Bank,26.757029,92.592898,86.5,6.19,6.02,Piedmont coarse alluvium,Urban Cantonment,68.2,145.9,259.1,13.82,6799,0,0
Jorhat,Teok / Titabar / Mariani,Bhogdoi Highland Terrace,26.624994,94.269682,118.7,4.88,7.7,Deep red acidic loam,Elevated Homestead,60.7,136.4,179.2,14.99,16090,0,0
Barpeta,Sarthebari / Baghbor / Chenga,Beki & Manas,26.180855,90.901706,47.1,0.23,11.54,Fine alluvial silt,Paddy Cropland,231.9,436.7,536.3,1.76,536,1,1
Baksa,Tamulpur North / Nagrijuli Foothill,Bhutan Piedmont Fan,26.894145,91.629701,143.0,8.74,5.79,Coarse boulder-sand,Foothill Plantation,82.0,201.5,284.5,9.66,12132,0,0
Lakhimpur,Kadam / Narayanpur / Bihpuria,Ranganadi & Dikrong,27.061032,93.945066,86.0,0.8,14.48,Clayey loam,Paddy Cropland,202.3,354.0,436.3,1.27,497,1,1
Tinsukia,Digboi / Margherita / Ledo,Dehing Foothill Basin,27.463738,95.561669,238.2,14.47,6.71,Sandy clay red loam,Highland Industrial / Township,126.5,169.8,215.4,7.53,12614,0,0
Jorhat,Teok / Titabar / Mariani,Bhogdoi Highland Terrace,26.726546,94.283022,130.4,4.0,6.94,Deep red acidic loam,Agroforestry,109.7,190.6,182.5,14.62,13011,0,0
Dima Hasao,Haflong / Mahur / Umrangso,Diyung & Kopili Upper Gorge,25.141006,93.138964,679.9,13.79,4.94,Red and yellow forest soil,Sub-Tropical Montane Forest,109.2,186.6,198.6,14.96,17431,0,0
Karbi Anglong,Diphu / Phuloni / Bokajan,Upper Dhansiri Plateau,25.840008,93.631086,306.5,22.89,5.3,Lateritic gravelly clay,Mixed Deciduous Forest,85.1,134.0,154.7,13.67,22278,0,0
Baksa,Tamulpur North / Nagrijuli Foothill,Bhutan Piedmont Fan,26.835661,91.556598,105.6,4.26,7.7,Coarse boulder-sand,Foothill Plantation,97.0,173.1,232.7,11.84,9735,0,0
Jorhat,Teok / Titabar / Mariani,Bhogdoi Highland Terrace,26.670109,94.319814,124.9,4.57,8.28,Deep red acidic loam,Commercial Tea Plantation,91.1,182.8,172.5,18.73,16131,0,0
Morigaon,Mayong / Laharighat / Bhuragaon,Brahmaputra & Kopili,26.370111,92.137596,57.7,0.59,13.99,Riverine silt,Wetland / Marshland,197.3,302.8,540.4,1.01,259,1,1
Lakhimpur,Kadam / Narayanpur / Bihpuria,Ranganadi & Dikrong,27.028143,93.87999,97.3,0.65,14.02,Alluvial fine sand,Alluvial Lowland,199.4,363.7,535.3,1.62,333,1,1
Cachar,Silchar Sadar / Katigorah / Sonai,Barak River Basin,24.759393,92.774551,33.8,0.42,12.44,Heavy alluvial clay,Paddy Cropland,191.1,399.1,613.8,0.41,276,1,1
Baksa,Tamulpur North / Nagrijuli Foothill,Bhutan Piedmont Fan,26.727981,91.509772,155.3,6.78,6.05,Bhabar gravelly loam,Deciduous Forest,125.1,233.4,301.2,15.4,12663,0,0
Dhemaji,Jonai / Dhemaji Sadar,Jiadhal & Subansiri,27.564414,95.167631,89.6,0.44,12.3,Alluvial sandy silt,Riparian Grassland,173.2,333.0,489.2,0.32,549,1,1
Morigaon,Mayong / Laharighat / Bhuragaon,Brahmaputra & Kopili,26.326172,92.099238,51.3,0.23,15.74,Riverine silt,Paddy Cropland,165.9,399.6,572.8,0.81,132,1,1
Majuli,Kamalabari / Garmur,Brahmaputra Mainstem,27.049197,94.154623,80.8,0.57,15.82,Active alluvial deposits,Riparian Grassland,165.1,325.2,496.4,0.65,174,1,1
Barpeta,Sarthebari / Baghbor / Chenga,Beki & Manas,26.453729,91.026684,47.0,0.67,13.19,Sand bar alluvium,Paddy Cropland,225.4,438.6,540.4,1.24,62,1,1
Jorhat,Teok / Titabar / Mariani,Bhogdoi Highland Terrace,26.829712,94.337532,108.6,2.82,5.99,Deep red acidic loam,Agroforestry,90.1,162.2,198.9,12.47,11371,0,0
Dima Hasao,Haflong / Mahur / Umrangso,Diyung & Kopili Upper Gorge,25.212114,93.122849,718.0,19.63,5.62,Gravelly skeletal clay,Sub-Tropical Montane Forest,70.5,139.1,184.5,17.19,20212,0,0
Lakhimpur,Kadam / Narayanpur / Bihpuria,Ranganadi & Dikrong,27.111042,94.048536,93.9,0.55,13.01,Riverine silt loam,Alluvial Lowland,175.9,362.2,452.7,0.55,95,1,1
Dhubri,Bilasipara / Golakganj / Dhubri Sadar,Brahmaputra & Gangadhar,26.245021,90.081914,43.8,0.4,15.14,Hydromorphic alluvial silt,Char Settlement,144.9,335.1,458.7,1.68,61,1,1
Karbi Anglong,Diphu / Phuloni / Bokajan,Upper Dhansiri Plateau,26.286978,93.289617,413.8,11.49,6.91,Skeletal rocky soil,Mixed Deciduous Forest,56.4,162.1,228.3,26.28,22978,0,0
Nagaon,Kampur / Kaliabor / Samaguri,Kopili & Kolong,26.175393,92.976507,67.4,0.78,11.66,Silty alluvium,Rural Settlement,182.0,415.2,466.2,0.84,98,1,1
Cachar,Silchar Sadar / Katigorah / Sonai,Barak River Basin,24.823229,92.921397,34.6,0.51,12.4,Hydromorphic depression silt,Paddy Cropland,215.2,435.4,541.6,1.1,188,1,1
Nagaon,Kampur / Kaliabor / Samaguri,Kopili & Kolong,26.136187,92.777145,69.4,0.38,13.3,Silty alluvium,Rural Settlement,179.8,410.5,441.2,0.45,179,1,1
Kamrup Metropolitan,Dispur / Chandrapur / Sonapur Hills,Southern Highland Divide,26.170968,91.74083,190.3,21.17,7.0,Red gravelly loam,Highland Residential Built-up,64.2,203.3,319.4,12.51,5715,0,0
Kamrup Metropolitan,Dispur / Chandrapur / Sonapur Hills,Southern Highland Divide,26.185491,91.751866,223.7,8.76,7.69,Red gravelly loam,Reserved Forest Upland,108.0,142.3,206.7,6.87,5353,0,0
Sonitpur,Tezpur High Terraces / Dhekiajuli North,Jia Bharali High Bank,26.676288,92.723885,118.8,4.37,6.78,Sandy loam,Tea Plantation,95.7,173.3,219.7,9.2,7139,0,0
Lakhimpur,Kadam / Narayanpur / Bihpuria,Ranganadi & Dikrong,27.223545,93.98724,91.1,0.75,14.37,Riverine silt loam,Rural Homestead,196.6,387.4,506.4,0.81,657,1,1
Kamrup Metropolitan,Dispur / Chandrapur / Sonapur Hills,Southern Highland Divide,26.139314,91.7392,275.6,14.82,8.12,Red gravelly loam,Highland Residential Built-up,84.0,135.6,241.0,13.96,14723,0,0
Dima Hasao,Haflong / Mahur / Umrangso,Diyung & Kopili Upper Gorge,25.399644,93.083929,688.2,25.95,5.63,Gravelly skeletal clay,Settlement on Ridge,111.7,124.7,202.2,23.62,21902,0,0
Barpeta,Sarthebari / Baghbor / Chenga,Beki & Manas,26.457582,90.82992,52.0,0.31,15.11,Fine alluvial silt,Permanent Wetland,177.8,459.7,621.3,0.31,472,1,1
Karbi Anglong,Diphu / Phuloni / Bokajan,Upper Dhansiri Plateau,26.264514,93.468346,394.3,15.75,5.72,Lateritic gravelly clay,Dense Tropical Forest,89.1,127.5,196.8,16.89,23718,0,0
Karbi Anglong,Diphu / Phuloni / Bokajan,Upper Dhansiri Plateau,26.347688,93.374069,307.1,18.45,7.67,Red loamy soil,Hilly Homestead,79.4,163.9,142.5,27.27,16722,0,0
Majuli,Kamalabari / Garmur,Brahmaputra Mainstem,27.012395,94.251943,78.7,0.25,16.8,Active alluvial deposits,Wetland,182.6,268.9,506.4,1.0,218,1,1
Barpeta,Sarthebari / Baghbor / Chenga,Beki & Manas,26.347354,90.879772,45.2,0.38,13.32,Fine alluvial silt,Char Land,204.3,442.8,508.8,0.63,176,1,1
Jorhat,Teok / Titabar / Mariani,Bhogdoi Highland Terrace,26.731445,94.42132,111.0,4.11,7.41,Old alluvial terrace soil,Elevated Homestead,50.9,199.7,282.1,12.74,9113,0,0
Nagaon,Kampur / Kaliabor / Samaguri,Kopili & Kolong,26.425369,92.891062,68.3,0.58,13.58,Alluvial clay loam,Rural Settlement,155.4,387.2,545.6,0.6,570,1,1
Cachar,Silchar Sadar / Katigorah / Sonai,Barak River Basin,24.760554,92.918057,24.5,0.49,13.57,Hydromorphic depression silt,Depression Wetland (Beel),244.8,541.3,619.7,0.3,42,1,1
Sonitpur,Tezpur High Terraces / Dhekiajuli North,Jia Bharali High Bank,26.791132,92.845872,100.0,5.19,6.45,Piedmont coarse alluvium,Tea Plantation,74.2,239.1,269.9,5.96,4750,0,0
Tinsukia,Digboi / Margherita / Ledo,Dehing Foothill Basin,27.375476,95.767002,207.4,5.3,7.8,Sandy clay red loam,Evergreen Forest Scarp,123.3,234.5,267.7,11.54,10504,0,0
Karbi Anglong,Diphu / Phuloni / Bokajan,Upper Dhansiri Plateau,26.182025,93.635953,275.8,14.87,6.85,Lateritic gravelly clay,Mixed Deciduous Forest,84.0,107.9,189.7,10.0,22404,0,0
Sonitpur,Tezpur High Terraces / Dhekiajuli North,Jia Bharali High Bank,26.63873,92.492018,113.0,4.38,7.7,Piedmont coarse alluvium,Urban Cantonment,70.8,178.1,326.1,4.43,7666,0,0
Kamrup Metropolitan,Dispur / Chandrapur / Sonapur Hills,Southern Highland Divide,26.152722,91.8957,223.8,13.67,6.64,Ferruginous weathered rock,Highland Residential Built-up,96.4,181.1,279.4,12.12,4014,0,0
Majuli,Kamalabari / Garmur,Brahmaputra Mainstem,26.896243,94.2236,82.1,0.59,14.66,Active alluvial deposits,Wetland,169.5,377.7,413.0,0.12,361,1,1
Kamrup Metropolitan,Dispur / Chandrapur / Sonapur Hills,Southern Highland Divide,26.195271,91.920083,202.1,16.14,6.75,Red gravelly loam,Highland Residential Built-up,70.5,166.7,207.3,8.56,4085,0,0
Sonitpur,Tezpur High Terraces / Dhekiajuli North,Jia Bharali High Bank,26.812581,92.706927,121.1,3.46,7.69,Piedmont coarse alluvium,High Alluvial Orchard,84.7,161.6,229.1,10.22,7553,0,0
Dhemaji,Jonai / Dhemaji Sadar,Jiadhal & Subansiri,27.798538,95.019911,93.5,0.31,14.96,Alluvial sandy silt,Riparian Grassland,172.5,362.2,450.9,1.15,477,1,1
Lakhimpur,Kadam / Narayanpur / Bihpuria,Ranganadi & Dikrong,27.349048,94.223383,88.9,0.28,13.84,Riverine silt loam,Alluvial Lowland,185.5,387.4,396.9,2.05,291,1,1
Dhubri,Bilasipara / Golakganj / Dhubri Sadar,Brahmaputra & Gangadhar,26.259255,90.448184,40.3,0.22,14.83,Fine riverine sand,Paddy Cropland,148.6,397.6,508.3,1.41,493,1,1
Dhubri,Bilasipara / Golakganj / Dhubri Sadar,Brahmaputra & Gangadhar,26.0701,89.983132,42.6,0.21,15.66,Hydromorphic alluvial silt,Riparian Wetland,137.5,329.8,413.4,0.62,539,1,1
Karbi Anglong,Diphu / Phuloni / Bokajan,Upper Dhansiri Plateau,26.303316,93.315968,331.4,20.54,7.38,Lateritic gravelly clay,Hilly Homestead,55.0,149.6,178.6,10.63,24138,0,0
Cachar,Silchar Sadar / Katigorah / Sonai,Barak River Basin,24.843593,92.713218,24.3,0.41,12.54,Heavy alluvial clay,Paddy Cropland,224.0,517.0,717.6,0.48,67,1,1
Tinsukia,Digboi / Margherita / Ledo,Dehing Foothill Basin,27.364429,95.663231,232.2,7.0,5.09,Sandy clay red loam,Tea Estate,113.6,237.7,313.1,15.52,19864,0,0
Sonitpur,Tezpur High Terraces / Dhekiajuli North,Jia Bharali High Bank,26.710447,92.759568,113.2,4.27,7.97,Sandy loam,Urban Cantonment,117.4,222.6,323.8,14.4,12169,0,0
Jorhat,Teok / Titabar / Mariani,Bhogdoi Highland Terrace,26.745445,94.298565,124.7,2.19,5.98,Old alluvial terrace soil,Commercial Tea Plantation,99.1,175.7,190.5,15.77,12106,0,0
Sonitpur,Tezpur High Terraces / Dhekiajuli North,Jia Bharali High Bank,26.817315,92.560991,119.1,5.78,7.63,Sandy loam,Urban Cantonment,118.4,148.6,328.1,11.94,7028,0,0
Tinsukia,Digboi / Margherita / Ledo,Dehing Foothill Basin,27.348262,95.78195,193.1,8.52,7.98,Laterite,Evergreen Forest Scarp,94.4,203.6,213.2,18.57,11706,0,0
Golaghat,Bokakhat / Kaziranga Northern Fringe,Dhansiri & Brahmaputra,26.543533,93.497831,74.0,0.57,14.03,Marshy organic loam,National Park Grassland,185.9,295.2,403.7,1.35,219,1,1
Nalbari,Barkhetri / Paschim Nalbari,Pagladiya & Puthimari,26.437871,91.346623,48.0,0.58,12.07,Clayey loam,Paddy Cropland,174.7,347.1,459.2,0.72,499,1,1
Karbi Anglong,Diphu / Phuloni / Bokajan,Upper Dhansiri Plateau,26.230676,93.558353,217.7,16.44,5.81,Skeletal rocky soil,Mixed Deciduous Forest,60.5,178.7,233.8,17.83,12898,0,0
Nalbari,Barkhetri / Paschim Nalbari,Pagladiya & Puthimari,26.410804,91.45495,50.5,0.33,13.84,Alluvial silt loam,Rural Settlement,160.9,429.2,580.7,0.46,183,1,1
Barpeta,Sarthebari / Baghbor / Chenga,Beki & Manas,26.328905,91.006724,41.6,0.22,15.48,Sand bar alluvium,Paddy Cropland,195.1,466.4,519.3,1.33,44,1,1
Baksa,Tamulpur North / Nagrijuli Foothill,Bhutan Piedmont Fan,26.831658,91.394934,105.3,6.08,7.41,Coarse boulder-sand,Foothill Plantation,118.9,234.4,280.3,8.96,9415,0,0
Cachar,Silchar Sadar / Katigorah / Sonai,Barak River Basin,24.780873,92.82623,29.4,0.66,15.13,Heavy alluvial clay,Paddy Cropland,195.1,520.7,568.0,1.08,412,1,1
Karbi Anglong,Diphu / Phuloni / Bokajan,Upper Dhansiri Plateau,26.368777,93.342625,382.0,14.09,4.26,Lateritic gravelly clay,Dense Tropical Forest,49.4,132.9,223.0,25.11,24281,0,0
Goalpara,Matia / Balijana High Ridges,Southern Granite Inselberg,26.145472,90.59946,146.2,17.71,4.34,Gravelly red loam,High Settlement,89.4,209.1,271.8,15.56,5541,0,0
Morigaon,Mayong / Laharighat / Bhuragaon,Brahmaputra & Kopili,26.337064,92.061127,52.7,0.64,13.02,Organic silty clay,Paddy Cropland,191.8,364.9,448.8,0.39,398,1,1
Nagaon,Kampur / Kaliabor / Samaguri,Kopili & Kolong,26.159398,93.020955,65.3,0.76,11.57,Silty alluvium,Rural Settlement,187.3,397.0,482.7,1.3,823,1,1
Cachar,Silchar Sadar / Katigorah / Sonai,Barak River Basin,24.79495,92.909781,32.7,0.42,14.12,Hydromorphic depression silt,Dense Settlement,237.5,555.6,604.4,0.64,369,1,1
Kamrup Metropolitan,Dispur / Chandrapur / Sonapur Hills,Southern Highland Divide,26.140327,91.763066,196.1,12.01,4.91,Red gravelly loam,Highland Residential Built-up,79.9,204.1,237.0,13.46,9581,0,0
Baksa,Tamulpur North / Nagrijuli Foothill,Bhutan Piedmont Fan,26.774793,91.379771,105.4,7.34,7.71,Coarse boulder-sand,Deciduous Forest,114.7,250.0,288.2,9.0,11280,0,0
Karbi Anglong,Diphu / Phuloni / Bokajan,Upper Dhansiri Plateau,26.259761,93.387726,331.5,7.99,5.54,Lateritic gravelly clay,Hilly Homestead,48.3,157.8,190.6,11.02,20837,0,0
Baksa,Tamulpur North / Nagrijuli Foothill,Bhutan Piedmont Fan,26.845709,91.538444,137.9,4.79,5.01,Coarse boulder-sand,Deciduous Forest,127.2,233.0,320.8,16.44,15393,0,0
Morigaon,Mayong / Laharighat / Bhuragaon,Brahmaputra & Kopili,26.416926,92.396423,61.8,0.27,15.14,Clayey alluvium,Wetland / Marshland,171.6,438.1,480.1,0.4,298,1,1
Lakhimpur,Kadam / Narayanpur / Bihpuria,Ranganadi & Dikrong,27.100164,94.250661,91.9,0.87,15.21,Riverine silt loam,Alluvial Lowland,149.5,346.6,468.6,1.17,303,1,1
Karbi Anglong,Diphu / Phuloni / Bokajan,Upper Dhansiri Plateau,26.176452,93.688052,187.8,18.42,6.65,Lateritic gravelly clay,Hilly Homestead,86.0,103.8,149.7,24.28,17850,0,0
Lakhimpur,Kadam / Narayanpur / Bihpuria,Ranganadi & Dikrong,27.279632,94.175919,87.1,0.58,11.52,Riverine silt loam,Alluvial Lowland,194.9,378.9,537.4,0.49,545,1,1
Kamrup Metropolitan,Dispur / Chandrapur / Sonapur Hills,Southern Highland Divide,26.189583,91.730876,201.9,20.13,6.68,Ferruginous weathered rock,Reserved Forest Upland,102.0,216.5,261.7,11.49,13810,0,0
Dhemaji,Jonai / Dhemaji Sadar,Jiadhal & Subansiri,27.454911,94.664696,99.0,0.44,12.42,Silty clay loam,Wetland / Beel,142.6,327.5,458.1,1.92,92,1,1
Cachar,Silchar Sadar / Katigorah / Sonai,Barak River Basin,24.824255,92.662106,29.2,0.31,14.41,Heavy alluvial clay,Depression Wetland (Beel),243.5,411.7,542.6,1.34,362,1,1
Golaghat,Bokakhat / Kaziranga Northern Fringe,Dhansiri & Brahmaputra,26.583108,93.471663,70.6,0.61,11.25,Marshy organic loam,Wetland,188.7,335.6,457.9,0.32,304,1,1
Karbi Anglong,Diphu / Phuloni / Bokajan,Upper Dhansiri Plateau,25.846026,93.586429,469.2,14.75,7.3,Skeletal rocky soil,Mixed Deciduous Forest,56.2,164.7,187.0,13.34,6155,0,0
Morigaon,Mayong / Laharighat / Bhuragaon,Brahmaputra & Kopili,26.381249,92.436722,51.6,0.66,11.54,Organic silty clay,Paddy Cropland,150.1,391.7,432.0,1.78,338,1,1
Goalpara,Matia / Balijana High Ridges,Southern Granite Inselberg,26.089863,90.749191,176.8,11.85,6.12,Laterite outcrop,High Settlement,57.5,130.8,289.0,12.71,4633,0,0
Majuli,Kamalabari / Garmur,Brahmaputra Mainstem,27.08361,94.290043,83.6,0.36,14.69,Active alluvial deposits,Wetland,192.0,315.2,449.3,0.86,313,1,1
Morigaon,Mayong / Laharighat / Bhuragaon,Brahmaputra & Kopili,26.311348,92.187198,51.8,0.55,14.03,Organic silty clay,Paddy Cropland,198.0,337.8,526.9,0.53,506,1,1
Golaghat,Bokakhat / Kaziranga Northern Fringe,Dhansiri & Brahmaputra,26.546363,93.339209,65.6,0.39,11.9,Alluvial silt loam,Wetland,207.7,350.4,419.8,0.89,371,1,1
Dhemaji,Jonai / Dhemaji Sadar,Jiadhal & Subansiri,27.824832,94.632714,99.8,1.05,11.64,Silty clay loam,Low-lying Rural Settlement,188.0,305.7,577.3,1.77,258,1,1
Baksa,Tamulpur North / Nagrijuli Foothill,Bhutan Piedmont Fan,26.772006,91.636391,102.9,7.66,6.74,Bhabar gravelly loam,Tea Estate,123.8,156.6,333.6,15.85,12701,0,0
Jorhat,Teok / Titabar / Mariani,Bhogdoi Highland Terrace,26.600893,94.408048,132.4,2.47,5.83,Old alluvial terrace soil,Elevated Homestead,79.2,172.6,195.2,11.75,16566,0,0
Tinsukia,Digboi / Margherita / Ledo,Dehing Foothill Basin,27.307249,95.78,212.0,12.62,6.35,Laterite,Highland Industrial / Township,109.7,143.2,244.8,10.23,17764,0,0
Nalbari,Barkhetri / Paschim Nalbari,Pagladiya & Puthimari,26.294716,91.301145,47.1,0.79,13.08,Clayey loam,Paddy Cropland,152.1,333.9,486.7,0.56,600,1,1
Tinsukia,Digboi / Margherita / Ledo,Dehing Foothill Basin,27.303256,95.648125,177.4,10.42,7.67,Laterite,Evergreen Forest Scarp,90.0,223.3,334.0,7.63,19175,0,0
Morigaon,Mayong / Laharighat / Bhuragaon,Brahmaputra & Kopili,26.266452,92.288383,55.1,0.26,15.09,Clayey alluvium,Wetland / Marshland,198.1,323.9,487.2,1.04,391,1,1
Sonitpur,Tezpur High Terraces / Dhekiajuli North,Jia Bharali High Bank,26.643258,92.655053,114.0,4.19,7.3,Sandy loam,High Alluvial Orchard,61.5,234.5,226.0,11.18,12712,0,0
Kamrup Metropolitan,Dispur / Chandrapur / Sonapur Hills,Southern Highland Divide,26.153898,91.77076,229.9,9.93,7.67,Ferruginous weathered rock,Reserved Forest Upland,79.4,209.1,302.6,5.12,14247,0,0
Majuli,Kamalabari / Garmur,Brahmaputra Mainstem,26.897648,94.216404,84.1,0.24,16.75,Coarse river sand and silt,Paddy Cropland,152.6,355.4,424.1,1.41,347,1,1
Goalpara,Matia / Balijana High Ridges,Southern Granite Inselberg,26.105534,90.720016,188.4,9.84,5.25,Gravelly red loam,Rubber Plantation,102.7,177.9,192.6,16.01,14833,0,0
Jorhat,Teok / Titabar / Mariani,Bhogdoi Highland Terrace,26.788006,94.358,113.2,4.79,7.57,Old alluvial terrace soil,Commercial Tea Plantation,105.6,122.3,187.0,9.77,7348,0,0
Jorhat,Teok / Titabar / Mariani,Bhogdoi Highland Terrace,26.833759,94.252249,119.4,4.85,6.65,Deep red acidic loam,Elevated Homestead,76.2,204.6,280.7,9.63,7572,0,0
Golaghat,Bokakhat / Kaziranga Northern Fringe,Dhansiri & Brahmaputra,26.526497,93.41484,65.3,0.47,13.64,Marshy organic loam,Paddy Fringe,151.9,332.9,547.7,1.03,652,1,1
Dima Hasao,Haflong / Mahur / Umrangso,Diyung & Kopili Upper Gorge,25.359386,93.073628,540.7,18.43,4.96,Red and yellow forest soil,Sub-Tropical Montane Forest,59.2,129.2,252.5,11.82,10901,0,0
Karbi Anglong,Diphu / Phuloni / Bokajan,Upper Dhansiri Plateau,26.284007,93.437483,304.7,15.17,6.28,Skeletal rocky soil,Hilly Homestead,66.8,133.7,210.9,19.45,18252,0,0
Cachar,Silchar Sadar / Katigorah / Sonai,Barak River Basin,24.738566,92.65289,34.2,0.52,15.05,Hydromorphic depression silt,Paddy Cropland,252.7,425.0,660.8,0.91,197,1,1
Majuli,Kamalabari / Garmur,Brahmaputra Mainstem,26.906214,94.294494,79.9,0.13,16.34,Coarse river sand and silt,Paddy Cropland,132.0,299.6,441.4,1.05,87,1,1
Dhemaji,Jonai / Dhemaji Sadar,Jiadhal & Subansiri,27.587475,95.072743,106.9,0.32,14.64,Silty clay loam,Wetland / Beel,140.5,335.7,538.1,1.91,622,1,1
Tinsukia,Digboi / Margherita / Ledo,Dehing Foothill Basin,27.365859,95.832427,192.8,8.16,7.06,Laterite,Highland Industrial / Township,76.3,156.7,295.3,15.45,11892,0,0
Nalbari,Barkhetri / Paschim Nalbari,Pagladiya & Puthimari,26.300809,91.436559,50.3,0.6,12.81,Clayey loam,Paddy Cropland,211.9,435.2,547.9,0.63,534,1,1
Dima Hasao,Haflong / Mahur / Umrangso,Diyung & Kopili Upper Gorge,25.318877,92.812543,566.0,12.48,6.13,Gravelly skeletal clay,Hilly Terrain,61.5,133.8,214.3,9.47,14006,0,0
Nagaon,Kampur / Kaliabor / Samaguri,Kopili & Kolong,26.058978,92.671572,65.2,0.43,12.76,Alluvial clay loam,Lowland Marsh,139.5,316.2,428.8,2.7,571,1,1
Kamrup Metropolitan,Dispur / Chandrapur / Sonapur Hills,Southern Highland Divide,26.182193,91.936217,142.2,7.86,7.25,Ferruginous weathered rock,Reserved Forest Upland,100.6,223.2,207.7,10.22,11378,0,0
Jorhat,Teok / Titabar / Mariani,Bhogdoi Highland Terrace,26.758029,94.218241,119.9,2.58,7.95,Deep red acidic loam,Elevated Homestead,94.7,129.4,284.6,14.48,17550,0,0
Dhemaji,Jonai / Dhemaji Sadar,Jiadhal & Subansiri,27.612715,94.493277,93.9,0.66,11.64,Silty clay loam,Low-lying Rural Settlement,184.3,334.7,579.4,1.3,261,1,1
Dhubri,Bilasipara / Golakganj / Dhubri Sadar,Brahmaputra & Gangadhar,26.14544,90.217824,37.2,0.46,12.32,Fine riverine sand,Paddy Cropland,144.3,274.1,406.1,0.51,67,1,1
Cachar,Silchar Sadar / Katigorah / Sonai,Barak River Basin,24.769712,92.770927,25.2,0.57,15.93,Heavy alluvial clay,Paddy Cropland,263.9,543.8,553.9,0.64,227,1,1
Barpeta,Sarthebari / Baghbor / Chenga,Beki & Manas,26.37595,90.916252,50.2,0.49,11.89,Fine alluvial silt,Char Land,162.8,373.7,529.1,1.45,328,1,1
Nalbari,Barkhetri / Paschim Nalbari,Pagladiya & Puthimari,26.315293,91.547102,50.5,0.68,13.17,Clayey loam,Paddy Cropland,229.8,337.7,543.4,2.02,118,1,1
Sonitpur,Tezpur High Terraces / Dhekiajuli North,Jia Bharali High Bank,26.798831,92.743784,101.0,4.54,7.68,Sandy loam,Urban Cantonment,80.8,169.9,204.8,13.73,13562,0,0
Baksa,Tamulpur North / Nagrijuli Foothill,Bhutan Piedmont Fan,26.893905,91.738312,121.4,8.96,6.1,Coarse boulder-sand,Foothill Plantation,77.7,180.7,327.6,17.05,8047,0,0
Majuli,Kamalabari / Garmur,Brahmaputra Mainstem,27.088237,94.274646,84.4,0.23,14.32,Coarse river sand and silt,Riparian Grassland,140.7,376.7,418.7,0.5,117,1,1
Dhemaji,Jonai / Dhemaji Sadar,Jiadhal & Subansiri,27.559442,95.071601,89.1,1.04,14.28,Recent riverine alluvium,Low-lying Rural Settlement,156.9,412.6,559.0,0.83,443,1,1
Karbi Anglong,Diphu / Phuloni / Bokajan,Upper Dhansiri Plateau,26.017696,93.251966,378.3,16.45,5.11,Lateritic gravelly clay,Dense Tropical Forest,46.3,149.5,161.5,10.01,12252,0,0
Dhemaji,Jonai / Dhemaji Sadar,Jiadhal & Subansiri,27.46232,94.790018,94.8,1.08,11.67,Alluvial sandy silt,Wetland / Beel,173.8,326.2,452.5,2.05,315,1,1
Dhemaji,Jonai / Dhemaji Sadar,Jiadhal & Subansiri,27.694954,94.499258,93.5,0.5,13.96,Silty clay loam,Paddy Cropland,173.8,293.9,447.2,1.21,65,1,1
Nagaon,Kampur / Kaliabor / Samaguri,Kopili & Kolong,26.063025,92.823644,69.8,0.92,11.95,Alluvial clay loam,Lowland Marsh,171.8,376.5,401.9,0.91,556,1,1
Dhemaji,Jonai / Dhemaji Sadar,Jiadhal & Subansiri,27.600179,95.055587,98.9,0.84,11.54,Alluvial sandy silt,Low-lying Rural Settlement,178.9,340.6,523.7,1.8,484,1,1
Majuli,Kamalabari / Garmur,Brahmaputra Mainstem,26.918872,94.358463,79.8,0.57,14.49,Active alluvial deposits,Char / River Island Sandbar,138.7,374.8,415.7,0.98,288,1,1
Dhubri,Bilasipara / Golakganj / Dhubri Sadar,Brahmaputra & Gangadhar,26.167597,90.159966,42.0,0.45,15.06,Hydromorphic alluvial silt,Char Settlement,163.0,381.0,417.4,0.66,400,1,1
Dima Hasao,Haflong / Mahur / Umrangso,Diyung & Kopili Upper Gorge,25.326771,93.153643,813.3,13.97,3.74,Red and yellow forest soil,Settlement on Ridge,75.0,177.5,202.5,28.12,24443,0,0
Baksa,Tamulpur North / Nagrijuli Foothill,Bhutan Piedmont Fan,26.728194,91.685191,111.6,6.76,6.01,Bhabar gravelly loam,Foothill Plantation,119.3,174.7,234.4,17.97,11239,0,0
Jorhat,Teok / Titabar / Mariani,Bhogdoi Highland Terrace,26.817007,94.194455,130.4,2.2,7.71,Deep red acidic loam,Agroforestry,100.4,118.5,202.4,18.83,6391,0,0
Dhubri,Bilasipara / Golakganj / Dhubri Sadar,Brahmaputra & Gangadhar,26.071446,90.442591,40.2,0.6,13.88,Fine riverine sand,Char Settlement,203.9,300.4,492.8,0.45,450,1,1
Goalpara,Matia / Balijana High Ridges,Southern Granite Inselberg,26.10055,90.581331,128.0,7.91,4.59,Gravelly red loam,Mixed Scrub and Rocky Outcrop,89.9,210.9,271.0,11.73,12202,0,0
Barpeta,Sarthebari / Baghbor / Chenga,Beki & Manas,26.191873,91.096432,43.7,0.63,15.39,Sand bar alluvium,Permanent Wetland,172.1,434.9,586.7,0.8,78,1,1
Dima Hasao,Haflong / Mahur / Umrangso,Diyung & Kopili Upper Gorge,25.129225,93.245445,531.4,13.47,3.6,Red and yellow forest soil,Sub-Tropical Montane Forest,81.4,173.1,288.7,17.72,29407,0,0
Dhubri,Bilasipara / Golakganj / Dhubri Sadar,Brahmaputra & Gangadhar,26.117593,90.363247,39.4,0.2,15.95,Fine riverine sand,Paddy Cropland,166.3,327.4,480.2,0.21,535,1,1
Tinsukia,Digboi / Margherita / Ledo,Dehing Foothill Basin,27.308989,95.636914,197.7,14.27,7.18,Sandy clay red loam,Tea Estate,66.6,158.4,219.5,14.72,12939,0,0
Dima Hasao,Haflong / Mahur / Umrangso,Diyung & Kopili Upper Gorge,25.196867,93.100537,697.4,31.64,5.48,Gravelly skeletal clay,Settlement on Ridge,92.0,151.9,191.1,20.27,24940,0,0
Nagaon,Kampur / Kaliabor / Samaguri,Kopili & Kolong,26.246936,93.142681,70.4,1.0,12.11,Silty alluvium,Rural Settlement,195.0,298.0,484.1,1.42,850,1,1
Baksa,Tamulpur North / Nagrijuli Foothill,Bhutan Piedmont Fan,26.781603,91.575315,144.6,3.03,7.7,Bhabar gravelly loam,Tea Estate,112.0,165.4,284.0,8.93,13822,0,0
Lakhimpur,Kadam / Narayanpur / Bihpuria,Ranganadi & Dikrong,27.328321,94.148112,96.1,0.32,14.42,Riverine silt loam,Rural Homestead,151.8,356.1,462.8,1.27,276,1,1
Sonitpur,Tezpur High Terraces / Dhekiajuli North,Jia Bharali High Bank,26.643534,92.768754,108.5,6.33,6.29,Sandy loam,Urban Cantonment,73.6,130.3,222.5,6.38,13225,0,0
Jorhat,Teok / Titabar / Mariani,Bhogdoi Highland Terrace,26.732255,94.363309,114.7,3.65,7.75,Old alluvial terrace soil,Elevated Homestead,75.0,130.0,206.6,10.22,17052,0,0
Barpeta,Sarthebari / Baghbor / Chenga,Beki & Manas,26.16108,90.989114,48.7,0.23,14.98,Clayey hydromorphic loam,Permanent Wetland,205.9,453.2,611.9,0.42,546,1,1
Karbi Anglong,Diphu / Phuloni / Bokajan,Upper Dhansiri Plateau,26.32424,93.448458,180.3,14.63,7.19,Lateritic gravelly clay,Mixed Deciduous Forest,43.3,173.0,172.8,11.52,18279,0,0
Kamrup Metropolitan,Dispur / Chandrapur / Sonapur Hills,Southern Highland Divide,26.164631,91.744517,202.5,15.99,7.01,Red gravelly loam,Highland Residential Built-up,97.5,158.7,303.8,7.62,9241,0,0
Majuli,Kamalabari / Garmur,Brahmaputra Mainstem,27.035991,94.311156,79.1,0.24,15.98,Coarse river sand and silt,Wetland,168.1,368.7,382.5,0.4,92,1,1
Majuli,Kamalabari / Garmur,Brahmaputra Mainstem,27.017313,94.253976,78.2,0.54,14.62,Active alluvial deposits,Wetland,181.3,342.2,418.7,0.2,55,1,1
Morigaon,Mayong / Laharighat / Bhuragaon,Brahmaputra & Kopili,26.295289,92.235319,58.0,0.41,14.59,Riverine silt,Paddy Cropland,209.7,373.2,434.0,0.55,418,1,1
Karbi Anglong,Diphu / Phuloni / Bokajan,Upper Dhansiri Plateau,26.379522,93.663341,243.8,21.21,5.21,Red loamy soil,Dense Tropical Forest,44.9,152.9,239.7,21.95,24975,0,0
Dima Hasao,Haflong / Mahur / Umrangso,Diyung & Kopili Upper Gorge,25.077962,92.857391,809.6,20.84,4.49,Gravelly skeletal clay,Sub-Tropical Montane Forest,95.7,165.9,208.3,18.3,8299,0,0
Dhemaji,Jonai / Dhemaji Sadar,Jiadhal & Subansiri,27.771132,94.834433,94.1,1.02,11.57,Alluvial sandy silt,Riparian Grassland,166.3,402.4,574.4,0.76,434,1,1
Nalbari,Barkhetri / Paschim Nalbari,Pagladiya & Puthimari,26.314384,91.518649,57.4,0.87,12.0,Alluvial silt loam,Paddy Cropland,223.7,445.5,475.3,1.53,659,1,1
Goalpara,Matia / Balijana High Ridges,Southern Granite Inselberg,26.074089,90.617543,180.7,13.78,6.59,Laterite outcrop,Mixed Scrub and Rocky Outcrop,106.4,153.4,260.1,13.88,13116,0,0
Barpeta,Sarthebari / Baghbor / Chenga,Beki & Manas,26.288719,91.147143,45.2,0.72,15.76,Clayey hydromorphic loam,Paddy Cropland,242.0,471.2,502.6,1.58,100,1,1
Karbi Anglong,Diphu / Phuloni / Bokajan,Upper Dhansiri Plateau,25.802473,93.682215,269.3,16.78,5.84,Skeletal rocky soil,Rubber / Coffee Plantation,58.8,172.6,237.2,10.64,5642,0,0
Sonitpur,Tezpur High Terraces / Dhekiajuli North,Jia Bharali High Bank,26.713503,92.452229,112.6,6.28,7.82,Sandy loam,High Alluvial Orchard,80.9,208.0,262.0,13.45,13920,0,0
Kamrup Metropolitan,Dispur / Chandrapur / Sonapur Hills,Southern Highland Divide,26.203701,91.877305,133.3,11.27,4.99,Ferruginous weathered rock,Highland Residential Built-up,114.1,146.0,215.9,10.01,11150,0,0
Tinsukia,Digboi / Margherita / Ledo,Dehing Foothill Basin,27.3897,95.736189,146.0,7.68,6.86,Laterite,Tea Estate,127.6,191.5,304.0,11.15,19726,0,0
Cachar,Silchar Sadar / Katigorah / Sonai,Barak River Basin,24.743899,92.828377,26.4,0.27,13.13,Heavy alluvial clay,Urban Built-up / Commercial,278.5,501.6,703.8,1.53,294,1,1
Majuli,Kamalabari / Garmur,Brahmaputra Mainstem,27.006334,94.263188,81.4,0.28,13.74,Coarse river sand and silt,Paddy Cropland,191.3,318.4,409.5,0.29,62,1,1
Dhemaji,Jonai / Dhemaji Sadar,Jiadhal & Subansiri,27.583563,95.179548,93.9,0.83,12.52,Silty clay loam,Paddy Cropland,216.8,302.9,539.7,1.45,208,1,1
Baksa,Tamulpur North / Nagrijuli Foothill,Bhutan Piedmont Fan,26.76454,91.517953,99.3,8.81,6.13,Coarse boulder-sand,Foothill Plantation,78.7,216.4,309.2,9.39,9633,0,0
Cachar,Silchar Sadar / Katigorah / Sonai,Barak River Basin,24.927749,92.904453,24.0,0.19,12.92,Hydromorphic depression silt,Paddy Cropland,200.5,505.9,589.7,0.98,412,1,1
Baksa,Tamulpur North / Nagrijuli Foothill,Bhutan Piedmont Fan,26.838157,91.556762,159.2,4.6,7.57,Coarse boulder-sand,Tea Estate,113.0,213.7,350.8,5.93,14872,0,0
Lakhimpur,Kadam / Narayanpur / Bihpuria,Ranganadi & Dikrong,27.058157,93.918617,86.1,0.46,10.84,Clayey loam,Alluvial Lowland,140.3,339.2,424.5,1.53,560,1,1
Lakhimpur,Kadam / Narayanpur / Bihpuria,Ranganadi & Dikrong,27.238438,94.045979,91.5,0.95,12.29,Alluvial fine sand,Rural Homestead,195.1,357.1,514.3,1.93,573,1,1
Barpeta,Sarthebari / Baghbor / Chenga,Beki & Manas,26.276298,91.075347,50.6,0.58,14.68,Fine alluvial silt,Paddy Cropland,215.3,406.0,602.8,1.2,117,1,1
Morigaon,Mayong / Laharighat / Bhuragaon,Brahmaputra & Kopili,26.252047,92.034993,57.9,0.48,12.41,Organic silty clay,Wetland / Marshland,203.0,378.3,576.0,1.91,544,1,1
Cachar,Silchar Sadar / Katigorah / Sonai,Barak River Basin,24.851326,92.805827,30.5,0.62,15.81,Hydromorphic depression silt,Urban Built-up / Commercial,223.5,474.5,572.3,0.81,428,1,1
Jorhat,Teok / Titabar / Mariani,Bhogdoi Highland Terrace,26.613681,94.314765,135.0,3.12,6.66,Deep red acidic loam,Agroforestry,56.8,127.6,221.4,8.71,12733,0,0
Morigaon,Mayong / Laharighat / Bhuragaon,Brahmaputra & Kopili,26.267478,92.108167,55.1,0.2,12.18,Clayey alluvium,Rural Floodplain Settlement,167.1,350.3,538.7,0.86,313,1,1
Kamrup Metropolitan,Dispur / Chandrapur / Sonapur Hills,Southern Highland Divide,26.094273,91.896375,256.6,12.65,8.14,Red gravelly loam,Reserved Forest Upland,81.3,177.4,312.9,5.85,9427,0,0
Kamrup Metropolitan,Dispur / Chandrapur / Sonapur Hills,Southern Highland Divide,26.209228,91.932277,273.3,14.73,7.81,Ferruginous weathered rock,Highland Residential Built-up,63.4,130.6,249.8,7.93,4732,0,0
Nalbari,Barkhetri / Paschim Nalbari,Pagladiya & Puthimari,26.353018,91.307819,53.2,0.32,13.93,Clayey loam,Paddy Cropland,192.4,417.4,599.9,2.35,124,1,1
Karbi Anglong,Diphu / Phuloni / Bokajan,Upper Dhansiri Plateau,25.951626,93.427053,277.3,13.07,7.18,Red loamy soil,Dense Tropical Forest,53.2,143.7,168.4,17.19,14592,0,0
Nagaon,Kampur / Kaliabor / Samaguri,Kopili & Kolong,26.176292,93.127723,64.3,0.31,13.71,Alluvial clay loam,Rural Settlement,166.9,384.8,454.7,1.73,226,1,1
Dima Hasao,Haflong / Mahur / Umrangso,Diyung & Kopili Upper Gorge,25.295914,93.185561,602.3,14.56,6.13,Gravelly skeletal clay,Settlement on Ridge,65.1,154.6,185.0,25.89,11781,0,0
Baksa,Tamulpur North / Nagrijuli Foothill,Bhutan Piedmont Fan,26.820945,91.509023,156.2,8.99,5.24,Bhabar gravelly loam,Deciduous Forest,117.7,188.9,304.1,7.4,14319,0,0
Sonitpur,Tezpur High Terraces / Dhekiajuli North,Jia Bharali High Bank,26.78361,92.78595,107.4,4.95,7.8,Piedmont coarse alluvium,Urban Cantonment,102.4,149.6,311.3,13.41,11478,0,0
Golaghat,Bokakhat / Kaziranga Northern Fringe,Dhansiri & Brahmaputra,26.592742,93.342767,69.4,0.44,15.15,Alluvial silt loam,National Park Grassland,197.3,344.8,404.0,0.6,481,1,1
Lakhimpur,Kadam / Narayanpur / Bihpuria,Ranganadi & Dikrong,27.150845,93.868804,87.9,0.43,13.89,Riverine silt loam,Rural Homestead,167.0,342.1,508.8,2.27,403,1,1
Barpeta,Sarthebari / Baghbor / Chenga,Beki & Manas,26.412329,90.781608,51.6,0.48,12.64,Sand bar alluvium,Char Land,218.1,467.2,591.1,1.57,427,1,1
Karbi Anglong,Diphu / Phuloni / Bokajan,Upper Dhansiri Plateau,26.153892,93.201692,240.0,11.85,6.27,Red loamy soil,Mixed Deciduous Forest,68.4,177.3,239.7,22.79,21786,0,0
Nagaon,Kampur / Kaliabor / Samaguri,Kopili & Kolong,26.206999,93.095719,65.4,0.99,10.43,Alluvial clay loam,Rural Settlement,175.2,372.8,535.7,2.34,583,1,1
Lakhimpur,Kadam / Narayanpur / Bihpuria,Ranganadi & Dikrong,27.10382,94.014845,90.9,0.51,12.01,Clayey loam,Rural Homestead,156.7,345.8,411.2,1.07,776,1,1
Sonitpur,Tezpur High Terraces / Dhekiajuli North,Jia Bharali High Bank,26.796139,92.770596,103.3,3.33,5.2,Piedmont coarse alluvium,Tea Plantation,79.6,138.8,223.1,6.24,3991,0,0
Cachar,Silchar Sadar / Katigorah / Sonai,Barak River Basin,24.878022,92.887715,25.0,0.38,12.42,Hydromorphic depression silt,Urban Built-up / Commercial,247.1,425.7,564.1,0.57,248,1,1
Cachar,Silchar Sadar / Katigorah / Sonai,Barak River Basin,24.896417,92.695535,27.7,0.34,14.93,Heavy alluvial clay,Dense Settlement,214.7,447.4,667.9,1.48,362,1,1
Jorhat,Teok / Titabar / Mariani,Bhogdoi Highland Terrace,26.702213,94.251706,132.8,2.07,6.92,Old alluvial terrace soil,Elevated Homestead,80.5,115.3,202.7,7.72,13432,0,0
Kamrup Metropolitan,Dispur / Chandrapur / Sonapur Hills,Southern Highland Divide,26.12257,91.863658,210.2,13.63,6.29,Red gravelly loam,Reserved Forest Upland,108.3,149.6,274.7,8.67,13345,0,0
Majuli,Kamalabari / Garmur,Brahmaputra Mainstem,26.974309,94.253445,84.7,0.4,14.44,Active alluvial deposits,Riparian Grassland,182.1,304.2,467.6,1.47,275,1,1
Dima Hasao,Haflong / Mahur / Umrangso,Diyung & Kopili Upper Gorge,25.444007,93.11412,711.2,16.35,5.13,Red and yellow forest soil,Hilly Terrain,100.3,160.4,271.3,19.07,9956,0,0
Dima Hasao,Haflong / Mahur / Umrangso,Diyung & Kopili Upper Gorge,25.228404,93.16572,725.3,16.58,5.92,Gravelly skeletal clay,Sub-Tropical Montane Forest,87.4,200.7,256.5,14.71,22496,0,0
Karbi Anglong,Diphu / Phuloni / Bokajan,Upper Dhansiri Plateau,25.941484,93.43251,331.6,19.31,7.23,Lateritic gravelly clay,Hilly Homestead,42.6,148.6,155.0,12.56,19474,0,0
Dhubri,Bilasipara / Golakganj / Dhubri Sadar,Brahmaputra & Gangadhar,26.183398,90.373621,40.9,0.37,14.49,Hydromorphic alluvial silt,Char Settlement,165.9,287.1,487.9,1.13,426,1,1
Morigaon,Mayong / Laharighat / Bhuragaon,Brahmaputra & Kopili,26.20162,92.205853,58.7,0.25,12.23,Clayey alluvium,Paddy Cropland,166.1,307.0,560.1,1.79,518,1,1
Golaghat,Bokakhat / Kaziranga Northern Fringe,Dhansiri & Brahmaputra,26.599907,93.350884,69.0,0.49,11.02,Marshy organic loam,Paddy Fringe,170.5,317.7,541.6,1.97,460,1,1
Tinsukia,Digboi / Margherita / Ledo,Dehing Foothill Basin,27.484767,95.857497,192.5,8.69,4.98,Sandy clay red loam,Highland Industrial / Township,125.9,248.3,294.9,7.48,11321,0,0
Barpeta,Sarthebari / Baghbor / Chenga,Beki & Manas,26.431299,91.065321,50.8,0.66,11.72,Sand bar alluvium,Permanent Wetland,170.6,468.6,555.0,0.2,528,1,1
Lakhimpur,Kadam / Narayanpur / Bihpuria,Ranganadi & Dikrong,27.156211,94.239009,90.2,0.29,13.22,Clayey loam,Paddy Cropland,166.6,395.3,399.1,1.35,369,1,1
Morigaon,Mayong / Laharighat / Bhuragaon,Brahmaputra & Kopili,26.363714,92.399844,59.7,0.6,13.88,Riverine silt,Paddy Cropland,202.7,391.8,589.6,0.74,280,1,1
Karbi Anglong,Diphu / Phuloni / Bokajan,Upper Dhansiri Plateau,26.024764,93.555807,191.1,9.29,4.69,Lateritic gravelly clay,Hilly Homestead,75.4,93.8,226.7,23.21,5161,0,0
Morigaon,Mayong / Laharighat / Bhuragaon,Brahmaputra & Kopili,26.408074,92.25914,55.7,0.48,14.61,Riverine silt,Wetland / Marshland,198.5,362.4,574.7,1.34,391,1,1
Tinsukia,Digboi / Margherita / Ledo,Dehing Foothill Basin,27.486079,95.596213,219.6,11.41,7.76,Sandy clay red loam,Highland Industrial / Township,89.5,191.9,295.7,15.64,18911,0,0
Dhubri,Bilasipara / Golakganj / Dhubri Sadar,Brahmaputra & Gangadhar,26.111616,89.965779,40.9,0.34,12.43,Fine riverine sand,Char Settlement,174.7,340.6,463.5,1.11,348,1,1
Barpeta,Sarthebari / Baghbor / Chenga,Beki & Manas,26.461177,90.927894,49.4,0.26,11.91,Clayey hydromorphic loam,Permanent Wetland,207.2,401.2,484.5,0.77,87,1,1
Karbi Anglong,Diphu / Phuloni / Bokajan,Upper Dhansiri Plateau,26.013072,93.515183,349.7,22.26,7.01,Lateritic gravelly clay,Mixed Deciduous Forest,67.8,131.5,194.0,15.88,22193,0,0
Nalbari,Barkhetri / Paschim Nalbari,Pagladiya & Puthimari,26.517319,91.507154,46.6,0.59,11.44,Clayey loam,Paddy Cropland,215.4,352.4,484.9,1.38,505,1,1
Morigaon,Mayong / Laharighat / Bhuragaon,Brahmaputra & Kopili,26.410135,92.291276,53.9,0.66,15.54,Organic silty clay,Paddy Cropland,147.0,372.4,553.3,1.17,329,1,1
Majuli,Kamalabari / Garmur,Brahmaputra Mainstem,26.975574,94.319084,81.8,0.12,15.11,Active alluvial deposits,Riparian Grassland,185.6,299.8,396.2,0.62,403,1,1
Jorhat,Teok / Titabar / Mariani,Bhogdoi Highland Terrace,26.800291,94.348186,123.2,3.17,7.37,Deep red acidic loam,Agroforestry,77.0,198.9,285.0,9.66,10327,0,0
Dima Hasao,Haflong / Mahur / Umrangso,Diyung & Kopili Upper Gorge,25.261112,93.008213,369.5,13.82,5.63,Gravelly skeletal clay,Hilly Terrain,78.5,192.3,280.5,19.21,10309,0,0
Morigaon,Mayong / Laharighat / Bhuragaon,Brahmaputra & Kopili,26.193024,92.347107,56.7,0.49,12.09,Organic silty clay,Paddy Cropland,181.1,356.6,480.6,0.96,115,1,1
Lakhimpur,Kadam / Narayanpur / Bihpuria,Ranganadi & Dikrong,26.994483,94.203811,97.9,0.62,13.73,Alluvial fine sand,Alluvial Lowland,161.0,370.7,491.8,0.42,534,1,1
Golaghat,Bokakhat / Kaziranga Northern Fringe,Dhansiri & Brahmaputra,26.544729,93.37739,66.1,0.84,13.7,Alluvial silt loam,Wetland,203.7,295.2,419.7,0.33,306,1,1
Baksa,Tamulpur North / Nagrijuli Foothill,Bhutan Piedmont Fan,26.772,91.468117,123.9,7.72,6.91,Coarse boulder-sand,Foothill Plantation,119.5,166.3,260.4,8.26,8450,0,0
Baksa,Tamulpur North / Nagrijuli Foothill,Bhutan Piedmont Fan,26.828664,91.387833,158.4,7.98,5.0,Coarse boulder-sand,Deciduous Forest,90.0,198.0,357.8,6.54,14403,0,0
Barpeta,Sarthebari / Baghbor / Chenga,Beki & Manas,26.317181,91.001428,46.5,0.45,14.8,Fine alluvial silt,Char Land,167.1,351.9,636.6,1.76,119,1,1
Dhubri,Bilasipara / Golakganj / Dhubri Sadar,Brahmaputra & Gangadhar,26.261226,90.162556,36.5,0.46,12.73,Fine riverine sand,Riparian Wetland,207.9,300.7,455.1,0.22,486,1,1
Kamrup Metropolitan,Dispur / Chandrapur / Sonapur Hills,Southern Highland Divide,26.199481,91.926704,275.9,20.42,6.16,Red gravelly loam,Rocky Outcrop / Hill Scrub,89.0,182.4,313.8,13.6,5419,0,0
Nagaon,Kampur / Kaliabor / Samaguri,Kopili & Kolong,26.396947,93.131558,59.2,0.76,12.85,Alluvial clay loam,Rural Settlement,161.0,351.5,524.0,1.47,144,1,1
Cachar,Silchar Sadar / Katigorah / Sonai,Barak River Basin,24.890588,93.034164,24.9,0.48,16.03,Hydromorphic depression silt,Urban Built-up / Commercial,236.2,391.8,619.9,1.46,266,1,1
Goalpara,Matia / Balijana High Ridges,Southern Granite Inselberg,26.077685,90.570428,113.8,17.83,6.22,Laterite outcrop,Rubber Plantation,86.4,122.0,258.8,16.78,4180,0,0
Majuli,Kamalabari / Garmur,Brahmaputra Mainstem,27.085475,94.346024,84.6,0.36,12.42,Coarse river sand and silt,Paddy Cropland,158.4,372.3,380.9,0.64,217,1,1
Baksa,Tamulpur North / Nagrijuli Foothill,Bhutan Piedmont Fan,26.860812,91.452143,143.6,3.14,4.99,Coarse boulder-sand,Tea Estate,122.4,237.8,336.4,6.25,15875,0,0
Golaghat,Bokakhat / Kaziranga Northern Fringe,Dhansiri & Brahmaputra,26.604738,93.627711,69.7,0.76,11.81,Alluvial silt loam,Paddy Fringe,175.8,393.4,524.0,1.46,274,1,1
Tinsukia,Digboi / Margherita / Ledo,Dehing Foothill Basin,27.380358,95.636814,181.1,10.63,6.84,Laterite,Highland Industrial / Township,122.1,232.5,323.8,17.02,12353,0,0
Baksa,Tamulpur North / Nagrijuli Foothill,Bhutan Piedmont Fan,26.881884,91.617467,118.7,8.55,7.2,Bhabar gravelly loam,Tea Estate,89.9,218.8,347.3,8.81,7852,0,0
Sonitpur,Tezpur High Terraces / Dhekiajuli North,Jia Bharali High Bank,26.62801,92.833405,101.9,3.32,7.45,Piedmont coarse alluvium,High Alluvial Orchard,82.5,210.6,281.8,8.45,11876,0,0
Goalpara,Matia / Balijana High Ridges,Southern Granite Inselberg,26.074047,90.672002,135.3,9.6,4.15,Laterite outcrop,High Settlement,114.2,132.5,261.4,7.5,8166,0,0
Tinsukia,Digboi / Margherita / Ledo,Dehing Foothill Basin,27.33504,95.814424,231.5,7.98,5.49,Sandy clay red loam,Tea Estate,120.0,223.1,278.5,14.52,16870,0,0
Barpeta,Sarthebari / Baghbor / Chenga,Beki & Manas,26.21926,91.045045,48.6,0.72,14.37,Clayey hydromorphic loam,Char Land,171.8,371.0,515.2,0.29,218,1,1
Kamrup Metropolitan,Dispur / Chandrapur / Sonapur Hills,Southern Highland Divide,26.1321,91.86433,250.4,16.07,6.05,Red gravelly loam,Rocky Outcrop / Hill Scrub,82.7,226.4,222.2,7.61,9611,0,0
Dima Hasao,Haflong / Mahur / Umrangso,Diyung & Kopili Upper Gorge,25.43593,92.855394,417.9,22.69,5.89,Red and yellow forest soil,Settlement on Ridge,107.3,203.2,269.6,24.22,21455,0,0
Jorhat,Teok / Titabar / Mariani,Bhogdoi Highland Terrace,26.80843,94.373697,133.9,2.13,8.12,Deep red acidic loam,Commercial Tea Plantation,107.2,158.8,275.9,11.8,14712,0,0
Goalpara,Matia / Balijana High Ridges,Southern Granite Inselberg,26.19103,90.693948,156.0,15.33,6.34,Gravelly red loam,Mixed Scrub and Rocky Outcrop,56.4,214.6,192.8,16.05,12721,0,0
Lakhimpur,Kadam / Narayanpur / Bihpuria,Ranganadi & Dikrong,26.989259,94.292117,91.0,0.93,11.86,Riverine silt loam,Rural Homestead,202.8,309.3,451.2,0.61,761,1,1
Majuli,Kamalabari / Garmur,Brahmaputra Mainstem,27.010914,94.156,78.6,0.43,13.47,Active alluvial deposits,Paddy Cropland,149.6,265.1,493.1,0.59,449,1,1
Goalpara,Matia / Balijana High Ridges,Southern Granite Inselberg,26.081011,90.642126,91.6,17.07,4.72,Gravelly red loam,Rubber Plantation,109.3,186.0,299.0,8.97,5536,0,0
Majuli,Kamalabari / Garmur,Brahmaputra Mainstem,27.105654,94.25093,81.4,0.49,13.14,Coarse river sand and silt,Char / River Island Sandbar,154.4,355.3,439.4,0.26,410,1,1
Cachar,Silchar Sadar / Katigorah / Sonai,Barak River Basin,24.790047,93.027333,28.8,0.69,13.85,Heavy alluvial clay,Urban Built-up / Commercial,269.0,534.9,533.7,1.46,436,1,1
Dhemaji,Jonai / Dhemaji Sadar,Jiadhal & Subansiri,27.525042,94.69944,96.8,0.79,11.92,Silty clay loam,Paddy Cropland,205.4,328.9,522.8,2.08,130,1,1
Nalbari,Barkhetri / Paschim Nalbari,Pagladiya & Puthimari,26.341085,91.380569,46.7,0.75,13.27,Alluvial silt loam,Wetland,214.7,368.0,561.0,0.86,99,1,1
Majuli,Kamalabari / Garmur,Brahmaputra Mainstem,26.962753,94.291871,83.0,0.49,15.53,Active alluvial deposits,Paddy Cropland,149.7,300.6,463.6,1.26,317,1,1
Dhubri,Bilasipara / Golakganj / Dhubri Sadar,Brahmaputra & Gangadhar,26.155409,90.087485,36.4,0.59,14.53,Hydromorphic alluvial silt,Riparian Wetland,159.7,281.6,413.7,0.35,390,1,1
Baksa,Tamulpur North / Nagrijuli Foothill,Bhutan Piedmont Fan,26.904031,91.413707,125.0,8.77,4.62,Bhabar gravelly loam,Foothill Plantation,126.4,259.5,340.7,6.38,9005,0,0
Kamrup Metropolitan,Dispur / Chandrapur / Sonapur Hills,Southern Highland Divide,26.125532,91.878442,257.3,15.06,6.0,Red gravelly loam,Rocky Outcrop / Hill Scrub,63.8,213.7,260.1,13.92,10994,0,0
Jorhat,Teok / Titabar / Mariani,Bhogdoi Highland Terrace,26.665667,94.449038,119.6,4.05,7.07,Deep red acidic loam,Elevated Homestead,82.7,204.9,187.5,9.17,12386,0,0
Morigaon,Mayong / Laharighat / Bhuragaon,Brahmaputra & Kopili,26.205671,92.255426,52.3,0.67,12.89,Organic silty clay,Wetland / Marshland,153.6,358.0,578.3,1.72,373,1,1
Dima Hasao,Haflong / Mahur / Umrangso,Diyung & Kopili Upper Gorge,25.157371,93.20894,450.0,12.32,3.59,Red and yellow forest soil,Hilly Terrain,95.8,116.3,294.6,10.61,26049,0,0
Karbi Anglong,Diphu / Phuloni / Bokajan,Upper Dhansiri Plateau,26.210982,93.429307,228.9,15.35,5.95,Lateritic gravelly clay,Mixed Deciduous Forest,78.2,131.0,143.9,9.45,15739,0,0
Karbi Anglong,Diphu / Phuloni / Bokajan,Upper Dhansiri Plateau,26.293866,93.640857,264.9,20.47,6.88,Skeletal rocky soil,Rubber / Coffee Plantation,61.9,106.0,255.8,25.04,5872,0,0
Majuli,Kamalabari / Garmur,Brahmaputra Mainstem,26.946886,94.366972,78.2,0.19,14.49,Coarse river sand and silt,Riparian Grassland,174.3,285.7,459.5,1.07,449,1,1
Sonitpur,Tezpur High Terraces / Dhekiajuli North,Jia Bharali High Bank,26.685363,92.814604,102.0,6.15,6.41,Sandy loam,High Alluvial Orchard,65.0,146.8,292.3,7.08,5892,0,0
Sonitpur,Tezpur High Terraces / Dhekiajuli North,Jia Bharali High Bank,26.758309,92.765952,100.6,5.06,5.84,Piedmont coarse alluvium,High Alluvial Orchard,107.0,156.3,256.1,11.84,5197,0,0
Kamrup Metropolitan,Dispur / Chandrapur / Sonapur Hills,Southern Highland Divide,26.081911,91.871109,123.6,19.45,6.09,Red gravelly loam,Rocky Outcrop / Hill Scrub,77.4,178.6,288.9,7.35,5253,0,0
Dhemaji,Jonai / Dhemaji Sadar,Jiadhal & Subansiri,27.610159,94.694181,107.9,0.69,14.33,Alluvial sandy silt,Wetland / Beel,172.7,331.7,427.8,0.52,296,1,1
Tinsukia,Digboi / Margherita / Ledo,Dehing Foothill Basin,27.340116,95.562348,216.2,9.14,6.0,Sandy clay red loam,Tea Estate,72.0,189.4,227.3,16.56,13347,0,0
Nalbari,Barkhetri / Paschim Nalbari,Pagladiya & Puthimari,26.354245,91.433803,47.8,0.67,13.04,Clayey loam,Rural Settlement,220.6,377.1,454.0,1.17,328,1,1
Majuli,Kamalabari / Garmur,Brahmaputra Mainstem,27.082663,94.083376,84.2,0.52,16.24,Coarse river sand and silt,Riparian Grassland,166.8,278.5,403.5,1.07,292,1,1
Goalpara,Matia / Balijana High Ridges,Southern Granite Inselberg,26.135109,90.501702,193.3,14.17,6.69,Laterite outcrop,High Settlement,64.0,151.6,211.9,13.86,12270,0,0
Dhemaji,Jonai / Dhemaji Sadar,Jiadhal & Subansiri,27.604203,94.76534,98.1,0.61,14.49,Recent riverine alluvium,Paddy Cropland,216.9,372.6,550.9,1.61,311,1,1
Cachar,Silchar Sadar / Katigorah / Sonai,Barak River Basin,24.753119,93.003955,31.2,0.68,12.85,Heavy alluvial clay,Paddy Cropland,273.8,508.2,724.7,1.05,215,1,1
Karbi Anglong,Diphu / Phuloni / Bokajan,Upper Dhansiri Plateau,26.377946,93.716627,470.2,16.97,6.89,Red loamy soil,Dense Tropical Forest,67.7,124.3,257.3,20.77,6777,0,0
Lakhimpur,Kadam / Narayanpur / Bihpuria,Ranganadi & Dikrong,27.092615,94.096312,83.6,0.91,11.45,Alluvial fine sand,Alluvial Lowland,177.0,364.5,522.8,1.74,680,1,1
Dhubri,Bilasipara / Golakganj / Dhubri Sadar,Brahmaputra & Gangadhar,26.201286,89.870106,38.6,0.51,14.25,Fine riverine sand,Char Settlement,184.5,310.6,438.5,1.21,73,1,1
Golaghat,Bokakhat / Kaziranga Northern Fringe,Dhansiri & Brahmaputra,26.606485,93.306185,72.4,0.89,14.87,Alluvial silt loam,Wetland,158.6,328.9,468.9,0.36,448,1,1
Tinsukia,Digboi / Margherita / Ledo,Dehing Foothill Basin,27.472874,95.795612,166.1,5.28,5.3,Laterite,Evergreen Forest Scarp,106.0,196.4,311.0,17.6,9722,0,0
Tinsukia,Digboi / Margherita / Ledo,Dehing Foothill Basin,27.328123,95.843049,150.6,6.64,7.41,Laterite,Highland Industrial / Township,80.3,148.0,333.2,20.56,15546,0,0
Barpeta,Sarthebari / Baghbor / Chenga,Beki & Manas,26.257828,90.984575,49.4,0.59,14.52,Clayey hydromorphic loam,Permanent Wetland,241.0,375.8,521.6,1.68,99,1,1
Kamrup Metropolitan,Dispur / Chandrapur / Sonapur Hills,Southern Highland Divide,26.164712,91.719302,229.3,14.16,6.91,Ferruginous weathered rock,Rocky Outcrop / Hill Scrub,63.3,167.1,245.1,7.6,4700,0,0
Dhemaji,Jonai / Dhemaji Sadar,Jiadhal & Subansiri,27.593032,94.707655,90.5,0.68,14.92,Silty clay loam,Riparian Grassland,185.5,342.8,551.7,0.81,176,1,1
Karbi Anglong,Diphu / Phuloni / Bokajan,Upper Dhansiri Plateau,25.987929,93.605632,211.6,15.54,4.89,Lateritic gravelly clay,Rubber / Coffee Plantation,48.1,128.3,189.4,8.03,12922,0,0
Barpeta,Sarthebari / Baghbor / Chenga,Beki & Manas,26.356449,91.040395,49.3,0.46,11.93,Fine alluvial silt,Paddy Cropland,200.5,359.9,518.5,1.29,44,1,1
Karbi Anglong,Diphu / Phuloni / Bokajan,Upper Dhansiri Plateau,26.195541,93.514597,418.8,18.88,6.22,Red loamy soil,Dense Tropical Forest,92.5,138.8,230.9,27.06,14956,0,0
Dhemaji,Jonai / Dhemaji Sadar,Jiadhal & Subansiri,27.659684,95.186452,90.4,0.42,12.68,Silty clay loam,Low-lying Rural Settlement,189.0,383.5,495.8,1.86,378,1,1
Sonitpur,Tezpur High Terraces / Dhekiajuli North,Jia Bharali High Bank,26.657003,92.501496,105.3,5.93,5.24,Sandy loam,High Alluvial Orchard,79.7,158.5,278.8,10.64,11826,0,0
Barpeta,Sarthebari / Baghbor / Chenga,Beki & Manas,26.328386,90.903538,49.1,0.67,14.74,Fine alluvial silt,Dense Rural Settlement,168.3,374.8,492.9,1.17,353,1,1
Barpeta,Sarthebari / Baghbor / Chenga,Beki & Manas,26.426861,90.918345,47.0,0.3,13.71,Fine alluvial silt,Paddy Cropland,165.7,379.3,486.8,0.3,442,1,1
Baksa,Tamulpur North / Nagrijuli Foothill,Bhutan Piedmont Fan,26.811864,91.715081,153.9,8.04,7.39,Bhabar gravelly loam,Foothill Plantation,93.6,153.6,307.7,17.4,10088,0,0
Goalpara,Matia / Balijana High Ridges,Southern Granite Inselberg,26.174933,90.682373,155.5,6.61,4.76,Gravelly red loam,High Settlement,111.2,163.2,302.6,5.29,5874,0,0
Barpeta,Sarthebari / Baghbor / Chenga,Beki & Manas,26.462602,90.830341,44.5,0.78,16.05,Clayey hydromorphic loam,Permanent Wetland,226.5,388.9,527.7,1.46,226,1,1
Barpeta,Sarthebari / Baghbor / Chenga,Beki & Manas,26.412365,91.019191,42.5,0.38,12.69,Fine alluvial silt,Permanent Wetland,166.3,488.6,561.5,0.84,298,1,1
Dhubri,Bilasipara / Golakganj / Dhubri Sadar,Brahmaputra & Gangadhar,26.03638,89.928928,34.3,0.59,14.7,Fine riverine sand,Riparian Wetland,148.5,273.4,401.9,1.45,123,1,1
Dhemaji,Jonai / Dhemaji Sadar,Jiadhal & Subansiri,27.539939,94.827118,103.0,0.81,13.64,Recent riverine alluvium,Paddy Cropland,208.1,313.6,446.1,1.8,254,1,1
Majuli,Kamalabari / Garmur,Brahmaputra Mainstem,26.945893,94.373409,85.6,0.14,15.06,Active alluvial deposits,Paddy Cropland,135.0,332.9,481.6,0.15,58,1,1
Karbi Anglong,Diphu / Phuloni / Bokajan,Upper Dhansiri Plateau,26.246002,93.557004,203.3,7.04,7.2,Skeletal rocky soil,Rubber / Coffee Plantation,59.4,163.2,239.3,13.88,7720,0,0
Karbi Anglong,Diphu / Phuloni / Bokajan,Upper Dhansiri Plateau,26.152215,93.261021,263.2,15.26,4.81,Red loamy soil,Mixed Deciduous Forest,72.3,157.1,155.3,26.54,21965,0,0
Karbi Anglong,Diphu / Phuloni / Bokajan,Upper Dhansiri Plateau,25.868579,93.214748,324.3,9.04,5.07,Skeletal rocky soil,Mixed Deciduous Forest,56.6,131.7,196.9,6.48,7488,0,0
Dhemaji,Jonai / Dhemaji Sadar,Jiadhal & Subansiri,27.743701,94.558992,88.2,0.56,12.75,Recent riverine alluvium,Riparian Grassland,160.2,402.0,429.4,0.33,345,1,1
Jorhat,Teok / Titabar / Mariani,Bhogdoi Highland Terrace,26.821666,94.335312,112.2,3.5,6.41,Deep red acidic loam,Elevated Homestead,56.1,183.4,275.5,9.85,7674,0,0
Lakhimpur,Kadam / Narayanpur / Bihpuria,Ranganadi & Dikrong,27.06591,94.168952,89.4,0.73,15.11,Alluvial fine sand,Alluvial Lowland,135.9,392.9,538.1,0.96,772,1,1
Dhemaji,Jonai / Dhemaji Sadar,Jiadhal & Subansiri,27.667538,95.033126,95.7,0.66,11.19,Silty clay loam,Paddy Cropland,202.3,318.4,546.7,1.59,328,1,1
Sonitpur,Tezpur High Terraces / Dhekiajuli North,Jia Bharali High Bank,26.65051,92.475925,86.2,5.39,6.72,Sandy loam,Tea Plantation,123.2,185.0,205.6,10.64,6643,0,0
Dima Hasao,Haflong / Mahur / Umrangso,Diyung & Kopili Upper Gorge,25.095531,92.945516,357.5,25.08,3.54,Red and yellow forest soil,Hilly Terrain,59.0,191.5,254.5,17.96,7615,0,0
Kamrup Metropolitan,Dispur / Chandrapur / Sonapur Hills,Southern Highland Divide,26.084531,91.767292,276.1,15.47,6.59,Ferruginous weathered rock,Reserved Forest Upland,78.9,224.4,191.1,8.6,6747,0,0
Dhubri,Bilasipara / Golakganj / Dhubri Sadar,Brahmaputra & Gangadhar,26.263381,90.426352,35.0,0.49,14.3,Fine riverine sand,Paddy Cropland,175.6,393.2,473.8,1.09,460,1,1
Dhubri,Bilasipara / Golakganj / Dhubri Sadar,Brahmaputra & Gangadhar,26.260056,90.391491,39.5,0.6,15.77,Hydromorphic alluvial silt,Riparian Wetland,196.1,312.0,426.1,1.07,256,1,1
Baksa,Tamulpur North / Nagrijuli Foothill,Bhutan Piedmont Fan,26.832253,91.473522,123.6,8.86,7.72,Coarse boulder-sand,Deciduous Forest,128.1,206.1,289.4,7.73,13125,0,0
Dhemaji,Jonai / Dhemaji Sadar,Jiadhal & Subansiri,27.591862,95.235485,98.7,1.15,11.04,Recent riverine alluvium,Riparian Grassland,217.0,324.5,428.4,1.07,487,1,1
Morigaon,Mayong / Laharighat / Bhuragaon,Brahmaputra & Kopili,26.273186,91.96766,58.5,0.49,11.91,Riverine silt,Rural Floodplain Settlement,199.9,389.4,506.1,1.9,247,1,1
Cachar,Silchar Sadar / Katigorah / Sonai,Barak River Basin,24.805902,92.833096,26.1,0.32,13.49,Hydromorphic depression silt,Dense Settlement,252.7,400.1,550.0,1.38,217,1,1
Goalpara,Matia / Balijana High Ridges,Southern Granite Inselberg,26.156253,90.610608,101.0,15.92,4.8,Laterite outcrop,High Settlement,82.9,177.4,186.9,12.43,9217,0,0
Karbi Anglong,Diphu / Phuloni / Bokajan,Upper Dhansiri Plateau,26.345197,93.686388,247.3,23.09,7.52,Skeletal rocky soil,Mixed Deciduous Forest,93.6,107.8,224.2,9.71,12421,0,0
Dhubri,Bilasipara / Golakganj / Dhubri Sadar,Brahmaputra & Gangadhar,26.233841,90.131258,40.5,0.27,13.62,Hydromorphic alluvial silt,Paddy Cropland,145.5,274.2,504.7,0.22,198,1,1
Tinsukia,Digboi / Margherita / Ledo,Dehing Foothill Basin,27.392828,95.709887,162.8,9.72,5.22,Sandy clay red loam,Highland Industrial / Township,65.2,147.4,282.5,10.13,7671,0,0
Golaghat,Bokakhat / Kaziranga Northern Fringe,Dhansiri & Brahmaputra,26.657658,93.406066,71.8,0.59,11.59,Marshy organic loam,Wetland,177.7,343.8,483.1,1.22,389,1,1
Jorhat,Teok / Titabar / Mariani,Bhogdoi Highland Terrace,26.793845,94.361965,112.9,4.11,8.76,Old alluvial terrace soil,Agroforestry,88.3,167.8,174.4,15.82,7439,0,0
Dima Hasao,Haflong / Mahur / Umrangso,Diyung & Kopili Upper Gorge,25.13917,92.820086,363.4,24.78,5.73,Gravelly skeletal clay,Hilly Terrain,99.8,195.6,221.6,8.29,8752,0,0
Kamrup Metropolitan,Dispur / Chandrapur / Sonapur Hills,Southern Highland Divide,26.117212,91.805274,205.8,19.0,7.14,Ferruginous weathered rock,Rocky Outcrop / Hill Scrub,67.9,225.8,293.1,5.95,7457,0,0
Sonitpur,Tezpur High Terraces / Dhekiajuli North,Jia Bharali High Bank,26.812476,92.623374,89.7,3.46,6.06,Sandy loam,Urban Cantonment,105.1,135.4,270.3,6.37,13290,0,0
Cachar,Silchar Sadar / Katigorah / Sonai,Barak River Basin,24.934807,92.71166,29.5,0.7,15.9,Heavy alluvial clay,Paddy Cropland,202.1,514.8,595.9,1.08,344,1,1
Baksa,Tamulpur North / Nagrijuli Foothill,Bhutan Piedmont Fan,26.720099,91.651824,134.1,5.96,5.18,Coarse boulder-sand,Foothill Plantation,131.8,183.0,341.4,8.61,7303,0,0
Goalpara,Matia / Balijana High Ridges,Southern Granite Inselberg,26.123686,90.546454,140.8,10.67,5.74,Laterite outcrop,High Settlement,86.7,124.2,303.1,8.69,10255,0,0
Lakhimpur,Kadam / Narayanpur / Bihpuria,Ranganadi & Dikrong,27.301849,94.133161,88.4,0.31,13.84,Riverine silt loam,Paddy Cropland,160.1,329.0,413.6,0.99,313,1,1
Karbi Anglong,Diphu / Phuloni / Bokajan,Upper Dhansiri Plateau,25.877982,93.720329,424.0,11.16,6.89,Lateritic gravelly clay,Mixed Deciduous Forest,87.1,144.0,259.4,12.23,18220,0,0
Tinsukia,Digboi / Margherita / Ledo,Dehing Foothill Basin,27.457102,95.732324,150.0,12.54,7.03,Laterite,Highland Industrial / Township,100.7,152.7,225.3,16.23,18553,0,0
Karbi Anglong,Diphu / Phuloni / Bokajan,Upper Dhansiri Plateau,26.266752,93.65342,389.5,15.36,5.47,Skeletal rocky soil,Hilly Homestead,78.2,158.6,217.0,10.04,13311,0,0
Kamrup Metropolitan,Dispur / Chandrapur / Sonapur Hills,Southern Highland Divide,26.159459,91.766842,266.5,16.59,5.87,Red gravelly loam,Highland Residential Built-up,102.4,148.3,318.2,13.68,9275,0,0
Karbi Anglong,Diphu / Phuloni / Bokajan,Upper Dhansiri Plateau,26.366465,93.474566,472.0,11.42,5.5,Lateritic gravelly clay,Hilly Homestead,73.7,158.5,171.7,12.89,22746,0,0
Tinsukia,Digboi / Margherita / Ledo,Dehing Foothill Basin,27.431278,95.792204,196.2,5.77,7.61,Sandy clay red loam,Highland Industrial / Township,107.8,197.2,251.2,9.93,13628,0,0
Morigaon,Mayong / Laharighat / Bhuragaon,Brahmaputra & Kopili,26.412835,91.975175,52.7,0.52,12.94,Clayey alluvium,Wetland / Marshland,180.5,380.2,444.1,1.15,223,1,1
Karbi Anglong,Diphu / Phuloni / Bokajan,Upper Dhansiri Plateau,25.948327,93.74007,229.3,7.58,6.93,Skeletal rocky soil,Mixed Deciduous Forest,93.8,178.2,235.9,25.27,24425,0,0
Dhubri,Bilasipara / Golakganj / Dhubri Sadar,Brahmaputra & Gangadhar,26.145072,90.296747,37.6,0.38,16.31,Fine riverine sand,Riparian Wetland,208.6,347.4,467.6,1.79,216,1,1
Cachar,Silchar Sadar / Katigorah / Sonai,Barak River Basin,24.796248,92.791166,34.8,0.28,13.0,Hydromorphic depression silt,Depression Wetland (Beel),246.1,488.3,646.0,1.1,145,1,1
Barpeta,Sarthebari / Baghbor / Chenga,Beki & Manas,26.287387,90.809687,45.1,0.65,13.73,Fine alluvial silt,Dense Rural Settlement,172.3,409.5,489.8,0.86,252,1,1
Tinsukia,Digboi / Margherita / Ledo,Dehing Foothill Basin,27.349235,95.852839,238.9,12.41,7.76,Laterite,Tea Estate,78.4,232.3,308.1,7.41,18538,0,0
Kamrup Metropolitan,Dispur / Chandrapur / Sonapur Hills,Southern Highland Divide,26.118615,91.806941,270.4,20.22,7.51,Ferruginous weathered rock,Highland Residential Built-up,116.8,170.7,230.7,5.54,4413,0,0
Baksa,Tamulpur North / Nagrijuli Foothill,Bhutan Piedmont Fan,26.854595,91.387827,151.0,5.05,6.87,Bhabar gravelly loam,Deciduous Forest,119.6,173.5,290.2,9.5,10364,0,0
Jorhat,Teok / Titabar / Mariani,Bhogdoi Highland Terrace,26.713362,94.192634,113.2,2.18,6.99,Deep red acidic loam,Agroforestry,64.2,112.1,172.1,16.29,12484,0,0
Barpeta,Sarthebari / Baghbor / Chenga,Beki & Manas,26.261396,91.055344,46.4,0.63,14.98,Clayey hydromorphic loam,Char Land,227.6,365.4,602.5,0.98,507,1,1
Baksa,Tamulpur North / Nagrijuli Foothill,Bhutan Piedmont Fan,26.792545,91.466487,156.4,3.95,6.69,Coarse boulder-sand,Foothill Plantation,113.8,167.0,332.7,7.11,11289,0,0
Dhemaji,Jonai / Dhemaji Sadar,Jiadhal & Subansiri,27.736723,94.735783,106.6,1.02,14.56,Alluvial sandy silt,Low-lying Rural Settlement,203.0,304.1,558.3,1.92,183,1,1
Jorhat,Teok / Titabar / Mariani,Bhogdoi Highland Terrace,26.610915,94.411213,133.5,2.92,8.12,Deep red acidic loam,Elevated Homestead,50.5,147.5,196.9,10.05,16434,0,0
Dhemaji,Jonai / Dhemaji Sadar,Jiadhal & Subansiri,27.420927,94.780625,106.5,1.01,11.84,Silty clay loam,Wetland / Beel,155.2,318.3,419.9,1.67,86,1,1
Nagaon,Kampur / Kaliabor / Samaguri,Kopili & Kolong,26.086066,92.792247,69.3,1.03,11.44,Silty alluvium,Paddy Cropland,212.0,343.7,464.6,0.41,223,1,1
Dima Hasao,Haflong / Mahur / Umrangso,Diyung & Kopili Upper Gorge,25.093222,92.932365,617.3,19.82,3.76,Red and yellow forest soil,Settlement on Ridge,64.2,145.8,198.2,8.93,22201,0,0
Jorhat,Teok / Titabar / Mariani,Bhogdoi Highland Terrace,26.596272,94.183545,111.5,4.42,6.12,Old alluvial terrace soil,Elevated Homestead,98.8,186.2,231.7,10.42,17276,0,0
Morigaon,Mayong / Laharighat / Bhuragaon,Brahmaputra & Kopili,26.227977,92.325093,51.9,0.34,12.2,Clayey alluvium,Rural Floodplain Settlement,161.3,375.8,487.4,1.07,388,1,1
Golaghat,Bokakhat / Kaziranga Northern Fringe,Dhansiri & Brahmaputra,26.607755,93.460302,70.2,0.84,12.35,Marshy organic loam,National Park Grassland,162.9,317.5,526.8,0.55,263,1,1
Kamrup Metropolitan,Dispur / Chandrapur / Sonapur Hills,Southern Highland Divide,26.158749,91.912863,120.8,21.7,6.37,Ferruginous weathered rock,Highland Residential Built-up,85.4,224.5,190.0,7.96,14381,0,0
Goalpara,Matia / Balijana High Ridges,Southern Granite Inselberg,26.1361,90.734709,130.7,10.89,6.44,Gravelly red loam,Rubber Plantation,60.8,155.5,271.9,15.55,9246,0,0
Golaghat,Bokakhat / Kaziranga Northern Fringe,Dhansiri & Brahmaputra,26.579148,93.371804,71.8,0.7,15.3,Alluvial silt loam,Wetland,175.5,301.1,445.2,1.86,345,1,1
Morigaon,Mayong / Laharighat / Bhuragaon,Brahmaputra & Kopili,26.215677,92.363219,60.7,0.51,11.06,Clayey alluvium,Rural Floodplain Settlement,213.1,421.7,442.0,1.14,182,1,1
Majuli,Kamalabari / Garmur,Brahmaputra Mainstem,26.933289,94.198872,80.8,0.11,12.26,Active alluvial deposits,Paddy Cropland,194.6,305.0,383.7,1.4,382,1,1
Karbi Anglong,Diphu / Phuloni / Bokajan,Upper Dhansiri Plateau,26.304322,93.486258,342.2,10.24,6.04,Lateritic gravelly clay,Hilly Homestead,41.3,170.1,204.8,11.69,21476,0,0
Cachar,Silchar Sadar / Katigorah / Sonai,Barak River Basin,24.826435,92.655802,28.7,0.62,13.39,Hydromorphic depression silt,Dense Settlement,275.9,542.7,611.9,0.21,446,1,1
Barpeta,Sarthebari / Baghbor / Chenga,Beki & Manas,26.333717,90.986667,49.1,0.31,14.69,Sand bar alluvium,Permanent Wetland,242.6,481.2,594.1,1.46,202,1,1
Dhubri,Bilasipara / Golakganj / Dhubri Sadar,Brahmaputra & Gangadhar,26.068326,90.40142,40.9,0.56,13.98,Hydromorphic alluvial silt,Paddy Cropland,144.4,346.1,524.1,1.07,266,1,1
Dima Hasao,Haflong / Mahur / Umrangso,Diyung & Kopili Upper Gorge,25.302622,93.026114,692.4,17.51,3.52,Red and yellow forest soil,Hilly Terrain,104.5,170.5,202.1,16.88,19661,0,0
Karbi Anglong,Diphu / Phuloni / Bokajan,Upper Dhansiri Plateau,25.95349,93.664388,302.1,8.63,6.07,Lateritic gravelly clay,Hilly Homestead,88.6,110.2,173.4,15.24,13426,0,0
Jorhat,Teok / Titabar / Mariani,Bhogdoi Highland Terrace,26.635159,94.30791,130.0,3.22,5.68,Old alluvial terrace soil,Elevated Homestead,79.0,128.4,198.2,17.1,8383,0,0
Dhubri,Bilasipara / Golakganj / Dhubri Sadar,Brahmaputra & Gangadhar,26.005744,90.293749,36.4,0.45,12.49,Hydromorphic alluvial silt,Paddy Cropland,185.5,284.5,457.5,0.24,164,1,1
Lakhimpur,Kadam / Narayanpur / Bihpuria,Ranganadi & Dikrong,27.207791,94.319527,86.5,0.75,11.84,Alluvial fine sand,Paddy Cropland,137.9,359.1,471.7,2.45,338,1,1
Cachar,Silchar Sadar / Katigorah / Sonai,Barak River Basin,24.897825,92.949636,32.1,0.45,13.14,Hydromorphic depression silt,Dense Settlement,237.5,504.4,703.0,0.17,62,1,1
Dhemaji,Jonai / Dhemaji Sadar,Jiadhal & Subansiri,27.554881,94.946781,98.2,0.65,13.21,Recent riverine alluvium,Paddy Cropland,174.9,357.6,547.1,1.57,614,1,1
Kamrup Metropolitan,Dispur / Chandrapur / Sonapur Hills,Southern Highland Divide,26.201009,91.795088,201.6,17.5,8.13,Red gravelly loam,Rocky Outcrop / Hill Scrub,88.8,181.0,273.7,8.0,6596,0,0
Jorhat,Teok / Titabar / Mariani,Bhogdoi Highland Terrace,26.607741,94.240484,129.8,2.24,8.78,Deep red acidic loam,Commercial Tea Plantation,55.3,182.4,267.5,16.7,11988,0,0
Baksa,Tamulpur North / Nagrijuli Foothill,Bhutan Piedmont Fan,26.843692,91.418164,117.4,3.94,7.41,Coarse boulder-sand,Foothill Plantation,94.6,251.9,310.8,16.38,9784,0,0
Barpeta,Sarthebari / Baghbor / Chenga,Beki & Manas,26.332621,90.990003,47.7,0.67,14.75,Sand bar alluvium,Dense Rural Settlement,204.0,416.4,607.1,0.67,67,1,1
Sonitpur,Tezpur High Terraces / Dhekiajuli North,Jia Bharali High Bank,26.812113,92.55912,93.0,7.4,6.06,Sandy loam,High Alluvial Orchard,91.8,193.7,238.8,11.06,7946,0,0
Morigaon,Mayong / Laharighat / Bhuragaon,Brahmaputra & Kopili,26.357943,92.312969,52.5,0.65,15.09,Clayey alluvium,Wetland / Marshland,162.7,416.9,461.1,0.61,489,1,1
Dhemaji,Jonai / Dhemaji Sadar,Jiadhal & Subansiri,27.840533,94.890184,90.5,0.89,14.95,Alluvial sandy silt,Low-lying Rural Settlement,209.8,345.0,446.0,1.28,487,1,1
Cachar,Silchar Sadar / Katigorah / Sonai,Barak River Basin,24.882857,92.697991,33.4,0.18,15.35,Heavy alluvial clay,Urban Built-up / Commercial,206.6,469.4,726.0,1.08,416,1,1
Dhubri,Bilasipara / Golakganj / Dhubri Sadar,Brahmaputra & Gangadhar,26.243891,90.286248,41.7,0.55,13.75,Hydromorphic alluvial silt,Char Settlement,189.6,376.8,485.5,1.38,133,1,1
Nalbari,Barkhetri / Paschim Nalbari,Pagladiya & Puthimari,26.504891,91.551093,49.0,0.57,14.42,Alluvial silt loam,Rural Settlement,215.9,380.7,541.7,0.65,79,1,1
Morigaon,Mayong / Laharighat / Bhuragaon,Brahmaputra & Kopili,26.232162,92.054856,58.6,0.54,15.42,Clayey alluvium,Rural Floodplain Settlement,185.3,397.2,481.6,0.5,243,1,1
Karbi Anglong,Diphu / Phuloni / Bokajan,Upper Dhansiri Plateau,26.020209,93.343087,206.7,12.94,7.61,Red loamy soil,Dense Tropical Forest,82.5,173.5,239.3,16.87,8714,0,0
Karbi Anglong,Diphu / Phuloni / Bokajan,Upper Dhansiri Plateau,26.129189,93.467697,365.5,23.54,5.5,Skeletal rocky soil,Rubber / Coffee Plantation,44.8,102.2,162.9,23.95,18616,0,0
Dima Hasao,Haflong / Mahur / Umrangso,Diyung & Kopili Upper Gorge,25.378125,93.064297,777.2,17.88,3.99,Red and yellow forest soil,Sub-Tropical Montane Forest,107.4,195.2,295.9,31.92,11021,0,0
Jorhat,Teok / Titabar / Mariani,Bhogdoi Highland Terrace,26.740472,94.401924,122.0,4.01,8.35,Old alluvial terrace soil,Agroforestry,92.1,161.6,237.4,18.59,6773,0,0
Morigaon,Mayong / Laharighat / Bhuragaon,Brahmaputra & Kopili,26.181416,92.310143,50.8,0.57,11.22,Clayey alluvium,Paddy Cropland,168.2,396.0,527.1,0.78,559,1,1
Majuli,Kamalabari / Garmur,Brahmaputra Mainstem,26.928043,94.09479,78.6,0.19,15.42,Coarse river sand and silt,Riparian Grassland,174.7,326.0,417.7,0.52,96,1,1
Jorhat,Teok / Titabar / Mariani,Bhogdoi Highland Terrace,26.77764,94.294099,113.8,3.09,7.46,Deep red acidic loam,Agroforestry,56.6,115.0,199.9,7.89,6497,0,0
Tinsukia,Digboi / Margherita / Ledo,Dehing Foothill Basin,27.321879,95.837509,207.3,6.94,6.89,Sandy clay red loam,Highland Industrial / Township,102.7,144.6,303.3,7.91,15718,0,0
Karbi Anglong,Diphu / Phuloni / Bokajan,Upper Dhansiri Plateau,26.010448,93.42512,317.6,21.42,7.06,Lateritic gravelly clay,Dense Tropical Forest,48.0,90.9,236.7,26.76,5780,0,0
Nagaon,Kampur / Kaliabor / Samaguri,Kopili & Kolong,26.350953,92.696595,66.6,1.02,12.33,Alluvial clay loam,Lowland Marsh,169.5,338.9,540.0,2.07,431,1,1
Golaghat,Bokakhat / Kaziranga Northern Fringe,Dhansiri & Brahmaputra,26.623693,93.507386,74.0,0.34,12.34,Marshy organic loam,National Park Grassland,175.4,284.9,498.7,1.02,420,1,1
Nagaon,Kampur / Kaliabor / Samaguri,Kopili & Kolong,26.075632,92.760885,57.3,0.33,11.61,Silty alluvium,Lowland Marsh,176.7,379.6,495.6,2.67,752,1,1
Baksa,Tamulpur North / Nagrijuli Foothill,Bhutan Piedmont Fan,26.8168,91.501949,138.5,3.39,5.34,Bhabar gravelly loam,Deciduous Forest,88.1,235.6,330.5,13.62,8278,0,0
Majuli,Kamalabari / Garmur,Brahmaputra Mainstem,26.944079,94.158776,82.7,0.39,13.26,Active alluvial deposits,Paddy Cropland,171.7,315.8,400.8,1.06,417,1,1
Golaghat,Bokakhat / Kaziranga Northern Fringe,Dhansiri & Brahmaputra,26.609961,93.354709,64.6,0.46,13.6,Marshy organic loam,Paddy Fringe,192.5,317.0,409.2,1.3,157,1,1
Dhubri,Bilasipara / Golakganj / Dhubri Sadar,Brahmaputra & Gangadhar,26.24693,89.897974,42.0,0.22,14.42,Hydromorphic alluvial silt,Char Settlement,195.9,304.6,396.1,0.31,217,1,1
Nagaon,Kampur / Kaliabor / Samaguri,Kopili & Kolong,26.149878,92.959298,58.5,0.39,14.12,Silty alluvium,Lowland Marsh,196.1,355.8,406.8,1.56,588,1,1
Tinsukia,Digboi / Margherita / Ledo,Dehing Foothill Basin,27.28511,95.825987,170.7,10.68,5.76,Sandy clay red loam,Tea Estate,120.5,182.2,212.5,12.74,11660,0,0
Nalbari,Barkhetri / Paschim Nalbari,Pagladiya & Puthimari,26.508764,91.542666,47.5,0.87,10.43,Clayey loam,Wetland,189.7,363.6,508.3,1.11,641,1,1
Dima Hasao,Haflong / Mahur / Umrangso,Diyung & Kopili Upper Gorge,25.096714,93.056282,575.8,29.89,3.81,Red and yellow forest soil,Settlement on Ridge,56.9,178.9,233.5,13.04,7667,0,0
Golaghat,Bokakhat / Kaziranga Northern Fringe,Dhansiri & Brahmaputra,26.576772,93.432865,66.4,0.44,11.5,Marshy organic loam,National Park Grassland,143.3,297.7,514.3,1.5,448,1,1
Lakhimpur,Kadam / Narayanpur / Bihpuria,Ranganadi & Dikrong,27.163324,94.181292,88.4,0.81,10.98,Riverine silt loam,Alluvial Lowland,155.9,396.1,450.6,1.43,791,1,1
Dhubri,Bilasipara / Golakganj / Dhubri Sadar,Brahmaputra & Gangadhar,26.016162,90.312234,41.5,0.54,16.16,Hydromorphic alluvial silt,Paddy Cropland,172.0,311.5,474.7,0.72,433,1,1
Majuli,Kamalabari / Garmur,Brahmaputra Mainstem,27.059761,94.337856,80.3,0.12,13.43,Coarse river sand and silt,Riparian Grassland,156.8,337.0,448.2,1.34,86,1,1
Morigaon,Mayong / Laharighat / Bhuragaon,Brahmaputra & Kopili,26.415361,92.322619,50.2,0.4,11.17,Riverine silt,Wetland / Marshland,208.3,434.8,532.0,1.81,359,1,1
Tinsukia,Digboi / Margherita / Ledo,Dehing Foothill Basin,27.495941,95.831629,221.2,9.11,6.8,Sandy clay red loam,Highland Industrial / Township,73.3,196.9,223.1,14.48,5772,0,0
Dhubri,Bilasipara / Golakganj / Dhubri Sadar,Brahmaputra & Gangadhar,26.0003,90.106394,39.5,0.32,12.43,Hydromorphic alluvial silt,Char Settlement,172.0,360.5,481.8,0.37,451,1,1
Sonitpur,Tezpur High Terraces / Dhekiajuli North,Jia Bharali High Bank,26.678199,92.700108,123.8,6.62,8.05,Sandy loam,Urban Cantonment,91.9,182.1,312.5,12.26,11881,0,0
Sonitpur,Tezpur High Terraces / Dhekiajuli North,Jia Bharali High Bank,26.742513,92.583622,103.6,3.36,8.19,Sandy loam,Urban Cantonment,123.3,175.1,279.1,10.81,4524,0,0
Morigaon,Mayong / Laharighat / Bhuragaon,Brahmaputra & Kopili,26.205179,92.309383,51.4,0.26,11.51,Clayey alluvium,Rural Floodplain Settlement,207.2,416.4,585.7,0.91,275,1,1
Golaghat,Bokakhat / Kaziranga Northern Fringe,Dhansiri & Brahmaputra,26.63364,93.564335,65.5,0.41,12.68,Marshy organic loam,National Park Grassland,197.6,319.5,483.9,1.09,88,1,1
Dima Hasao,Haflong / Mahur / Umrangso,Diyung & Kopili Upper Gorge,25.291721,93.01638,516.6,26.3,4.15,Red and yellow forest soil,Sub-Tropical Montane Forest,106.7,183.0,218.7,18.92,15979,0,0
Karbi Anglong,Diphu / Phuloni / Bokajan,Upper Dhansiri Plateau,25.968461,93.583633,186.2,11.54,4.89,Lateritic gravelly clay,Rubber / Coffee Plantation,67.9,142.9,222.2,26.28,21922,0,0
Tinsukia,Digboi / Margherita / Ledo,Dehing Foothill Basin,27.309834,95.737586,175.5,7.28,5.37,Laterite,Tea Estate,65.6,144.1,256.6,16.57,13349,0,0
Dima Hasao,Haflong / Mahur / Umrangso,Diyung & Kopili Upper Gorge,25.212937,93.154336,405.5,30.72,4.51,Red and yellow forest soil,Hilly Terrain,94.7,204.1,297.0,34.94,27159,0,0
Barpeta,Sarthebari / Baghbor / Chenga,Beki & Manas,26.38164,91.115119,49.3,0.68,15.38,Fine alluvial silt,Paddy Cropland,198.0,445.6,493.3,1.1,71,1,1
Dhubri,Bilasipara / Golakganj / Dhubri Sadar,Brahmaputra & Gangadhar,26.007357,90.273736,40.3,0.23,15.12,Fine riverine sand,Char Settlement,133.5,292.2,440.3,1.59,524,1,1
Kamrup Metropolitan,Dispur / Chandrapur / Sonapur Hills,Southern Highland Divide,26.103905,91.936628,179.3,12.18,7.24,Ferruginous weathered rock,Rocky Outcrop / Hill Scrub,75.5,198.7,282.7,12.06,5140,0,0
Karbi Anglong,Diphu / Phuloni / Bokajan,Upper Dhansiri Plateau,25.948792,93.747011,409.1,9.15,7.27,Skeletal rocky soil,Rubber / Coffee Plantation,50.4,94.9,162.0,16.35,7434,0,0
Jorhat,Teok / Titabar / Mariani,Bhogdoi Highland Terrace,26.77401,94.448222,120.0,4.98,7.51,Deep red acidic loam,Elevated Homestead,70.3,146.0,272.7,11.89,16578,0,0
Sonitpur,Tezpur High Terraces / Dhekiajuli North,Jia Bharali High Bank,26.687119,92.576135,112.0,2.65,7.26,Piedmont coarse alluvium,Urban Cantonment,96.7,175.7,297.1,12.27,6122,0,0
Sonitpur,Tezpur High Terraces / Dhekiajuli North,Jia Bharali High Bank,26.683201,92.725545,92.4,5.01,5.35,Sandy loam,Tea Plantation,77.7,174.8,192.6,8.56,4427,0,0
Karbi Anglong,Diphu / Phuloni / Bokajan,Upper Dhansiri Plateau,26.264257,93.54388,422.5,10.37,7.73,Lateritic gravelly clay,Dense Tropical Forest,67.1,153.4,212.7,6.16,24669,0,0
Tinsukia,Digboi / Margherita / Ledo,Dehing Foothill Basin,27.412337,95.83676,168.2,13.88,5.82,Sandy clay red loam,Tea Estate,123.5,217.6,290.8,11.2,8053,0,0
Goalpara,Matia / Balijana High Ridges,Southern Granite Inselberg,26.192201,90.668792,172.3,10.36,5.62,Laterite outcrop,Rubber Plantation,67.8,134.1,194.1,12.83,6953,0,0
Tinsukia,Digboi / Margherita / Ledo,Dehing Foothill Basin,27.290951,95.69772,166.0,13.69,6.52,Sandy clay red loam,Highland Industrial / Township,73.4,199.4,333.5,7.32,10687,0,0
Nalbari,Barkhetri / Paschim Nalbari,Pagladiya & Puthimari,26.29025,91.31685,53.2,0.31,12.4,Clayey loam,Wetland,214.5,357.7,468.4,2.0,615,1,1
Dima Hasao,Haflong / Mahur / Umrangso,Diyung & Kopili Upper Gorge,25.316966,92.883666,418.8,12.88,3.92,Gravelly skeletal clay,Settlement on Ridge,73.7,198.5,270.8,11.98,13408,0,0
Jorhat,Teok / Titabar / Mariani,Bhogdoi Highland Terrace,26.624333,94.26293,131.1,3.87,5.99,Old alluvial terrace soil,Agroforestry,64.4,199.4,192.4,6.86,13604,0,0
Majuli,Kamalabari / Garmur,Brahmaputra Mainstem,26.985505,94.209803,79.6,0.4,13.5,Active alluvial deposits,Riparian Grassland,134.2,304.5,453.0,0.55,225,1,1
Barpeta,Sarthebari / Baghbor / Chenga,Beki & Manas,26.242758,90.965507,44.6,0.62,12.86,Clayey hydromorphic loam,Paddy Cropland,241.8,457.9,636.2,1.79,482,1,1
Nagaon,Kampur / Kaliabor / Samaguri,Kopili & Kolong,26.39173,92.789815,58.9,0.4,12.51,Alluvial clay loam,Paddy Cropland,156.6,313.0,469.2,1.31,199,1,1
Dima Hasao,Haflong / Mahur / Umrangso,Diyung & Kopili Upper Gorge,25.135623,92.927845,459.5,17.24,4.08,Red and yellow forest soil,Sub-Tropical Montane Forest,56.3,194.3,288.4,8.57,22258,0,0
Nagaon,Kampur / Kaliabor / Samaguri,Kopili & Kolong,26.349565,93.088647,63.0,0.81,12.31,Silty alluvium,Rural Settlement,153.2,292.5,449.3,1.39,207,1,1
Karbi Anglong,Diphu / Phuloni / Bokajan,Upper Dhansiri Plateau,26.348095,93.348108,275.5,16.18,4.44,Red loamy soil,Rubber / Coffee Plantation,90.3,91.7,206.5,18.9,6131,0,0
Goalpara,Matia / Balijana High Ridges,Southern Granite Inselberg,26.17789,90.543988,184.7,8.44,4.53,Gravelly red loam,Rubber Plantation,76.8,210.9,255.8,14.94,8963,0,0
Tinsukia,Digboi / Margherita / Ledo,Dehing Foothill Basin,27.313735,95.551728,218.6,10.47,7.57,Laterite,Tea Estate,77.4,162.8,317.6,14.51,10347,0,0
Kamrup Metropolitan,Dispur / Chandrapur / Sonapur Hills,Southern Highland Divide,26.131676,91.76635,264.7,18.98,7.42,Red gravelly loam,Highland Residential Built-up,79.2,169.1,283.8,13.53,9001,0,0
Nalbari,Barkhetri / Paschim Nalbari,Pagladiya & Puthimari,26.309169,91.300384,50.6,0.74,14.66,Clayey loam,Rural Settlement,178.1,362.5,572.6,1.98,429,1,1
Nagaon,Kampur / Kaliabor / Samaguri,Kopili & Kolong,26.175549,92.759283,65.2,0.45,13.31,Alluvial clay loam,Rural Settlement,151.0,383.0,539.6,0.9,246,1,1
Barpeta,Sarthebari / Baghbor / Chenga,Beki & Manas,26.352058,90.772011,48.3,0.59,12.33,Fine alluvial silt,Char Land,161.0,414.5,538.9,1.03,459,1,1
Nalbari,Barkhetri / Paschim Nalbari,Pagladiya & Puthimari,26.306519,91.56067,47.6,0.88,12.24,Clayey loam,Rural Settlement,198.4,322.5,510.7,2.23,320,1,1
Baksa,Tamulpur North / Nagrijuli Foothill,Bhutan Piedmont Fan,26.766021,91.433523,114.7,5.55,5.49,Bhabar gravelly loam,Tea Estate,78.9,248.9,281.5,15.93,8501,0,0
Tinsukia,Digboi / Margherita / Ledo,Dehing Foothill Basin,27.378067,95.741258,152.6,13.92,6.56,Sandy clay red loam,Evergreen Forest Scarp,81.8,226.5,243.7,14.42,8411,0,0
Cachar,Silchar Sadar / Katigorah / Sonai,Barak River Basin,24.921066,92.812144,32.7,0.32,14.43,Heavy alluvial clay,Urban Built-up / Commercial,273.8,446.6,527.2,0.77,136,1,1
Dhemaji,Jonai / Dhemaji Sadar,Jiadhal & Subansiri,27.55485,94.51861,97.5,1.13,13.0,Alluvial sandy silt,Paddy Cropland,145.5,298.8,556.5,1.01,614,1,1
Jorhat,Teok / Titabar / Mariani,Bhogdoi Highland Terrace,26.691046,94.314029,127.6,4.77,5.83,Deep red acidic loam,Agroforestry,90.1,195.2,195.4,16.21,12170,0,0
Goalpara,Matia / Balijana High Ridges,Southern Granite Inselberg,26.108487,90.518512,186.3,10.82,4.55,Gravelly red loam,High Settlement,107.9,162.3,254.2,15.36,10701,0,0
Karbi Anglong,Diphu / Phuloni / Bokajan,Upper Dhansiri Plateau,26.305032,93.600894,262.3,21.33,4.28,Skeletal rocky soil,Hilly Homestead,40.1,128.4,220.8,20.3,21931,0,0
Goalpara,Matia / Balijana High Ridges,Southern Granite Inselberg,26.159359,90.704829,116.6,15.82,5.2,Gravelly red loam,Rubber Plantation,102.0,152.5,270.9,12.62,12339,0,0
Sonitpur,Tezpur High Terraces / Dhekiajuli North,Jia Bharali High Bank,26.694149,92.805818,107.6,3.33,6.16,Piedmont coarse alluvium,Urban Cantonment,93.8,157.6,254.8,14.3,13197,0,0
Tinsukia,Digboi / Margherita / Ledo,Dehing Foothill Basin,27.468345,95.6903,215.6,7.67,6.27,Sandy clay red loam,Evergreen Forest Scarp,89.5,187.2,238.9,13.09,9178,0,0
Sonitpur,Tezpur High Terraces / Dhekiajuli North,Jia Bharali High Bank,26.659266,92.771261,104.5,6.24,7.01,Sandy loam,Tea Plantation,67.6,239.5,290.8,13.68,5982,0,0
Tinsukia,Digboi / Margherita / Ledo,Dehing Foothill Basin,27.343008,95.798595,165.6,4.79,7.12,Laterite,Evergreen Forest Scarp,117.5,200.9,333.8,20.99,9311,0,0
Tinsukia,Digboi / Margherita / Ledo,Dehing Foothill Basin,27.409729,95.557439,223.0,7.54,7.45,Laterite,Highland Industrial / Township,69.4,235.9,335.9,8.12,13630,0,0
Majuli,Kamalabari / Garmur,Brahmaputra Mainstem,27.119033,94.204049,85.0,0.35,12.43,Active alluvial deposits,Wetland,140.1,302.3,386.6,0.79,400,1,1
Dima Hasao,Haflong / Mahur / Umrangso,Diyung & Kopili Upper Gorge,25.444369,92.9472,724.3,21.7,3.73,Red and yellow forest soil,Settlement on Ridge,63.4,192.0,279.4,12.61,6433,0,0
Tinsukia,Digboi / Margherita / Ledo,Dehing Foothill Basin,27.468032,95.785237,234.3,8.48,6.66,Sandy clay red loam,Evergreen Forest Scarp,127.1,245.4,339.0,15.48,19967,0,0
Cachar,Silchar Sadar / Katigorah / Sonai,Barak River Basin,24.941013,92.682183,29.1,0.56,15.31,Heavy alluvial clay,Urban Built-up / Commercial,249.4,440.8,605.8,0.3,316,1,1
Nagaon,Kampur / Kaliabor / Samaguri,Kopili & Kolong,26.275442,92.65931,67.5,0.83,11.13,Alluvial clay loam,Paddy Cropland,183.5,346.0,477.1,0.93,416,1,1
Nagaon,Kampur / Kaliabor / Samaguri,Kopili & Kolong,26.259593,93.148007,57.7,0.79,10.2,Silty alluvium,Rural Settlement,154.8,319.8,500.2,0.72,767,1,1
Jorhat,Teok / Titabar / Mariani,Bhogdoi Highland Terrace,26.607788,94.255073,123.2,4.63,8.34,Old alluvial terrace soil,Agroforestry,90.9,153.5,267.6,8.98,5645,0,0
Nagaon,Kampur / Kaliabor / Samaguri,Kopili & Kolong,26.256549,92.826449,69.9,0.69,12.07,Alluvial clay loam,Lowland Marsh,170.2,312.2,482.3,1.07,203,1,1
Tinsukia,Digboi / Margherita / Ledo,Dehing Foothill Basin,27.501935,95.693015,233.6,12.84,5.82,Sandy clay red loam,Highland Industrial / Township,81.0,204.5,323.4,10.3,7935,0,0
Karbi Anglong,Diphu / Phuloni / Bokajan,Upper Dhansiri Plateau,26.106653,93.544717,336.7,12.87,4.73,Red loamy soil,Hilly Homestead,62.6,167.4,249.3,19.95,21765,0,0
Cachar,Silchar Sadar / Katigorah / Sonai,Barak River Basin,24.889597,92.660919,29.3,0.18,12.57,Hydromorphic depression silt,Depression Wetland (Beel),244.7,436.8,576.5,1.23,279,1,1
Nalbari,Barkhetri / Paschim Nalbari,Pagladiya & Puthimari,26.484911,91.412882,54.9,0.48,11.14,Alluvial silt loam,Rural Settlement,226.9,446.2,462.8,0.96,88,1,1
Goalpara,Matia / Balijana High Ridges,Southern Granite Inselberg,26.18992,90.561112,105.1,7.25,4.82,Laterite outcrop,Mixed Scrub and Rocky Outcrop,103.8,196.9,195.6,7.69,10725,0,0
Karbi Anglong,Diphu / Phuloni / Bokajan,Upper Dhansiri Plateau,25.867404,93.546877,207.9,15.48,7.7,Skeletal rocky soil,Mixed Deciduous Forest,91.2,137.5,217.7,7.85,13832,0,0
Nalbari,Barkhetri / Paschim Nalbari,Pagladiya & Puthimari,26.484726,91.367675,51.4,0.78,10.35,Alluvial silt loam,Rural Settlement,226.1,320.4,467.2,1.15,528,1,1
Majuli,Kamalabari / Garmur,Brahmaputra Mainstem,27.111485,94.372711,79.3,0.43,16.23,Active alluvial deposits,Wetland,177.9,294.5,417.1,0.18,352,1,1
Morigaon,Mayong / Laharighat / Bhuragaon,Brahmaputra & Kopili,26.232791,92.041935,50.8,0.45,13.0,Riverine silt,Paddy Cropland,173.0,423.7,536.1,0.86,211,1,1
Dima Hasao,Haflong / Mahur / Umrangso,Diyung & Kopili Upper Gorge,25.177544,92.868252,452.2,12.76,6.55,Gravelly skeletal clay,Settlement on Ridge,63.1,141.8,272.3,9.07,25002,0,0
Goalpara,Matia / Balijana High Ridges,Southern Granite Inselberg,26.160781,90.607195,108.7,10.45,6.45,Gravelly red loam,Mixed Scrub and Rocky Outcrop,112.0,209.2,272.6,5.88,5841,0,0
Nagaon,Kampur / Kaliabor / Samaguri,Kopili & Kolong,26.252495,92.929315,64.1,0.57,10.35,Silty alluvium,Lowland Marsh,155.0,342.0,460.3,1.56,279,1,1
Lakhimpur,Kadam / Narayanpur / Bihpuria,Ranganadi & Dikrong,27.009717,94.014283,92.8,0.63,15.38,Clayey loam,Rural Homestead,199.8,274.7,400.3,1.69,743,1,1
Tinsukia,Digboi / Margherita / Ledo,Dehing Foothill Basin,27.498657,95.658466,220.9,14.76,5.54,Laterite,Highland Industrial / Township,110.0,189.0,334.5,13.15,6195,0,0
Sonitpur,Tezpur High Terraces / Dhekiajuli North,Jia Bharali High Bank,26.723562,92.59913,103.9,4.18,6.97,Sandy loam,Tea Plantation,123.7,188.5,243.7,11.42,4654,0,0
Baksa,Tamulpur North / Nagrijuli Foothill,Bhutan Piedmont Fan,26.800288,91.640392,133.1,7.03,5.28,Bhabar gravelly loam,Foothill Plantation,119.4,151.2,236.4,9.39,5231,0,0
Golaghat,Bokakhat / Kaziranga Northern Fringe,Dhansiri & Brahmaputra,26.584324,93.37906,72.2,0.36,14.71,Alluvial silt loam,Paddy Fringe,155.5,353.6,479.7,1.03,306,1,1
Barpeta,Sarthebari / Baghbor / Chenga,Beki & Manas,26.163051,90.779114,49.9,0.55,14.66,Fine alluvial silt,Permanent Wetland,233.9,389.9,642.7,0.22,517,1,1
Cachar,Silchar Sadar / Katigorah / Sonai,Barak River Basin,24.815485,92.928518,30.1,0.36,16.64,Heavy alluvial clay,Dense Settlement,263.1,497.5,602.7,0.38,398,1,1
Tinsukia,Digboi / Margherita / Ledo,Dehing Foothill Basin,27.312912,95.87206,166.9,12.29,5.47,Laterite,Highland Industrial / Township,67.3,165.9,267.2,18.46,19295,0,0
Goalpara,Matia / Balijana High Ridges,Southern Granite Inselberg,26.078974,90.496576,154.4,10.05,5.59,Laterite outcrop,Rubber Plantation,95.1,126.5,212.0,6.7,14544,0,0
Dima Hasao,Haflong / Mahur / Umrangso,Diyung & Kopili Upper Gorge,25.266471,93.117083,356.6,12.42,6.0,Red and yellow forest soil,Hilly Terrain,99.3,185.7,250.6,9.62,14988,0,0
Golaghat,Bokakhat / Kaziranga Northern Fringe,Dhansiri & Brahmaputra,26.642385,93.418839,70.8,0.52,12.92,Marshy organic loam,Paddy Fringe,198.0,349.7,443.1,0.38,747,1,1
Jorhat,Teok / Titabar / Mariani,Bhogdoi Highland Terrace,26.780432,94.215248,118.6,3.82,6.68,Old alluvial terrace soil,Agroforestry,67.8,163.5,199.4,16.25,15218,0,0
Kamrup Metropolitan,Dispur / Chandrapur / Sonapur Hills,Southern Highland Divide,26.151616,91.909121,138.4,20.68,4.59,Ferruginous weathered rock,Rocky Outcrop / Hill Scrub,81.2,158.7,309.8,12.37,11397,0,0
Morigaon,Mayong / Laharighat / Bhuragaon,Brahmaputra & Kopili,26.180527,92.127569,57.6,0.6,13.63,Organic silty clay,Rural Floodplain Settlement,148.7,323.0,452.5,1.52,446,1,1
Karbi Anglong,Diphu / Phuloni / Bokajan,Upper Dhansiri Plateau,25.954886,93.639896,379.4,13.67,5.04,Lateritic gravelly clay,Hilly Homestead,92.7,170.1,228.3,20.21,22185,0,0
Nagaon,Kampur / Kaliabor / Samaguri,Kopili & Kolong,26.406842,93.074794,66.1,0.95,12.52,Alluvial clay loam,Paddy Cropland,155.8,405.2,486.3,1.97,201,1,1
Barpeta,Sarthebari / Baghbor / Chenga,Beki & Manas,26.324897,90.905368,43.8,0.4,11.87,Clayey hydromorphic loam,Dense Rural Settlement,205.5,464.4,488.8,0.8,348,1,1
Cachar,Silchar Sadar / Katigorah / Sonai,Barak River Basin,24.9039,93.049595,28.6,0.3,14.89,Heavy alluvial clay,Urban Built-up / Commercial,252.5,433.3,534.9,0.59,256,1,1
Karbi Anglong,Diphu / Phuloni / Bokajan,Upper Dhansiri Plateau,26.280128,93.564223,462.3,18.59,7.04,Red loamy soil,Hilly Homestead,57.0,176.3,183.5,23.87,6563,0,0
Dhemaji,Jonai / Dhemaji Sadar,Jiadhal & Subansiri,27.469634,94.562418,99.1,0.55,13.34,Silty clay loam,Low-lying Rural Settlement,195.0,400.9,495.9,0.7,594,1,1
Jorhat,Teok / Titabar / Mariani,Bhogdoi Highland Terrace,26.620561,94.441001,123.7,3.93,6.5,Deep red acidic loam,Commercial Tea Plantation,50.9,114.1,204.0,13.91,5691,0,0
Baksa,Tamulpur North / Nagrijuli Foothill,Bhutan Piedmont Fan,26.774295,91.734662,150.0,6.23,4.86,Bhabar gravelly loam,Tea Estate,85.9,237.7,245.6,17.2,14290,0,0
Morigaon,Mayong / Laharighat / Bhuragaon,Brahmaputra & Kopili,26.211803,92.313206,61.8,0.62,11.5,Riverine silt,Paddy Cropland,159.5,353.2,487.4,0.35,426,1,1
Baksa,Tamulpur North / Nagrijuli Foothill,Bhutan Piedmont Fan,26.881398,91.730364,110.8,7.72,6.73,Coarse boulder-sand,Foothill Plantation,86.2,188.5,251.7,17.36,5685,0,0
Golaghat,Bokakhat / Kaziranga Northern Fringe,Dhansiri & Brahmaputra,26.534525,93.596052,74.4,0.87,12.53,Alluvial silt loam,Paddy Fringe,172.9,288.9,522.9,1.6,429,1,1
Cachar,Silchar Sadar / Katigorah / Sonai,Barak River Basin,24.834171,92.941674,29.5,0.58,16.44,Heavy alluvial clay,Depression Wetland (Beel),180.2,394.1,657.6,0.32,384,1,1
Baksa,Tamulpur North / Nagrijuli Foothill,Bhutan Piedmont Fan,26.919941,91.383781,136.8,5.34,6.16,Coarse boulder-sand,Foothill Plantation,72.9,243.2,244.8,5.62,10223,0,0
Lakhimpur,Kadam / Narayanpur / Bihpuria,Ranganadi & Dikrong,27.10562,94.016534,84.7,0.61,11.35,Clayey loam,Paddy Cropland,158.1,394.6,486.8,0.62,154,1,1
Nalbari,Barkhetri / Paschim Nalbari,Pagladiya & Puthimari,26.342498,91.553651,51.0,0.84,12.31,Alluvial silt loam,Wetland,190.4,399.2,503.1,1.58,99,1,1
Barpeta,Sarthebari / Baghbor / Chenga,Beki & Manas,26.39095,90.889331,44.8,0.67,13.95,Clayey hydromorphic loam,Permanent Wetland,197.2,444.5,534.2,0.68,453,1,1
Dima Hasao,Haflong / Mahur / Umrangso,Diyung & Kopili Upper Gorge,25.280675,93.015213,384.4,31.1,6.36,Red and yellow forest soil,Sub-Tropical Montane Forest,80.9,181.0,231.7,24.3,28539,0,0
Barpeta,Sarthebari / Baghbor / Chenga,Beki & Manas,26.28982,91.030154,47.0,0.24,15.7,Clayey hydromorphic loam,Paddy Cropland,194.8,455.3,610.2,1.77,369,1,1
Barpeta,Sarthebari / Baghbor / Chenga,Beki & Manas,26.346551,91.137568,44.6,0.58,15.18,Clayey hydromorphic loam,Permanent Wetland,190.2,481.2,553.4,1.29,376,1,1
Cachar,Silchar Sadar / Katigorah / Sonai,Barak River Basin,24.90665,93.042877,31.5,0.29,16.88,Heavy alluvial clay,Depression Wetland (Beel),260.2,490.8,593.8,0.33,80,1,1
Dhemaji,Jonai / Dhemaji Sadar,Jiadhal & Subansiri,27.665549,94.843957,103.7,1.03,11.39,Alluvial sandy silt,Wetland / Beel,173.9,350.7,533.9,1.55,640,1,1
Dhubri,Bilasipara / Golakganj / Dhubri Sadar,Brahmaputra & Gangadhar,25.994793,90.089515,34.9,0.4,15.44,Fine riverine sand,Paddy Cropland,174.7,333.4,487.8,0.51,388,1,1
Cachar,Silchar Sadar / Katigorah / Sonai,Barak River Basin,24.897741,92.91845,27.0,0.19,12.75,Heavy alluvial clay,Dense Settlement,237.7,436.1,727.5,1.32,266,1,1
Barpeta,Sarthebari / Baghbor / Chenga,Beki & Manas,26.330724,90.952195,47.3,0.29,13.04,Sand bar alluvium,Permanent Wetland,217.8,447.5,563.1,1.64,267,1,1
Dima Hasao,Haflong / Mahur / Umrangso,Diyung & Kopili Upper Gorge,25.381651,93.158883,817.0,14.53,5.69,Red and yellow forest soil,Sub-Tropical Montane Forest,55.6,195.2,211.1,30.04,13123,0,0
Goalpara,Matia / Balijana High Ridges,Southern Granite Inselberg,26.080731,90.713604,167.3,9.27,6.42,Laterite outcrop,Rubber Plantation,71.7,210.1,286.2,10.86,10401,0,0
Nagaon,Kampur / Kaliabor / Samaguri,Kopili & Kolong,26.220429,92.942685,60.2,0.73,12.45,Silty alluvium,Lowland Marsh,195.4,337.9,525.4,1.56,383,1,1
Baksa,Tamulpur North / Nagrijuli Foothill,Bhutan Piedmont Fan,26.870221,91.41082,156.2,6.66,7.43,Coarse boulder-sand,Deciduous Forest,89.3,249.1,356.1,16.67,9616,0,0
Dhemaji,Jonai / Dhemaji Sadar,Jiadhal & Subansiri,27.573858,95.005191,101.3,0.62,13.13,Recent riverine alluvium,Riparian Grassland,209.2,416.9,547.8,1.96,64,1,1
Cachar,Silchar Sadar / Katigorah / Sonai,Barak River Basin,24.746679,92.71704,28.4,0.28,15.78,Heavy alluvial clay,Paddy Cropland,229.8,414.7,711.5,0.17,418,1,1
Dhubri,Bilasipara / Golakganj / Dhubri Sadar,Brahmaputra & Gangadhar,26.028637,89.936764,41.7,0.22,13.25,Hydromorphic alluvial silt,Char Settlement,139.4,287.1,420.4,1.2,189,1,1
Majuli,Kamalabari / Garmur,Brahmaputra Mainstem,27.036552,94.126633,83.9,0.53,12.18,Coarse river sand and silt,Wetland,190.4,264.4,488.7,1.2,108,1,1
Barpeta,Sarthebari / Baghbor / Chenga,Beki & Manas,26.477639,90.907223,42.4,0.79,15.42,Fine alluvial silt,Dense Rural Settlement,217.2,421.7,570.4,1.52,166,1,1
Golaghat,Bokakhat / Kaziranga Northern Fringe,Dhansiri & Brahmaputra,26.62315,93.402031,64.7,0.82,12.02,Marshy organic loam,Wetland,184.2,382.3,472.9,1.43,430,1,1
Golaghat,Bokakhat / Kaziranga Northern Fringe,Dhansiri & Brahmaputra,26.679093,93.323354,72.2,0.65,13.49,Marshy organic loam,Paddy Fringe,208.1,386.4,456.0,1.55,81,1,1
Golaghat,Bokakhat / Kaziranga Northern Fringe,Dhansiri & Brahmaputra,26.520391,93.391937,74.5,0.8,13.08,Marshy organic loam,Wetland,171.9,369.4,436.7,0.5,258,1,1
Cachar,Silchar Sadar / Katigorah / Sonai,Barak River Basin,24.79139,92.907767,32.4,0.38,16.75,Heavy alluvial clay,Depression Wetland (Beel),221.2,508.9,666.3,1.29,399,1,1
Nagaon,Kampur / Kaliabor / Samaguri,Kopili & Kolong,26.185864,93.037799,66.9,1.02,13.85,Silty alluvium,Paddy Cropland,140.4,368.7,559.1,2.02,268,1,1
Golaghat,Bokakhat / Kaziranga Northern Fringe,Dhansiri & Brahmaputra,26.653682,93.509277,65.6,0.48,15.35,Marshy organic loam,National Park Grassland,141.6,333.2,537.2,1.0,447,1,1
Golaghat,Bokakhat / Kaziranga Northern Fringe,Dhansiri & Brahmaputra,26.561526,93.503579,65.6,0.58,14.05,Marshy organic loam,National Park Grassland,155.5,334.5,536.8,0.91,267,1,1
Cachar,Silchar Sadar / Katigorah / Sonai,Barak River Basin,24.720194,92.874012,34.8,0.17,13.55,Heavy alluvial clay,Dense Settlement,253.7,457.0,590.0,0.71,184,1,1
Dhubri,Bilasipara / Golakganj / Dhubri Sadar,Brahmaputra & Gangadhar,26.131787,90.290195,42.8,0.45,13.51,Fine riverine sand,Char Settlement,182.7,340.1,448.1,1.04,323,1,1
Dhemaji,Jonai / Dhemaji Sadar,Jiadhal & Subansiri,27.749766,94.609198,100.1,0.97,11.04,Alluvial sandy silt,Low-lying Rural Settlement,186.3,410.8,507.9,2.02,275,1,1
Goalpara,Matia / Balijana High Ridges,Southern Granite Inselberg,26.185041,90.612836,157.3,14.87,5.87,Gravelly red loam,Rubber Plantation,66.3,216.4,186.8,14.9,13547,0,0
Dima Hasao,Haflong / Mahur / Umrangso,Diyung & Kopili Upper Gorge,25.375857,92.805351,677.0,31.79,6.64,Gravelly skeletal clay,Sub-Tropical Montane Forest,98.4,131.0,200.4,23.85,19262,0,0
Jorhat,Teok / Titabar / Mariani,Bhogdoi Highland Terrace,26.771298,94.356928,130.4,2.14,5.93,Deep red acidic loam,Elevated Homestead,102.1,161.3,263.6,8.85,8611,0,0
Barpeta,Sarthebari / Baghbor / Chenga,Beki & Manas,26.311582,90.806119,44.5,0.47,11.75,Clayey hydromorphic loam,Paddy Cropland,171.6,462.3,643.9,1.01,292,1,1
Karbi Anglong,Diphu / Phuloni / Bokajan,Upper Dhansiri Plateau,26.330669,93.265321,435.7,8.43,5.53,Lateritic gravelly clay,Dense Tropical Forest,46.5,117.4,184.9,12.47,4587,0,0
Nagaon,Kampur / Kaliabor / Samaguri,Kopili & Kolong,26.093428,92.751174,69.8,0.7,11.77,Alluvial clay loam,Lowland Marsh,149.2,406.2,496.0,2.51,515,1,1
Sonitpur,Tezpur High Terraces / Dhekiajuli North,Jia Bharali High Bank,26.736257,92.519187,114.9,6.69,5.21,Sandy loam,Urban Cantonment,67.7,181.3,307.1,4.95,13233,0,0
Goalpara,Matia / Balijana High Ridges,Southern Granite Inselberg,26.139857,90.558765,181.3,13.98,6.93,Laterite outcrop,Rubber Plantation,93.3,206.5,216.4,13.69,6672,0,0
Karbi Anglong,Diphu / Phuloni / Bokajan,Upper Dhansiri Plateau,26.026473,93.374451,423.7,17.78,7.04,Lateritic gravelly clay,Dense Tropical Forest,65.9,127.2,240.9,21.78,22411,0,0
Dhubri,Bilasipara / Golakganj / Dhubri Sadar,Brahmaputra & Gangadhar,26.040209,90.267916,36.7,0.39,16.24,Fine riverine sand,Char Settlement,183.0,388.7,444.0,0.37,210,1,1
Golaghat,Bokakhat / Kaziranga Northern Fringe,Dhansiri & Brahmaputra,26.572313,93.405963,70.9,0.76,13.91,Marshy organic loam,Wetland,157.0,344.7,475.7,1.22,620,1,1
Dhubri,Bilasipara / Golakganj / Dhubri Sadar,Brahmaputra & Gangadhar,26.209885,90.195938,40.7,0.48,13.81,Fine riverine sand,Paddy Cropland,174.0,335.6,488.6,1.05,379,1,1
Golaghat,Bokakhat / Kaziranga Northern Fringe,Dhansiri & Brahmaputra,26.633572,93.537408,69.9,0.48,13.73,Alluvial silt loam,National Park Grassland,141.5,330.8,426.8,1.93,122,1,1
Jorhat,Teok / Titabar / Mariani,Bhogdoi Highland Terrace,26.792146,94.273861,113.6,3.71,7.92,Old alluvial terrace soil,Commercial Tea Plantation,94.3,195.3,252.6,8.63,13858,0,0
Morigaon,Mayong / Laharighat / Bhuragaon,Brahmaputra & Kopili,26.272052,92.244335,52.0,0.61,12.43,Organic silty clay,Paddy Cropland,179.7,396.1,451.4,1.99,319,1,1
Dima Hasao,Haflong / Mahur / Umrangso,Diyung & Kopili Upper Gorge,25.391468,93.224596,737.9,24.39,6.02,Gravelly skeletal clay,Settlement on Ridge,60.1,116.1,174.3,16.46,26344,0,0
Lakhimpur,Kadam / Narayanpur / Bihpuria,Ranganadi & Dikrong,27.30345,94.070153,90.4,0.57,14.27,Alluvial fine sand,Rural Homestead,136.0,371.6,429.8,1.67,366,1,1
Kamrup Metropolitan,Dispur / Chandrapur / Sonapur Hills,Southern Highland Divide,26.200729,91.747215,195.9,17.94,6.9,Red gravelly loam,Rocky Outcrop / Hill Scrub,113.1,211.7,279.4,6.66,5150,0,0
Dima Hasao,Haflong / Mahur / Umrangso,Diyung & Kopili Upper Gorge,25.3483,92.949421,667.7,29.68,4.55,Gravelly skeletal clay,Sub-Tropical Montane Forest,56.1,201.2,228.4,21.8,23803,0,0
Kamrup Metropolitan,Dispur / Chandrapur / Sonapur Hills,Southern Highland Divide,26.186354,91.923098,249.6,11.61,6.27,Red gravelly loam,Reserved Forest Upland,97.6,142.3,297.2,5.68,6912,0,0
Kamrup Metropolitan,Dispur / Chandrapur / Sonapur Hills,Southern Highland Divide,26.19145,91.819238,258.4,7.56,5.1,Ferruginous weathered rock,Reserved Forest Upland,117.2,153.2,218.0,12.34,5119,0,0
Dhubri,Bilasipara / Golakganj / Dhubri Sadar,Brahmaputra & Gangadhar,26.054957,90.003746,37.0,0.43,14.47,Fine riverine sand,Riparian Wetland,187.9,373.1,415.9,1.52,429,1,1
Dima Hasao,Haflong / Mahur / Umrangso,Diyung & Kopili Upper Gorge,25.251557,93.166479,520.3,13.72,6.29,Gravelly skeletal clay,Settlement on Ridge,67.6,155.0,242.6,18.12,19860,0,0
Sonitpur,Tezpur High Terraces / Dhekiajuli North,Jia Bharali High Bank,26.761432,92.507333,104.0,2.5,5.46,Piedmont coarse alluvium,Tea Plantation,87.7,181.9,232.4,12.36,5648,0,0
Lakhimpur,Kadam / Narayanpur / Bihpuria,Ranganadi & Dikrong,27.282818,94.156787,92.3,0.22,15.26,Clayey loam,Alluvial Lowland,144.4,361.4,436.3,1.05,84,1,1
Sonitpur,Tezpur High Terraces / Dhekiajuli North,Jia Bharali High Bank,26.811842,92.55103,99.9,4.19,7.44,Sandy loam,Tea Plantation,109.6,229.1,261.0,8.63,11514,0,0
Dhemaji,Jonai / Dhemaji Sadar,Jiadhal & Subansiri,27.506495,94.720022,107.9,0.88,12.56,Silty clay loam,Wetland / Beel,159.8,298.3,413.6,1.31,403,1,1
Cachar,Silchar Sadar / Katigorah / Sonai,Barak River Basin,24.750524,92.768316,31.1,0.15,14.5,Hydromorphic depression silt,Dense Settlement,270.1,517.0,525.4,0.81,351,1,1
Kamrup Metropolitan,Dispur / Chandrapur / Sonapur Hills,Southern Highland Divide,26.209815,91.767609,245.5,16.64,5.42,Red gravelly loam,Highland Residential Built-up,60.1,164.7,268.7,8.74,4457,0,0
Jorhat,Teok / Titabar / Mariani,Bhogdoi Highland Terrace,26.82793,94.258517,106.0,4.79,6.32,Deep red acidic loam,Elevated Homestead,108.0,119.8,201.4,10.28,9039,0,0
Cachar,Silchar Sadar / Katigorah / Sonai,Barak River Basin,24.831896,93.004086,28.8,0.21,12.37,Heavy alluvial clay,Dense Settlement,220.8,524.8,661.5,0.87,434,1,1
Dima Hasao,Haflong / Mahur / Umrangso,Diyung & Kopili Upper Gorge,25.052761,92.875779,595.9,13.94,6.05,Gravelly skeletal clay,Settlement on Ridge,94.3,183.3,192.2,18.12,22897,0,0
Lakhimpur,Kadam / Narayanpur / Bihpuria,Ranganadi & Dikrong,27.223334,94.121297,88.6,0.35,12.54,Alluvial fine sand,Rural Homestead,190.8,296.5,472.4,2.34,395,1,1
Goalpara,Matia / Balijana High Ridges,Southern Granite Inselberg,26.193411,90.694372,183.2,9.53,6.0,Gravelly red loam,Rubber Plantation,81.6,124.1,251.2,13.01,6648,0,0
Karbi Anglong,Diphu / Phuloni / Bokajan,Upper Dhansiri Plateau,26.314798,93.372648,269.4,7.61,7.64,Lateritic gravelly clay,Dense Tropical Forest,91.9,155.2,156.9,8.46,19424,0,0
Lakhimpur,Kadam / Narayanpur / Bihpuria,Ranganadi & Dikrong,27.168049,94.289663,95.8,0.42,14.59,Alluvial fine sand,Alluvial Lowland,195.6,306.8,434.8,1.59,799,1,1
Lakhimpur,Kadam / Narayanpur / Bihpuria,Ranganadi & Dikrong,27.023462,94.266072,90.0,0.77,13.24,Alluvial fine sand,Alluvial Lowland,208.4,301.7,472.7,1.14,743,1,1
Goalpara,Matia / Balijana High Ridges,Southern Granite Inselberg,26.072327,90.695699,93.2,6.47,5.88,Gravelly red loam,Rubber Plantation,61.5,188.3,256.7,7.01,4646,0,0
Barpeta,Sarthebari / Baghbor / Chenga,Beki & Manas,26.268556,90.854625,46.6,0.5,11.96,Sand bar alluvium,Permanent Wetland,237.7,395.6,550.4,1.1,152,1,1
Sonitpur,Tezpur High Terraces / Dhekiajuli North,Jia Bharali High Bank,26.623259,92.715798,101.7,5.84,5.4,Piedmont coarse alluvium,Urban Cantonment,107.4,139.2,252.1,7.03,5185,0,0
Morigaon,Mayong / Laharighat / Bhuragaon,Brahmaputra & Kopili,26.182136,92.405758,57.8,0.5,11.04,Organic silty clay,Rural Floodplain Settlement,202.0,399.3,474.1,1.82,518,1,1
Kamrup Metropolitan,Dispur / Chandrapur / Sonapur Hills,Southern Highland Divide,26.180079,91.925404,196.2,21.86,5.33,Ferruginous weathered rock,Rocky Outcrop / Hill Scrub,96.9,141.8,310.0,15.08,13799,0,0
Kamrup Metropolitan,Dispur / Chandrapur / Sonapur Hills,Southern Highland Divide,26.174748,91.833102,135.6,7.21,5.2,Red gravelly loam,Highland Residential Built-up,102.2,205.0,221.7,13.0,14434,0,0
Dhemaji,Jonai / Dhemaji Sadar,Jiadhal & Subansiri,27.639096,94.55,88.9,0.4,13.45,Silty clay loam,Wetland / Beel,145.1,339.6,579.3,1.26,632,1,1
Karbi Anglong,Diphu / Phuloni / Bokajan,Upper Dhansiri Plateau,26.170246,93.271003,239.8,17.1,4.56,Lateritic gravelly clay,Rubber / Coffee Plantation,52.9,140.1,259.9,13.89,9476,0,0
Nalbari,Barkhetri / Paschim Nalbari,Pagladiya & Puthimari,26.384519,91.456775,57.6,0.71,14.51,Alluvial silt loam,Rural Settlement,156.3,436.4,554.3,1.4,636,1,1
Dhubri,Bilasipara / Golakganj / Dhubri Sadar,Brahmaputra & Gangadhar,26.049843,89.94041,38.9,0.34,13.26,Hydromorphic alluvial silt,Char Settlement,185.8,274.1,402.0,1.4,130,1,1
Morigaon,Mayong / Laharighat / Bhuragaon,Brahmaputra & Kopili,26.191916,92.376911,59.4,0.31,12.06,Clayey alluvium,Rural Floodplain Settlement,166.5,357.3,433.2,1.63,472,1,1
Cachar,Silchar Sadar / Katigorah / Sonai,Barak River Basin,24.884542,92.691315,24.8,0.44,13.4,Hydromorphic depression silt,Urban Built-up / Commercial,195.6,498.9,725.2,1.11,134,1,1
Nalbari,Barkhetri / Paschim Nalbari,Pagladiya & Puthimari,26.45886,91.339212,49.5,0.81,14.46,Clayey loam,Wetland,175.4,348.1,451.9,0.81,559,1,1
Morigaon,Mayong / Laharighat / Bhuragaon,Brahmaputra & Kopili,26.342126,92.230942,52.7,0.52,12.87,Riverine silt,Rural Floodplain Settlement,200.4,306.6,491.1,1.01,483,1,1
Kamrup Metropolitan,Dispur / Chandrapur / Sonapur Hills,Southern Highland Divide,26.176851,91.898831,223.7,18.67,7.7,Ferruginous weathered rock,Rocky Outcrop / Hill Scrub,82.0,142.0,200.7,10.13,11191,0,0
Karbi Anglong,Diphu / Phuloni / Bokajan,Upper Dhansiri Plateau,26.013549,93.424688,223.8,11.58,5.14,Skeletal rocky soil,Rubber / Coffee Plantation,60.3,151.6,195.0,6.23,6797,0,0
Cachar,Silchar Sadar / Katigorah / Sonai,Barak River Basin,24.817549,92.978029,28.2,0.24,14.24,Heavy alluvial clay,Paddy Cropland,254.8,435.8,723.8,0.99,34,1,1
Dima Hasao,Haflong / Mahur / Umrangso,Diyung & Kopili Upper Gorge,25.142952,93.113534,768.3,28.23,5.62,Red and yellow forest soil,Hilly Terrain,81.6,169.8,176.3,18.19,10841,0,0
Morigaon,Mayong / Laharighat / Bhuragaon,Brahmaputra & Kopili,26.271539,92.361061,50.4,0.28,12.06,Riverine silt,Paddy Cropland,221.8,320.2,538.4,1.85,487,1,1
Goalpara,Matia / Balijana High Ridges,Southern Granite Inselberg,26.143981,90.568641,163.1,11.39,6.32,Gravelly red loam,Mixed Scrub and Rocky Outcrop,61.9,210.2,243.5,7.2,7264,0,0
Kamrup Metropolitan,Dispur / Chandrapur / Sonapur Hills,Southern Highland Divide,26.188645,91.914195,235.0,11.49,7.52,Red gravelly loam,Reserved Forest Upland,80.2,197.8,318.7,13.21,7997,0,0
Cachar,Silchar Sadar / Katigorah / Sonai,Barak River Basin,24.847691,92.657487,30.4,0.3,16.6,Hydromorphic depression silt,Urban Built-up / Commercial,209.4,395.3,736.4,1.06,382,1,1
Barpeta,Sarthebari / Baghbor / Chenga,Beki & Manas,26.198154,90.85431,51.3,0.55,13.46,Fine alluvial silt,Char Land,179.6,425.5,521.8,1.08,521,1,1
Nalbari,Barkhetri / Paschim Nalbari,Pagladiya & Puthimari,26.497677,91.509288,57.0,0.32,13.42,Alluvial silt loam,Wetland,216.9,423.5,595.3,1.48,172,1,1
Nagaon,Kampur / Kaliabor / Samaguri,Kopili & Kolong,26.193896,92.97751,71.6,0.37,11.1,Silty alluvium,Rural Settlement,166.6,362.1,482.8,2.17,136,1,1
Barpeta,Sarthebari / Baghbor / Chenga,Beki & Manas,26.416881,90.775026,42.1,0.72,12.38,Clayey hydromorphic loam,Char Land,169.7,440.6,563.2,1.75,199,1,1
Barpeta,Sarthebari / Baghbor / Chenga,Beki & Manas,26.278251,90.907018,42.3,0.41,13.65,Fine alluvial silt,Dense Rural Settlement,210.2,440.8,533.2,0.58,99,1,1
Sonitpur,Tezpur High Terraces / Dhekiajuli North,Jia Bharali High Bank,26.78563,92.790958,90.4,5.12,7.94,Piedmont coarse alluvium,High Alluvial Orchard,71.6,181.8,329.1,4.06,10716,0,0
Jorhat,Teok / Titabar / Mariani,Bhogdoi Highland Terrace,26.614826,94.279018,130.3,4.85,6.73,Deep red acidic loam,Agroforestry,65.8,197.6,251.9,14.26,13370,0,0
Majuli,Kamalabari / Garmur,Brahmaputra Mainstem,27.043226,94.16369,85.0,0.49,15.07,Coarse river sand and silt,Paddy Cropland,160.2,364.2,488.1,0.83,157,1,1
Goalpara,Matia / Balijana High Ridges,Southern Granite Inselberg,26.15554,90.536922,100.7,12.74,7.15,Gravelly red loam,Mixed Scrub and Rocky Outcrop,62.1,211.0,233.3,11.74,10729,0,0
Barpeta,Sarthebari / Baghbor / Chenga,Beki & Manas,26.273191,90.806543,45.3,0.56,14.2,Clayey hydromorphic loam,Char Land,214.0,444.0,589.7,1.8,323,1,1
Dima Hasao,Haflong / Mahur / Umrangso,Diyung & Kopili Upper Gorge,25.068143,92.898733,351.8,16.46,4.26,Red and yellow forest soil,Sub-Tropical Montane Forest,99.1,205.3,213.1,27.98,10927,0,0
Karbi Anglong,Diphu / Phuloni / Bokajan,Upper Dhansiri Plateau,26.035483,93.740623,421.6,23.81,6.24,Skeletal rocky soil,Mixed Deciduous Forest,56.5,150.0,237.8,18.6,6939,0,0
Majuli,Kamalabari / Garmur,Brahmaputra Mainstem,27.001011,94.140036,84.5,0.27,15.51,Active alluvial deposits,Paddy Cropland,176.6,354.9,453.8,1.16,103,1,1
Baksa,Tamulpur North / Nagrijuli Foothill,Bhutan Piedmont Fan,26.762999,91.544892,132.0,6.49,7.44,Bhabar gravelly loam,Foothill Plantation,120.5,171.4,332.8,13.18,9475,0,0
Tinsukia,Digboi / Margherita / Ledo,Dehing Foothill Basin,27.326972,95.712064,209.5,6.87,7.17,Laterite,Highland Industrial / Township,70.6,142.7,334.8,8.44,5498,0,0
Barpeta,Sarthebari / Baghbor / Chenga,Beki & Manas,26.198158,90.816883,44.0,0.38,15.18,Clayey hydromorphic loam,Dense Rural Settlement,221.3,414.4,584.8,0.93,109,1,1
Tinsukia,Digboi / Margherita / Ledo,Dehing Foothill Basin,27.436081,95.6924,173.8,13.42,7.91,Sandy clay red loam,Tea Estate,115.3,229.2,279.4,19.9,15229,0,0
Dhemaji,Jonai / Dhemaji Sadar,Jiadhal & Subansiri,27.590122,95.184202,97.2,0.54,11.66,Silty clay loam,Low-lying Rural Settlement,186.8,406.7,477.9,0.64,648,1,1
Karbi Anglong,Diphu / Phuloni / Bokajan,Upper Dhansiri Plateau,25.953645,93.581163,386.1,18.98,6.75,Skeletal rocky soil,Hilly Homestead,45.2,95.3,179.9,11.17,23072,0,0
Barpeta,Sarthebari / Baghbor / Chenga,Beki & Manas,26.187978,91.089672,48.1,0.61,12.27,Sand bar alluvium,Char Land,174.8,364.0,575.2,1.73,158,1,1
Cachar,Silchar Sadar / Katigorah / Sonai,Barak River Basin,24.759376,92.78743,33.8,0.46,15.99,Heavy alluvial clay,Dense Settlement,223.2,478.7,709.7,0.46,223,1,1
Lakhimpur,Kadam / Narayanpur / Bihpuria,Ranganadi & Dikrong,27.238353,93.910713,97.6,0.69,11.95,Riverine silt loam,Alluvial Lowland,174.2,282.1,538.8,2.31,412,1,1
Dima Hasao,Haflong / Mahur / Umrangso,Diyung & Kopili Upper Gorge,25.464088,92.927718,466.5,25.19,3.73,Red and yellow forest soil,Hilly Terrain,65.3,196.0,223.4,12.24,8657,0,0
Kamrup Metropolitan,Dispur / Chandrapur / Sonapur Hills,Southern Highland Divide,26.155234,91.944691,243.4,18.71,4.89,Ferruginous weathered rock,Highland Residential Built-up,112.2,193.4,261.6,13.89,6037,0,0
Jorhat,Teok / Titabar / Mariani,Bhogdoi Highland Terrace,26.581255,94.304678,108.9,4.89,5.62,Old alluvial terrace soil,Elevated Homestead,54.2,119.5,266.3,15.54,8570,0,0
Morigaon,Mayong / Laharighat / Bhuragaon,Brahmaputra & Kopili,26.250603,92.038713,58.2,0.29,11.83,Riverine silt,Wetland / Marshland,148.3,339.1,472.3,0.57,515,1,1
Golaghat,Bokakhat / Kaziranga Northern Fringe,Dhansiri & Brahmaputra,26.630568,93.348655,68.9,0.89,13.3,Marshy organic loam,National Park Grassland,137.2,385.9,433.4,1.76,166,1,1
Baksa,Tamulpur North / Nagrijuli Foothill,Bhutan Piedmont Fan,26.908458,91.440221,100.3,3.57,5.93,Bhabar gravelly loam,Deciduous Forest,86.3,230.3,262.2,14.38,9545,0,0
Jorhat,Teok / Titabar / Mariani,Bhogdoi Highland Terrace,26.846709,94.389035,106.9,4.39,8.11,Deep red acidic loam,Commercial Tea Plantation,62.7,112.3,261.0,11.79,8276,0,0
Dima Hasao,Haflong / Mahur / Umrangso,Diyung & Kopili Upper Gorge,25.143981,92.93569,649.4,31.66,3.84,Red and yellow forest soil,Hilly Terrain,91.0,208.1,260.5,26.3,29336,0,0
Karbi Anglong,Diphu / Phuloni / Bokajan,Upper Dhansiri Plateau,25.995669,93.611606,250.8,13.9,4.72,Red loamy soil,Mixed Deciduous Forest,64.2,112.9,210.7,16.79,11868,0,0
Jorhat,Teok / Titabar / Mariani,Bhogdoi Highland Terrace,26.672345,94.383358,109.9,2.92,6.88,Deep red acidic loam,Agroforestry,107.9,153.7,279.5,13.63,15699,0,0
Barpeta,Sarthebari / Baghbor / Chenga,Beki & Manas,26.301288,91.015658,44.9,0.24,14.01,Fine alluvial silt,Permanent Wetland,202.1,388.4,528.2,1.08,106,1,1
Golaghat,Bokakhat / Kaziranga Northern Fringe,Dhansiri & Brahmaputra,26.663161,93.580853,74.3,0.52,11.06,Marshy organic loam,Paddy Fringe,164.7,347.9,501.5,0.5,338,1,1
Sonitpur,Tezpur High Terraces / Dhekiajuli North,Jia Bharali High Bank,26.640277,92.817204,92.3,2.93,6.25,Piedmont coarse alluvium,Tea Plantation,74.1,171.2,201.4,11.97,5714,0,0
Karbi Anglong,Diphu / Phuloni / Bokajan,Upper Dhansiri Plateau,26.200575,93.457657,445.0,19.15,5.61,Lateritic gravelly clay,Hilly Homestead,84.0,166.0,214.6,12.21,19734,0,0
Dima Hasao,Haflong / Mahur / Umrangso,Diyung & Kopili Upper Gorge,25.315891,93.096494,587.6,20.26,4.12,Gravelly skeletal clay,Sub-Tropical Montane Forest,107.4,207.0,265.7,26.3,11605,0,0
Baksa,Tamulpur North / Nagrijuli Foothill,Bhutan Piedmont Fan,26.898505,91.452114,147.5,5.92,6.41,Bhabar gravelly loam,Foothill Plantation,119.6,178.9,329.5,10.83,4304,0,0
Dhubri,Bilasipara / Golakganj / Dhubri Sadar,Brahmaputra & Gangadhar,26.063434,90.227181,42.2,0.28,12.67,Fine riverine sand,Riparian Wetland,132.9,381.0,490.0,1.54,214,1,1
Lakhimpur,Kadam / Narayanpur / Bihpuria,Ranganadi & Dikrong,27.127312,93.944904,84.0,0.88,12.98,Clayey loam,Paddy Cropland,134.0,313.4,538.3,2.03,227,1,1
Jorhat,Teok / Titabar / Mariani,Bhogdoi Highland Terrace,26.665717,94.226011,122.2,3.18,7.33,Deep red acidic loam,Commercial Tea Plantation,99.7,190.1,239.3,8.11,13271,0,0
Dhemaji,Jonai / Dhemaji Sadar,Jiadhal & Subansiri,27.541689,94.557405,91.9,0.5,11.34,Alluvial sandy silt,Riparian Grassland,143.6,297.1,459.7,2.09,432,1,1
Nalbari,Barkhetri / Paschim Nalbari,Pagladiya & Puthimari,26.349997,91.411561,55.0,0.82,13.57,Alluvial silt loam,Paddy Cropland,214.6,348.1,450.2,1.82,429,1,1
Nalbari,Barkhetri / Paschim Nalbari,Pagladiya & Puthimari,26.317974,91.523603,48.9,0.89,10.97,Alluvial silt loam,Wetland,185.7,347.1,479.9,0.54,224,1,1
Kamrup Metropolitan,Dispur / Chandrapur / Sonapur Hills,Southern Highland Divide,26.089424,91.844461,273.3,11.18,4.83,Red gravelly loam,Reserved Forest Upland,81.2,179.4,252.6,15.69,10420,0,0
Goalpara,Matia / Balijana High Ridges,Southern Granite Inselberg,26.130738,90.569391,163.0,8.38,4.32,Laterite outcrop,Rubber Plantation,98.0,173.3,231.6,16.06,4691,0,0
Dhemaji,Jonai / Dhemaji Sadar,Jiadhal & Subansiri,27.502684,94.533557,101.2,1.0,15.13,Alluvial sandy silt,Paddy Cropland,162.2,372.6,472.0,0.94,175,1,1
Tinsukia,Digboi / Margherita / Ledo,Dehing Foothill Basin,27.425331,95.812632,177.4,5.74,6.11,Sandy clay red loam,Highland Industrial / Township,106.1,225.0,327.0,20.15,5232,0,0
Jorhat,Teok / Titabar / Mariani,Bhogdoi Highland Terrace,26.843886,94.226904,132.1,3.46,6.94,Old alluvial terrace soil,Agroforestry,80.3,173.1,264.1,17.04,13155,0,0
Lakhimpur,Kadam / Narayanpur / Bihpuria,Ranganadi & Dikrong,27.259329,93.906909,88.9,0.43,14.06,Alluvial fine sand,Rural Homestead,133.6,321.4,479.9,0.32,297,1,1
Barpeta,Sarthebari / Baghbor / Chenga,Beki & Manas,26.283666,90.823781,48.0,0.46,11.64,Sand bar alluvium,Char Land,210.3,398.3,599.8,0.53,423,1,1
Lakhimpur,Kadam / Narayanpur / Bihpuria,Ranganadi & Dikrong,27.020673,94.283224,84.1,0.49,14.58,Clayey loam,Alluvial Lowland,143.9,276.8,501.3,1.46,616,1,1
Jorhat,Teok / Titabar / Mariani,Bhogdoi Highland Terrace,26.740381,94.441776,122.5,3.36,6.32,Old alluvial terrace soil,Commercial Tea Plantation,84.0,209.0,270.2,13.07,7174,0,0
Sonitpur,Tezpur High Terraces / Dhekiajuli North,Jia Bharali High Bank,26.681422,92.689632,124.0,4.09,5.93,Piedmont coarse alluvium,Urban Cantonment,74.4,197.3,291.9,10.7,8067,0,0
Majuli,Kamalabari / Garmur,Brahmaputra Mainstem,27.065535,94.098337,78.3,0.58,12.38,Active alluvial deposits,Riparian Grassland,140.0,359.4,415.2,0.89,144,1,1
Jorhat,Teok / Titabar / Mariani,Bhogdoi Highland Terrace,26.674213,94.306492,121.1,4.42,5.86,Old alluvial terrace soil,Agroforestry,105.0,202.2,262.2,8.99,9273,0,0
Dhemaji,Jonai / Dhemaji Sadar,Jiadhal & Subansiri,27.491347,94.716861,103.0,0.81,11.86,Alluvial sandy silt,Wetland / Beel,164.3,342.3,456.3,1.28,312,1,1
Majuli,Kamalabari / Garmur,Brahmaputra Mainstem,27.050295,94.281072,79.4,0.28,13.08,Coarse river sand and silt,Paddy Cropland,180.3,263.2,452.0,0.62,367,1,1
Dima Hasao,Haflong / Mahur / Umrangso,Diyung & Kopili Upper Gorge,25.117028,93.229191,591.0,27.24,4.91,Red and yellow forest soil,Hilly Terrain,88.2,127.6,219.5,16.26,12797,0,0
Majuli,Kamalabari / Garmur,Brahmaputra Mainstem,26.926564,94.273841,82.6,0.32,15.69,Active alluvial deposits,Wetland,182.2,356.2,398.0,0.45,299,1,1
Kamrup Metropolitan,Dispur / Chandrapur / Sonapur Hills,Southern Highland Divide,26.105366,91.948138,212.5,16.52,5.35,Red gravelly loam,Rocky Outcrop / Hill Scrub,76.4,149.2,209.0,4.7,5795,0,0
Tinsukia,Digboi / Margherita / Ledo,Dehing Foothill Basin,27.517814,95.726471,185.3,12.05,7.26,Laterite,Tea Estate,95.4,249.2,241.0,20.62,9210,0,0
Nagaon,Kampur / Kaliabor / Samaguri,Kopili & Kolong,26.180174,92.956389,60.2,0.74,10.91,Silty alluvium,Lowland Marsh,164.3,349.8,433.7,2.08,385,1,1
Dima Hasao,Haflong / Mahur / Umrangso,Diyung & Kopili Upper Gorge,25.130907,93.223903,636.4,14.55,4.53,Gravelly skeletal clay,Settlement on Ridge,73.6,169.0,194.7,18.48,16168,0,0
Golaghat,Bokakhat / Kaziranga Northern Fringe,Dhansiri & Brahmaputra,26.569294,93.455952,70.2,0.43,14.91,Marshy organic loam,Wetland,147.3,374.6,534.7,1.54,351,1,1
Dima Hasao,Haflong / Mahur / Umrangso,Diyung & Kopili Upper Gorge,25.258351,93.132642,747.0,18.97,6.6,Gravelly skeletal clay,Settlement on Ridge,99.1,139.4,195.4,11.87,18481,0,0
Dima Hasao,Haflong / Mahur / Umrangso,Diyung & Kopili Upper Gorge,25.253716,93.061534,669.1,27.81,5.64,Red and yellow forest soil,Sub-Tropical Montane Forest,82.1,133.4,198.4,19.48,15049,0,0
Barpeta,Sarthebari / Baghbor / Chenga,Beki & Manas,26.227273,91.116559,47.3,0.55,15.13,Clayey hydromorphic loam,Char Land,234.5,487.9,568.6,0.86,180,1,1
Lakhimpur,Kadam / Narayanpur / Bihpuria,Ranganadi & Dikrong,27.235416,94.078418,86.8,1.0,14.9,Riverine silt loam,Paddy Cropland,175.8,344.7,538.9,0.95,784,1,1
Dima Hasao,Haflong / Mahur / Umrangso,Diyung & Kopili Upper Gorge,25.119414,92.852529,396.2,26.23,4.77,Red and yellow forest soil,Settlement on Ridge,107.6,126.6,225.5,26.68,18015,0,0
Nagaon,Kampur / Kaliabor / Samaguri,Kopili & Kolong,26.054222,92.911658,68.1,0.41,11.15,Alluvial clay loam,Lowland Marsh,210.8,346.8,401.5,1.43,320,1,1
Jorhat,Teok / Titabar / Mariani,Bhogdoi Highland Terrace,26.655746,94.388614,119.5,2.09,8.03,Old alluvial terrace soil,Elevated Homestead,89.6,183.5,194.7,7.48,17632,0,0
Dhemaji,Jonai / Dhemaji Sadar,Jiadhal & Subansiri,27.423092,95.025038,89.2,0.36,10.65,Recent riverine alluvium,Paddy Cropland,159.0,377.0,446.4,0.46,611,1,1
Jorhat,Teok / Titabar / Mariani,Bhogdoi Highland Terrace,26.751059,94.301737,109.8,2.76,8.48,Old alluvial terrace soil,Commercial Tea Plantation,109.6,158.4,243.7,13.33,7059,0,0
Dhemaji,Jonai / Dhemaji Sadar,Jiadhal & Subansiri,27.837912,95.066711,98.2,0.4,13.44,Silty clay loam,Riparian Grassland,169.9,311.0,572.1,2.04,601,1,1
Lakhimpur,Kadam / Narayanpur / Bihpuria,Ranganadi & Dikrong,27.115337,94.245341,82.2,0.63,12.98,Clayey loam,Rural Homestead,176.8,376.9,531.0,0.54,248,1,1
Lakhimpur,Kadam / Narayanpur / Bihpuria,Ranganadi & Dikrong,27.19383,93.956369,92.5,0.38,11.32,Clayey loam,Alluvial Lowland,191.0,344.6,511.1,2.16,781,1,1
Tinsukia,Digboi / Margherita / Ledo,Dehing Foothill Basin,27.283576,95.787543,222.2,5.3,5.21,Sandy clay red loam,Evergreen Forest Scarp,85.4,206.3,325.8,21.97,6945,0,0
Nalbari,Barkhetri / Paschim Nalbari,Pagladiya & Puthimari,26.369396,91.59232,50.9,0.63,14.46,Clayey loam,Wetland,173.8,323.4,502.9,1.5,374,1,1
Tinsukia,Digboi / Margherita / Ledo,Dehing Foothill Basin,27.499922,95.859085,153.0,13.9,6.7,Laterite,Highland Industrial / Township,89.7,188.2,276.1,15.82,19171,0,0
Goalpara,Matia / Balijana High Ridges,Southern Granite Inselberg,26.198197,90.586495,186.5,7.84,5.88,Laterite outcrop,Mixed Scrub and Rocky Outcrop,72.2,193.1,305.2,9.66,6457,0,0
Barpeta,Sarthebari / Baghbor / Chenga,Beki & Manas,26.264233,90.86026,51.3,0.64,12.03,Sand bar alluvium,Permanent Wetland,225.1,472.6,482.7,0.53,91,1,1
Lakhimpur,Kadam / Narayanpur / Bihpuria,Ranganadi & Dikrong,27.296725,94.055388,87.1,0.58,15.18,Alluvial fine sand,Alluvial Lowland,169.6,274.8,465.3,1.6,706,1,1
Dhubri,Bilasipara / Golakganj / Dhubri Sadar,Brahmaputra & Gangadhar,25.998603,90.004608,37.9,0.6,16.45,Hydromorphic alluvial silt,Paddy Cropland,157.3,321.1,410.6,1.37,336,1,1
Goalpara,Matia / Balijana High Ridges,Southern Granite Inselberg,26.105972,90.500554,191.2,12.35,4.02,Laterite outcrop,Rubber Plantation,103.0,176.8,228.7,5.83,5482,0,0
Lakhimpur,Kadam / Narayanpur / Bihpuria,Ranganadi & Dikrong,27.158284,94.253244,93.9,0.47,11.35,Riverine silt loam,Paddy Cropland,198.8,364.1,537.0,2.43,659,1,1
Nalbari,Barkhetri / Paschim Nalbari,Pagladiya & Puthimari,26.549263,91.488168,56.0,0.45,14.39,Alluvial silt loam,Paddy Cropland,194.5,387.3,577.1,1.44,646,1,1
Majuli,Kamalabari / Garmur,Brahmaputra Mainstem,27.089788,94.232998,78.8,0.52,16.09,Active alluvial deposits,Char / River Island Sandbar,144.1,368.6,399.2,0.71,427,1,1
Tinsukia,Digboi / Margherita / Ledo,Dehing Foothill Basin,27.394278,95.645712,208.4,14.57,6.38,Laterite,Evergreen Forest Scarp,110.3,151.8,264.2,13.37,5419,0,0
Tinsukia,Digboi / Margherita / Ledo,Dehing Foothill Basin,27.388924,95.852938,213.0,14.15,5.18,Laterite,Evergreen Forest Scarp,70.6,155.0,246.2,17.03,19526,0,0
Majuli,Kamalabari / Garmur,Brahmaputra Mainstem,26.944193,94.131813,78.8,0.25,13.84,Active alluvial deposits,Paddy Cropland,181.9,372.1,473.7,0.37,96,1,1
Tinsukia,Digboi / Margherita / Ledo,Dehing Foothill Basin,27.431207,95.747288,196.6,7.6,5.5,Laterite,Evergreen Forest Scarp,86.2,212.9,225.1,13.97,9783,0,0
Dhemaji,Jonai / Dhemaji Sadar,Jiadhal & Subansiri,27.441844,94.968399,104.6,0.34,12.07,Alluvial sandy silt,Low-lying Rural Settlement,199.3,361.7,482.7,0.22,95,1,1
Goalpara,Matia / Balijana High Ridges,Southern Granite Inselberg,26.182543,90.588174,137.5,17.43,5.62,Laterite outcrop,Rubber Plantation,63.0,173.0,212.0,13.55,10036,0,0
Karbi Anglong,Diphu / Phuloni / Bokajan,Upper Dhansiri Plateau,26.312102,93.222619,233.8,9.47,5.97,Lateritic gravelly clay,Rubber / Coffee Plantation,44.9,153.9,192.0,11.73,10578,0,0
Goalpara,Matia / Balijana High Ridges,Southern Granite Inselberg,26.115428,90.735949,108.0,12.72,5.96,Gravelly red loam,Rubber Plantation,107.1,134.8,268.7,5.78,11766,0,0
Kamrup Metropolitan,Dispur / Chandrapur / Sonapur Hills,Southern Highland Divide,26.119278,91.787756,184.0,11.8,4.68,Red gravelly loam,Reserved Forest Upland,99.6,162.2,227.1,7.72,10475,0,0
Tinsukia,Digboi / Margherita / Ledo,Dehing Foothill Basin,27.510366,95.728144,220.9,4.57,7.46,Sandy clay red loam,Evergreen Forest Scarp,83.3,244.3,265.4,13.67,6892,0,0
Lakhimpur,Kadam / Narayanpur / Bihpuria,Ranganadi & Dikrong,27.201035,93.997449,90.1,0.54,14.61,Riverine silt loam,Rural Homestead,164.4,385.5,452.1,2.12,367,1,1
Goalpara,Matia / Balijana High Ridges,Southern Granite Inselberg,26.133448,90.749512,110.2,8.23,5.81,Laterite outcrop,High Settlement,99.8,190.7,307.6,14.64,6530,0,0
Golaghat,Bokakhat / Kaziranga Northern Fringe,Dhansiri & Brahmaputra,26.640508,93.56631,67.5,0.84,13.22,Marshy organic loam,Wetland,139.8,324.9,472.9,1.2,153,1,1
Baksa,Tamulpur North / Nagrijuli Foothill,Bhutan Piedmont Fan,26.900577,91.401279,137.7,5.19,6.62,Bhabar gravelly loam,Tea Estate,118.7,243.7,247.5,8.24,5557,0,0
Morigaon,Mayong / Laharighat / Bhuragaon,Brahmaputra & Kopili,26.21849,92.224069,60.9,0.54,13.31,Clayey alluvium,Wetland / Marshland,198.7,427.0,563.6,1.44,132,1,1
Morigaon,Mayong / Laharighat / Bhuragaon,Brahmaputra & Kopili,26.245663,92.431797,61.6,0.43,11.64,Organic silty clay,Rural Floodplain Settlement,212.4,376.7,480.2,1.55,354,1,1
Karbi Anglong,Diphu / Phuloni / Bokajan,Upper Dhansiri Plateau,25.798297,93.653056,331.4,11.75,6.59,Lateritic gravelly clay,Mixed Deciduous Forest,62.1,146.2,194.4,22.8,7792,0,0
Barpeta,Sarthebari / Baghbor / Chenga,Beki & Manas,26.183797,91.082028,49.3,0.38,16.2,Clayey hydromorphic loam,Dense Rural Settlement,233.3,353.0,627.1,0.39,454,1,1
Karbi Anglong,Diphu / Phuloni / Bokajan,Upper Dhansiri Plateau,26.132319,93.420989,193.5,21.58,4.28,Lateritic gravelly clay,Mixed Deciduous Forest,41.3,137.5,185.8,8.0,24575,0,0
Morigaon,Mayong / Laharighat / Bhuragaon,Brahmaputra & Kopili,26.227859,92.136551,50.2,0.36,15.0,Clayey alluvium,Wetland / Marshland,195.1,334.8,541.0,0.89,120,1,1
Jorhat,Teok / Titabar / Mariani,Bhogdoi Highland Terrace,26.650262,94.329284,133.5,2.45,5.81,Deep red acidic loam,Commercial Tea Plantation,51.7,180.8,280.5,7.48,9971,0,0
Dhubri,Bilasipara / Golakganj / Dhubri Sadar,Brahmaputra & Gangadhar,26.059951,90.085453,39.4,0.27,16.01,Hydromorphic alluvial silt,Char Settlement,139.8,369.9,427.3,1.43,293,1,1
Majuli,Kamalabari / Garmur,Brahmaputra Mainstem,26.927774,94.21801,82.0,0.12,12.66,Active alluvial deposits,Wetland,135.4,367.2,398.2,1.4,163,1,1
Dhubri,Bilasipara / Golakganj / Dhubri Sadar,Brahmaputra & Gangadhar,26.049365,89.854331,37.7,0.36,14.43,Hydromorphic alluvial silt,Paddy Cropland,187.2,354.0,514.3,0.55,93,1,1
Jorhat,Teok / Titabar / Mariani,Bhogdoi Highland Terrace,26.627549,94.218269,113.2,2.06,8.38,Deep red acidic loam,Elevated Homestead,90.2,135.9,269.7,7.66,16721,0,0
Cachar,Silchar Sadar / Katigorah / Sonai,Barak River Basin,24.794837,92.689062,28.9,0.28,14.15,Heavy alluvial clay,Paddy Cropland,231.9,502.2,539.9,1.33,401,1,1
Cachar,Silchar Sadar / Katigorah / Sonai,Barak River Basin,24.783568,92.820793,33.9,0.56,13.75,Heavy alluvial clay,Urban Built-up / Commercial,261.6,455.1,593.2,0.24,430,1,1
Tinsukia,Digboi / Margherita / Ledo,Dehing Foothill Basin,27.333868,95.675178,207.7,10.09,6.91,Sandy clay red loam,Highland Industrial / Township,125.9,240.1,308.1,12.04,17422,0,0
Karbi Anglong,Diphu / Phuloni / Bokajan,Upper Dhansiri Plateau,26.044294,93.263813,448.6,15.16,5.79,Skeletal rocky soil,Rubber / Coffee Plantation,67.1,166.1,244.0,8.72,5965,0,0
Tinsukia,Digboi / Margherita / Ledo,Dehing Foothill Basin,27.491772,95.791225,185.9,7.42,7.61,Laterite,Tea Estate,83.5,153.0,245.6,13.58,18280,0,0
Dhubri,Bilasipara / Golakganj / Dhubri Sadar,Brahmaputra & Gangadhar,26.2007,89.997748,34.7,0.51,13.32,Fine riverine sand,Paddy Cropland,163.9,315.3,438.1,1.15,63,1,1
Nagaon,Kampur / Kaliabor / Samaguri,Kopili & Kolong,26.295466,92.881876,71.3,0.99,12.81,Silty alluvium,Rural Settlement,184.0,336.7,545.1,0.59,361,1,1
Dhubri,Bilasipara / Golakganj / Dhubri Sadar,Brahmaputra & Gangadhar,26.040693,89.932866,40.9,0.56,16.07,Hydromorphic alluvial silt,Paddy Cropland,155.4,342.5,532.3,0.39,224,1,1
Kamrup Metropolitan,Dispur / Chandrapur / Sonapur Hills,Southern Highland Divide,26.135739,91.748721,239.1,17.89,8.1,Red gravelly loam,Rocky Outcrop / Hill Scrub,113.8,180.4,255.3,13.41,3772,0,0
Morigaon,Mayong / Laharighat / Bhuragaon,Brahmaputra & Kopili,26.390834,91.996476,59.8,0.29,12.92,Organic silty clay,Paddy Cropland,200.2,367.0,497.5,1.81,141,1,1
Kamrup Metropolitan,Dispur / Chandrapur / Sonapur Hills,Southern Highland Divide,26.151299,91.840625,179.4,16.11,5.27,Red gravelly loam,Reserved Forest Upland,95.5,130.9,310.7,10.4,9293,0,0
Kamrup Metropolitan,Dispur / Chandrapur / Sonapur Hills,Southern Highland Divide,26.130778,91.894699,170.4,10.59,5.1,Red gravelly loam,Reserved Forest Upland,95.8,205.7,230.2,10.84,10841,0,0
Dhemaji,Jonai / Dhemaji Sadar,Jiadhal & Subansiri,27.805799,95.052615,97.5,0.53,11.66,Silty clay loam,Low-lying Rural Settlement,178.8,321.1,484.8,1.63,190,1,1
Dhubri,Bilasipara / Golakganj / Dhubri Sadar,Brahmaputra & Gangadhar,26.256115,89.879419,38.2,0.27,14.96,Fine riverine sand,Char Settlement,204.5,282.1,434.9,0.79,258,1,1
Sonitpur,Tezpur High Terraces / Dhekiajuli North,Jia Bharali High Bank,26.716776,92.688092,106.7,4.88,7.04,Sandy loam,High Alluvial Orchard,82.5,178.9,254.7,12.17,5317,0,0
Golaghat,Bokakhat / Kaziranga Northern Fringe,Dhansiri & Brahmaputra,26.556252,93.34387,65.4,0.35,14.04,Alluvial silt loam,National Park Grassland,193.1,378.5,406.4,0.48,609,1,1
Barpeta,Sarthebari / Baghbor / Chenga,Beki & Manas,26.216765,91.025437,42.5,0.59,12.25,Clayey hydromorphic loam,Paddy Cropland,190.6,352.4,593.0,1.24,66,1,1
Dhubri,Bilasipara / Golakganj / Dhubri Sadar,Brahmaputra & Gangadhar,26.162379,90.344597,41.2,0.36,16.21,Fine riverine sand,Riparian Wetland,166.1,377.5,396.4,1.79,335,1,1
Morigaon,Mayong / Laharighat / Bhuragaon,Brahmaputra & Kopili,26.286886,92.337383,55.8,0.25,14.1,Clayey alluvium,Paddy Cropland,216.3,327.5,547.4,1.37,450,1,1
Dhemaji,Jonai / Dhemaji Sadar,Jiadhal & Subansiri,27.66496,94.925768,88.8,0.37,13.59,Silty clay loam,Low-lying Rural Settlement,156.3,383.1,450.6,0.99,453,1,1
Dima Hasao,Haflong / Mahur / Umrangso,Diyung & Kopili Upper Gorge,25.197447,92.965973,354.0,23.73,5.74,Red and yellow forest soil,Sub-Tropical Montane Forest,80.3,129.5,196.0,32.53,24846,0,0
Jorhat,Teok / Titabar / Mariani,Bhogdoi Highland Terrace,26.581334,94.365825,106.6,4.63,5.64,Old alluvial terrace soil,Elevated Homestead,65.8,178.8,265.0,11.24,14082,0,0
Dhemaji,Jonai / Dhemaji Sadar,Jiadhal & Subansiri,27.677546,94.856226,90.2,0.63,15.13,Recent riverine alluvium,Riparian Grassland,159.3,363.8,423.4,1.66,539,1,1
Goalpara,Matia / Balijana High Ridges,Southern Granite Inselberg,26.087751,90.602347,134.1,16.04,7.44,Gravelly red loam,Mixed Scrub and Rocky Outcrop,97.8,168.6,256.2,7.66,8488,0,0
Sonitpur,Tezpur High Terraces / Dhekiajuli North,Jia Bharali High Bank,26.762582,92.849564,109.0,6.16,8.32,Sandy loam,Urban Cantonment,70.8,198.8,285.8,14.47,3249,0,0
Majuli,Kamalabari / Garmur,Brahmaputra Mainstem,27.037022,94.205294,82.3,0.52,14.07,Active alluvial deposits,Riparian Grassland,150.6,308.1,454.1,0.37,262,1,1
Dhemaji,Jonai / Dhemaji Sadar,Jiadhal & Subansiri,27.757876,94.947129,94.4,0.7,13.68,Silty clay loam,Wetland / Beel,153.6,301.0,497.6,1.47,251,1,1
Karbi Anglong,Diphu / Phuloni / Bokajan,Upper Dhansiri Plateau,26.222852,93.476451,185.6,18.02,6.11,Red loamy soil,Hilly Homestead,53.5,153.5,246.5,15.77,20945,0,0
Nagaon,Kampur / Kaliabor / Samaguri,Kopili & Kolong,26.433659,92.724774,68.9,0.44,12.15,Silty alluvium,Rural Settlement,155.1,400.2,407.6,0.64,213,1,1
Lakhimpur,Kadam / Narayanpur / Bihpuria,Ranganadi & Dikrong,27.287033,94.127104,91.4,0.85,11.92,Riverine silt loam,Rural Homestead,152.2,397.9,538.1,1.49,654,1,1
Kamrup Metropolitan,Dispur / Chandrapur / Sonapur Hills,Southern Highland Divide,26.145898,91.793577,175.1,20.38,6.48,Ferruginous weathered rock,Reserved Forest Upland,99.4,173.9,208.2,13.09,3566,0,0
Golaghat,Bokakhat / Kaziranga Northern Fringe,Dhansiri & Brahmaputra,26.577183,93.414228,70.7,0.42,13.32,Marshy organic loam,National Park Grassland,141.3,390.4,501.6,1.93,733,1,1
Kamrup Metropolitan,Dispur / Chandrapur / Sonapur Hills,Southern Highland Divide,26.149371,91.742621,275.0,12.07,7.01,Red gravelly loam,Rocky Outcrop / Hill Scrub,89.0,156.5,190.3,11.76,8026,0,0
Jorhat,Teok / Titabar / Mariani,Bhogdoi Highland Terrace,26.821664,94.35271,109.6,3.81,7.87,Old alluvial terrace soil,Elevated Homestead,56.9,110.0,242.5,8.01,6259,0,0
Jorhat,Teok / Titabar / Mariani,Bhogdoi Highland Terrace,26.816829,94.363276,132.0,3.24,8.66,Old alluvial terrace soil,Elevated Homestead,103.3,149.1,220.1,18.92,9021,0,0
Morigaon,Mayong / Laharighat / Bhuragaon,Brahmaputra & Kopili,26.35847,92.311887,52.7,0.68,15.19,Riverine silt,Rural Floodplain Settlement,179.6,401.7,507.1,1.43,402,1,1
Dhemaji,Jonai / Dhemaji Sadar,Jiadhal & Subansiri,27.511014,94.731671,103.2,0.64,14.03,Recent riverine alluvium,Low-lying Rural Settlement,177.6,387.4,418.9,2.1,184,1,1
Nagaon,Kampur / Kaliabor / Samaguri,Kopili & Kolong,26.341109,92.981011,71.0,0.86,10.18,Alluvial clay loam,Rural Settlement,142.6,411.2,475.7,0.53,712,1,1
Cachar,Silchar Sadar / Katigorah / Sonai,Barak River Basin,24.865512,93.011865,33.0,0.16,15.13,Heavy alluvial clay,Urban Built-up / Commercial,232.2,525.9,568.5,1.32,203,1,1
Cachar,Silchar Sadar / Katigorah / Sonai,Barak River Basin,24.760312,92.873516,24.7,0.53,13.18,Hydromorphic depression silt,Dense Settlement,248.1,515.4,685.5,1.41,322,1,1
Morigaon,Mayong / Laharighat / Bhuragaon,Brahmaputra & Kopili,26.360028,92.032442,60.9,0.61,11.09,Clayey alluvium,Rural Floodplain Settlement,161.9,303.1,510.7,0.51,441,1,1
Nagaon,Kampur / Kaliabor / Samaguri,Kopili & Kolong,26.197774,92.671404,59.3,1.03,11.5,Silty alluvium,Rural Settlement,138.2,370.8,416.5,2.72,599,1,1
Jorhat,Teok / Titabar / Mariani,Bhogdoi Highland Terrace,26.795293,94.421686,120.0,3.26,6.06,Deep red acidic loam,Commercial Tea Plantation,66.8,146.3,180.7,8.74,15035,0,0
Nalbari,Barkhetri / Paschim Nalbari,Pagladiya & Puthimari,26.363255,91.41924,51.9,0.7,10.62,Clayey loam,Paddy Cropland,220.8,361.7,511.3,0.93,357,1,1
Kamrup Metropolitan,Dispur / Chandrapur / Sonapur Hills,Southern Highland Divide,26.175757,91.801695,169.3,8.33,7.86,Ferruginous weathered rock,Reserved Forest Upland,76.4,139.8,317.3,7.06,14445,0,0
Dhemaji,Jonai / Dhemaji Sadar,Jiadhal & Subansiri,27.668119,95.008567,91.0,1.03,14.96,Alluvial sandy silt,Riparian Grassland,184.6,344.1,511.3,1.44,515,1,1
Barpeta,Sarthebari / Baghbor / Chenga,Beki & Manas,26.472568,90.756857,49.9,0.6,15.29,Fine alluvial silt,Paddy Cropland,204.6,376.1,585.4,0.6,220,1,1
Nagaon,Kampur / Kaliabor / Samaguri,Kopili & Kolong,26.210224,92.819219,64.8,0.86,13.12,Alluvial clay loam,Rural Settlement,135.4,292.8,423.3,2.62,437,1,1
Karbi Anglong,Diphu / Phuloni / Bokajan,Upper Dhansiri Plateau,25.76172,93.586832,438.8,16.59,4.97,Skeletal rocky soil,Rubber / Coffee Plantation,91.5,137.9,213.7,22.92,13108,0,0
Dhemaji,Jonai / Dhemaji Sadar,Jiadhal & Subansiri,27.799736,95.176025,98.9,1.05,13.24,Alluvial sandy silt,Wetland / Beel,143.3,337.4,568.6,2.14,73,1,1
Karbi Anglong,Diphu / Phuloni / Bokajan,Upper Dhansiri Plateau,25.799885,93.64085,270.1,23.72,6.66,Lateritic gravelly clay,Mixed Deciduous Forest,56.3,94.3,149.2,6.99,6260,0,0
Morigaon,Mayong / Laharighat / Bhuragaon,Brahmaputra & Kopili,26.365315,92.175252,57.9,0.68,11.65,Organic silty clay,Wetland / Marshland,189.3,360.6,523.6,1.87,479,1,1
Karbi Anglong,Diphu / Phuloni / Bokajan,Upper Dhansiri Plateau,26.296949,93.29936,230.5,15.4,5.18,Skeletal rocky soil,Mixed Deciduous Forest,68.9,141.4,190.0,7.69,20133,0,0
Barpeta,Sarthebari / Baghbor / Chenga,Beki & Manas,26.404941,90.948125,46.6,0.54,12.76,Sand bar alluvium,Dense Rural Settlement,229.9,346.2,602.2,1.07,544,1,1
Morigaon,Mayong / Laharighat / Bhuragaon,Brahmaputra & Kopili,26.29016,92.059105,53.6,0.46,13.99,Riverine silt,Wetland / Marshland,185.9,392.7,564.9,0.94,406,1,1
Sonitpur,Tezpur High Terraces / Dhekiajuli North,Jia Bharali High Bank,26.726601,92.547097,121.7,4.44,6.25,Piedmont coarse alluvium,High Alluvial Orchard,118.4,220.2,292.3,8.67,7332,0,0
Dhubri,Bilasipara / Golakganj / Dhubri Sadar,Brahmaputra & Gangadhar,26.025959,90.254181,44.0,0.59,15.34,Fine riverine sand,Paddy Cropland,153.2,321.3,409.8,0.33,364,1,1
Barpeta,Sarthebari / Baghbor / Chenga,Beki & Manas,26.445281,91.117661,43.5,0.74,14.75,Sand bar alluvium,Permanent Wetland,164.0,351.2,637.3,1.64,327,1,1
Cachar,Silchar Sadar / Katigorah / Sonai,Barak River Basin,24.92933,92.945587,31.3,0.32,13.04,Heavy alluvial clay,Paddy Cropland,263.9,536.5,595.4,0.27,82,1,1
Dima Hasao,Haflong / Mahur / Umrangso,Diyung & Kopili Upper Gorge,25.302391,93.05541,366.1,14.78,6.72,Gravelly skeletal clay,Settlement on Ridge,113.8,130.4,220.8,22.43,10520,0,0
Baksa,Tamulpur North / Nagrijuli Foothill,Bhutan Piedmont Fan,26.740583,91.470025,134.6,6.43,5.11,Bhabar gravelly loam,Deciduous Forest,121.1,243.8,305.4,7.46,15480,0,0
Dima Hasao,Haflong / Mahur / Umrangso,Diyung & Kopili Upper Gorge,25.239514,93.210837,404.6,24.73,3.76,Red and yellow forest soil,Hilly Terrain,71.6,144.2,246.1,20.9,22147,0,0
Dhemaji,Jonai / Dhemaji Sadar,Jiadhal & Subansiri,27.79038,94.90375,89.0,1.2,14.43,Alluvial sandy silt,Riparian Grassland,172.5,352.6,557.0,2.0,148,1,1
Karbi Anglong,Diphu / Phuloni / Bokajan,Upper Dhansiri Plateau,26.337749,93.487077,428.7,23.12,7.55,Lateritic gravelly clay,Rubber / Coffee Plantation,53.1,101.0,236.8,13.24,16270,0,0
Tinsukia,Digboi / Margherita / Ledo,Dehing Foothill Basin,27.373147,95.689378,157.1,11.82,5.57,Laterite,Tea Estate,123.3,238.8,286.9,16.25,19912,0,0
Dima Hasao,Haflong / Mahur / Umrangso,Diyung & Kopili Upper Gorge,25.335567,93.125805,372.0,22.25,6.19,Gravelly skeletal clay,Settlement on Ridge,92.5,203.4,221.4,19.55,11577,0,0
Dhubri,Bilasipara / Golakganj / Dhubri Sadar,Brahmaputra & Gangadhar,26.172526,90.083159,38.9,0.45,14.57,Fine riverine sand,Char Settlement,178.5,279.2,529.5,0.53,320,1,1
Lakhimpur,Kadam / Narayanpur / Bihpuria,Ranganadi & Dikrong,27.233856,94.095134,96.6,0.26,11.19,Clayey loam,Paddy Cropland,140.1,351.2,477.8,1.87,354,1,1
Tinsukia,Digboi / Margherita / Ledo,Dehing Foothill Basin,27.443824,95.64055,239.9,12.6,5.75,Laterite,Tea Estate,88.5,212.5,311.7,19.15,14119,0,0
Tinsukia,Digboi / Margherita / Ledo,Dehing Foothill Basin,27.392964,95.871255,204.1,6.18,4.94,Sandy clay red loam,Highland Industrial / Township,71.9,163.3,250.7,17.74,16130,0,0
Jorhat,Teok / Titabar / Mariani,Bhogdoi Highland Terrace,26.76804,94.389084,123.0,2.49,6.19,Old alluvial terrace soil,Agroforestry,72.2,146.4,206.2,10.34,15647,0,0
Morigaon,Mayong / Laharighat / Bhuragaon,Brahmaputra & Kopili,26.296833,92.098217,57.8,0.36,11.4,Clayey alluvium,Wetland / Marshland,195.2,329.5,530.7,0.66,426,1,1
Nagaon,Kampur / Kaliabor / Samaguri,Kopili & Kolong,26.306117,92.869486,59.2,0.83,13.58,Silty alluvium,Paddy Cropland,197.7,351.5,511.8,1.88,632,1,1
Dima Hasao,Haflong / Mahur / Umrangso,Diyung & Kopili Upper Gorge,25.255662,93.172909,597.5,26.08,4.74,Gravelly skeletal clay,Sub-Tropical Montane Forest,105.9,203.4,199.3,27.86,28155,0,0
Barpeta,Sarthebari / Baghbor / Chenga,Beki & Manas,26.412218,91.057554,45.4,0.65,14.77,Clayey hydromorphic loam,Permanent Wetland,187.8,340.4,611.6,1.37,412,1,1
Kamrup Metropolitan,Dispur / Chandrapur / Sonapur Hills,Southern Highland Divide,26.132023,91.862562,149.7,12.76,7.78,Red gravelly loam,Highland Residential Built-up,62.5,226.8,304.9,13.9,5718,0,0
Tinsukia,Digboi / Margherita / Ledo,Dehing Foothill Basin,27.342173,95.634957,209.4,13.5,5.93,Sandy clay red loam,Highland Industrial / Township,87.7,148.5,267.7,14.67,8554,0,0
Majuli,Kamalabari / Garmur,Brahmaputra Mainstem,27.023217,94.055424,82.1,0.22,12.69,Active alluvial deposits,Char / River Island Sandbar,141.8,310.0,466.4,0.22,439,1,1
Barpeta,Sarthebari / Baghbor / Chenga,Beki & Manas,26.16836,90.802778,45.6,0.54,14.13,Sand bar alluvium,Dense Rural Settlement,161.9,378.2,480.5,0.55,77,1,1
Baksa,Tamulpur North / Nagrijuli Foothill,Bhutan Piedmont Fan,26.797006,91.369207,107.9,4.09,5.07,Bhabar gravelly loam,Deciduous Forest,95.8,151.3,287.3,16.22,6252,0,0
Cachar,Silchar Sadar / Katigorah / Sonai,Barak River Basin,24.8685,92.842598,30.9,0.64,14.78,Hydromorphic depression silt,Paddy Cropland,277.4,399.5,634.6,0.97,311,1,1
Kamrup Metropolitan,Dispur / Chandrapur / Sonapur Hills,Southern Highland Divide,26.117631,91.845416,248.3,18.29,5.08,Red gravelly loam,Highland Residential Built-up,82.1,220.2,202.2,6.59,5627,0,0
Morigaon,Mayong / Laharighat / Bhuragaon,Brahmaputra & Kopili,26.265713,92.285648,52.8,0.34,11.34,Clayey alluvium,Paddy Cropland,181.1,386.3,478.9,1.29,361,1,1
Dima Hasao,Haflong / Mahur / Umrangso,Diyung & Kopili Upper Gorge,25.19201,92.84508,578.5,25.97,5.89,Red and yellow forest soil,Sub-Tropical Montane Forest,107.1,137.9,260.9,30.01,14842,0,0
Goalpara,Matia / Balijana High Ridges,Southern Granite Inselberg,26.191525,90.52695,161.5,17.17,5.39,Laterite outcrop,Rubber Plantation,61.5,131.9,287.0,15.61,14427,0,0
Barpeta,Sarthebari / Baghbor / Chenga,Beki & Manas,26.152233,90.908277,50.3,0.43,15.55,Clayey hydromorphic loam,Dense Rural Settlement,229.3,468.9,645.6,0.42,203,1,1
Lakhimpur,Kadam / Narayanpur / Bihpuria,Ranganadi & Dikrong,27.118691,93.922785,90.5,0.65,14.6,Riverine silt loam,Paddy Cropland,178.8,319.7,492.5,1.39,499,1,1
Dhubri,Bilasipara / Golakganj / Dhubri Sadar,Brahmaputra & Gangadhar,26.141402,89.972281,39.2,0.3,14.07,Fine riverine sand,Riparian Wetland,160.1,387.8,469.0,0.61,83,1,1
Baksa,Tamulpur North / Nagrijuli Foothill,Bhutan Piedmont Fan,26.761546,91.447576,144.5,5.86,4.92,Bhabar gravelly loam,Tea Estate,82.8,162.8,231.7,7.97,10508,0,0
Lakhimpur,Kadam / Narayanpur / Bihpuria,Ranganadi & Dikrong,27.249957,94.006274,87.0,0.4,15.38,Clayey loam,Alluvial Lowland,137.3,281.1,454.8,1.94,348,1,1
Nagaon,Kampur / Kaliabor / Samaguri,Kopili & Kolong,26.061429,92.981775,69.8,0.56,12.04,Silty alluvium,Lowland Marsh,145.8,412.8,486.3,1.82,454,1,1
Baksa,Tamulpur North / Nagrijuli Foothill,Bhutan Piedmont Fan,26.765668,91.636952,106.5,8.88,5.48,Coarse boulder-sand,Deciduous Forest,117.7,250.9,346.9,7.16,7633,0,0
Dhubri,Bilasipara / Golakganj / Dhubri Sadar,Brahmaputra & Gangadhar,26.165319,90.01328,40.2,0.28,11.89,Fine riverine sand,Riparian Wetland,144.9,283.3,430.4,1.34,449,1,1
Dima Hasao,Haflong / Mahur / Umrangso,Diyung & Kopili Upper Gorge,25.052218,92.887574,390.9,23.44,3.58,Red and yellow forest soil,Settlement on Ridge,112.5,201.7,195.6,16.89,7508,0,0
Kamrup Metropolitan,Dispur / Chandrapur / Sonapur Hills,Southern Highland Divide,26.118381,91.941872,162.8,21.34,4.72,Red gravelly loam,Highland Residential Built-up,89.7,183.2,256.8,5.36,8534,0,0
Karbi Anglong,Diphu / Phuloni / Bokajan,Upper Dhansiri Plateau,25.918169,93.357875,228.2,18.52,5.05,Red loamy soil,Dense Tropical Forest,50.6,112.1,239.3,16.21,15756,0,0
Goalpara,Matia / Balijana High Ridges,Southern Granite Inselberg,26.155331,90.606502,169.5,13.72,4.99,Gravelly red loam,Rubber Plantation,72.6,182.6,232.6,9.52,9140,0,0
Baksa,Tamulpur North / Nagrijuli Foothill,Bhutan Piedmont Fan,26.760443,91.614822,111.6,8.0,4.68,Coarse boulder-sand,Tea Estate,106.3,231.3,331.6,13.22,9281,0,0
Cachar,Silchar Sadar / Katigorah / Sonai,Barak River Basin,24.937602,92.866974,32.7,0.57,12.59,Hydromorphic depression silt,Urban Built-up / Commercial,273.2,408.9,600.4,1.05,177,1,1
Barpeta,Sarthebari / Baghbor / Chenga,Beki & Manas,26.474591,91.020989,45.4,0.65,16.04,Clayey hydromorphic loam,Paddy Cropland,168.4,373.3,607.0,1.09,390,1,1
Dima Hasao,Haflong / Mahur / Umrangso,Diyung & Kopili Upper Gorge,25.245253,92.947687,446.2,14.05,5.46,Red and yellow forest soil,Settlement on Ridge,109.3,122.6,236.2,17.6,17553,0,0
Dima Hasao,Haflong / Mahur / Umrangso,Diyung & Kopili Upper Gorge,25.235977,92.96538,598.8,17.46,3.58,Gravelly skeletal clay,Sub-Tropical Montane Forest,93.7,145.9,180.7,30.75,18306,0,0
Cachar,Silchar Sadar / Katigorah / Sonai,Barak River Basin,24.77239,92.744847,28.5,0.22,16.48,Heavy alluvial clay,Paddy Cropland,185.7,464.1,567.6,1.03,96,1,1
Goalpara,Matia / Balijana High Ridges,Southern Granite Inselberg,26.064237,90.740019,115.1,12.96,6.48,Laterite outcrop,Rubber Plantation,75.8,198.8,290.8,11.88,9511,0,0
Dhubri,Bilasipara / Golakganj / Dhubri Sadar,Brahmaputra & Gangadhar,26.15287,90.394593,40.0,0.32,15.23,Hydromorphic alluvial silt,Paddy Cropland,203.7,313.5,522.0,0.89,561,1,1
Tinsukia,Digboi / Margherita / Ledo,Dehing Foothill Basin,27.486876,95.575254,192.9,11.89,7.14,Sandy clay red loam,Tea Estate,71.2,204.7,260.8,19.47,17889,0,0
Kamrup Metropolitan,Dispur / Chandrapur / Sonapur Hills,Southern Highland Divide,26.160903,91.873375,238.5,17.55,5.37,Red gravelly loam,Reserved Forest Upland,81.7,177.4,207.4,5.77,13980,0,0
Dima Hasao,Haflong / Mahur / Umrangso,Diyung & Kopili Upper Gorge,25.413543,92.885789,652.0,14.76,6.32,Gravelly skeletal clay,Sub-Tropical Montane Forest,71.9,144.7,299.6,33.54,25724,0,0
Dhemaji,Jonai / Dhemaji Sadar,Jiadhal & Subansiri,27.548999,94.723456,103.0,0.37,12.65,Silty clay loam,Paddy Cropland,183.0,355.8,432.5,0.9,91,1,1
Tinsukia,Digboi / Margherita / Ledo,Dehing Foothill Basin,27.399864,95.774176,175.7,6.93,7.27,Sandy clay red loam,Tea Estate,112.3,182.2,336.5,20.84,5928,0,0
Barpeta,Sarthebari / Baghbor / Chenga,Beki & Manas,26.160858,91.121507,44.5,0.78,14.26,Sand bar alluvium,Permanent Wetland,185.4,424.6,576.3,1.56,385,1,1
Golaghat,Bokakhat / Kaziranga Northern Fringe,Dhansiri & Brahmaputra,26.631206,93.64215,72.2,0.84,11.74,Marshy organic loam,National Park Grassland,150.0,389.7,460.6,0.7,358,1,1
Dhubri,Bilasipara / Golakganj / Dhubri Sadar,Brahmaputra & Gangadhar,26.103913,90.29542,43.9,0.5,12.11,Hydromorphic alluvial silt,Riparian Wetland,185.0,382.7,523.1,0.88,476,1,1
Golaghat,Bokakhat / Kaziranga Northern Fringe,Dhansiri & Brahmaputra,26.63453,93.637492,65.9,0.75,11.02,Alluvial silt loam,National Park Grassland,162.5,356.6,465.9,1.93,192,1,1
Dhubri,Bilasipara / Golakganj / Dhubri Sadar,Brahmaputra & Gangadhar,26.098683,90.291102,39.6,0.41,14.76,Fine riverine sand,Paddy Cropland,165.2,385.0,506.1,0.66,141,1,1
Baksa,Tamulpur North / Nagrijuli Foothill,Bhutan Piedmont Fan,26.89183,91.452922,109.8,8.11,6.52,Bhabar gravelly loam,Foothill Plantation,86.9,229.3,324.4,17.95,8870,0,0
Majuli,Kamalabari / Garmur,Brahmaputra Mainstem,27.043374,94.060418,85.6,0.15,12.09,Active alluvial deposits,Wetland,153.9,284.5,445.2,0.96,228,1,1
Dhemaji,Jonai / Dhemaji Sadar,Jiadhal & Subansiri,27.781417,95.188047,107.6,0.78,14.76,Silty clay loam,Paddy Cropland,191.4,307.6,488.5,0.3,277,1,1
Jorhat,Teok / Titabar / Mariani,Bhogdoi Highland Terrace,26.704512,94.22951,128.5,4.47,5.82,Deep red acidic loam,Agroforestry,80.2,178.5,212.9,10.93,11065,0,0
Lakhimpur,Kadam / Narayanpur / Bihpuria,Ranganadi & Dikrong,27.21506,94.162261,95.8,0.7,11.52,Riverine silt loam,Alluvial Lowland,180.5,373.5,478.7,1.07,133,1,1
Cachar,Silchar Sadar / Katigorah / Sonai,Barak River Basin,24.8887,92.851687,28.7,0.34,16.09,Heavy alluvial clay,Paddy Cropland,205.3,484.9,522.7,1.21,428,1,1
Baksa,Tamulpur North / Nagrijuli Foothill,Bhutan Piedmont Fan,26.748044,91.537925,97.5,6.58,5.29,Coarse boulder-sand,Tea Estate,123.5,196.1,244.4,11.98,5816,0,0
Barpeta,Sarthebari / Baghbor / Chenga,Beki & Manas,26.442974,91.057936,48.6,0.58,15.92,Clayey hydromorphic loam,Char Land,241.4,411.7,557.3,1.78,230,1,1
Goalpara,Matia / Balijana High Ridges,Southern Granite Inselberg,26.129466,90.669114,166.9,8.99,6.11,Gravelly red loam,Mixed Scrub and Rocky Outcrop,94.0,169.5,195.5,6.07,14380,0,0
Kamrup Metropolitan,Dispur / Chandrapur / Sonapur Hills,Southern Highland Divide,26.151574,91.762367,241.5,19.96,8.18,Red gravelly loam,Highland Residential Built-up,71.9,200.6,295.3,12.56,9276,0,0
Majuli,Kamalabari / Garmur,Brahmaputra Mainstem,27.115397,94.207915,79.5,0.17,15.44,Active alluvial deposits,Char / River Island Sandbar,139.1,354.9,495.2,0.54,160,1,1
Morigaon,Mayong / Laharighat / Bhuragaon,Brahmaputra & Kopili,26.269392,92.247022,52.1,0.64,13.82,Organic silty clay,Paddy Cropland,212.0,336.2,562.9,0.45,65,1,1
Baksa,Tamulpur North / Nagrijuli Foothill,Bhutan Piedmont Fan,26.862981,91.580742,107.3,3.89,5.62,Bhabar gravelly loam,Deciduous Forest,120.7,209.4,353.7,9.59,7784,0,0
Sonitpur,Tezpur High Terraces / Dhekiajuli North,Jia Bharali High Bank,26.839416,92.6103,86.1,5.06,8.24,Piedmont coarse alluvium,Urban Cantonment,68.4,166.6,324.4,14.67,6402,0,0
Kamrup Metropolitan,Dispur / Chandrapur / Sonapur Hills,Southern Highland Divide,26.132845,91.706587,274.2,12.58,7.1,Red gravelly loam,Rocky Outcrop / Hill Scrub,61.8,166.5,200.3,5.39,10045,0,0
Morigaon,Mayong / Laharighat / Bhuragaon,Brahmaputra & Kopili,26.398444,92.295909,52.1,0.61,11.5,Riverine silt,Rural Floodplain Settlement,185.3,353.9,586.7,1.86,469,1,1
Jorhat,Teok / Titabar / Mariani,Bhogdoi Highland Terrace,26.789027,94.284661,111.3,3.75,5.75,Old alluvial terrace soil,Agroforestry,55.8,111.5,262.0,10.37,16277,0,0
