hazard_id,hazard_type,district,circle,village,latitude,longitude,event_date,hazard_category,severity,affected_area,source
FHZ_VIL_0001,Flood,Bajali,Bajali,Barsaderi,26.54,91.22,1998-2023 (Cumulative Assessment),Very High,Inundation Frequency >14 Times (1998-2023),Village Hazard Zone,"Flood Hazard Zonation Atlas of Assam (1998-2023), NRSC/ISRO & ASDMA"
FHZ_VIL_0002,Flood,Bajali,Bajali,Bhogpur,26.54,91.22,1998-2023 (Cumulative Assessment),Very High,Inundation Frequency >14 Times (1998-2023),Village Hazard Zone,"Flood Hazard Zonation Atlas of Assam (1998-2023), NRSC/ISRO & ASDMA"
FHZ_VIL_0003,Flood,Bajali,Bajali,Ghatbar Saderi,26.54,91.22,1998-2023 (Cumulative Assessment),Very High,Inundation Frequency >14 Times (1998-2023),Village Hazard Zone,"Flood Hazard Zonation Atlas of Assam (1998-2023), NRSC/ISRO & ASDMA"
FHZ_VIL_0004,Flood,Bajali,Bajali,Lesrapara,26.54,91.22,1998-2023 (Cumulative Assessment),Very High,Inundation Frequency >14 Times (1998-2023),Village Hazard Zone,"Flood Hazard Zonation Atlas of Assam (1998-2023), NRSC/ISRO & ASDMA"
FHZ_VIL_0005,Flood,Bajali,Bajali,Nalipara,26.54,91.22,1998-2023 (Cumulative Assessment),Very High,Inundation Frequency >14 Times (1998-2023),Village Hazard Zone,"Flood Hazard Zonation Atlas of Assam (1998-2023), NRSC/ISRO & ASDMA"
FHZ_VIL_0006,Flood,Bajali,Bajali,Pub Kathalmuri,26.54,91.22,1998-2023 (Cumulative Assessment),Very High,Inundation Frequency >14 Times (1998-2023),Village Hazard Zone,"Flood Hazard Zonation Atlas of Assam (1998-2023), NRSC/ISRO & ASDMA"
FHZ_VIL_0007,Flood,Bajali,Bajali,Bandhasidhani,26.54,91.22,1998-2023 (Cumulative Assessment),High,Inundation Frequency 11-14 Times (1998-2023),Village Hazard Zone,"Flood Hazard Zonation Atlas of Assam (1998-2023), NRSC/ISRO & ASDMA"
FHZ_VIL_0008,Flood,Bajali,Bajali,Daisingri,26.54,91.22,1998-2023 (Cumulative Assessment),High,Inundation Frequency 11-14 Times (1998-2023),Village Hazard Zone,"Flood Hazard Zonation Atlas of Assam (1998-2023), NRSC/ISRO & ASDMA"
FHZ_VIL_0009,Flood,Bajali,Bajali,Dubi,26.54,91.22,1998-2023 (Cumulative Assessment),High,Inundation Frequency 11-14 Times (1998-2023),Village Hazard Zone,"Flood Hazard Zonation Atlas of Assam (1998-2023), NRSC/ISRO & ASDMA"
FHZ_VIL_0010,Flood,Bajali,Bajali,Kanimara,26.54,91.22,1998-2023 (Cumulative Assessment),High,Inundation Frequency 11-14 Times (1998-2023),Village Hazard Zone,"Flood Hazard Zonation Atlas of Assam (1998-2023), NRSC/ISRO & ASDMA"
FHZ_VIL_0011,Flood,Bajali,Bajali,Nagargaon,26.54,91.22,1998-2023 (Cumulative Assessment),High,Inundation Frequency 11-14 Times (1998-2023),Village Hazard Zone,"Flood Hazard Zonation Atlas of Assam (1998-2023), NRSC/ISRO & ASDMA"
FHZ_VIL_0012,Flood,Bajali,Bajali,Panara,26.54,91.22,1998-2023 (Cumulative Assessment),High,Inundation Frequency 11-14 Times (1998-2023),Village Hazard Zone,"Flood Hazard Zonation Atlas of Assam (1998-2023), NRSC/ISRO & ASDMA"
FHZ_VIL_0013,Flood,Bajali,Bajali,Pathcharkuchi,26.54,91.22,1998-2023 (Cumulative Assessment),High,Inundation Frequency 11-14 Times (1998-2023),Village Hazard Zone,"Flood Hazard Zonation Atlas of Assam (1998-2023), NRSC/ISRO & ASDMA"
FHZ_VIL_0014,Flood,Bajali,Bajali,Titakataje,26.54,91.22,1998-2023 (Cumulative Assessment),High,Inundation Frequency 11-14 Times (1998-2023),Village Hazard Zone,"Flood Hazard Zonation Atlas of Assam (1998-2023), NRSC/ISRO & ASDMA"
FHZ_VIL_0015,Flood,Bajali,Bajali,Titkagaria,26.54,91.22,1998-2023 (Cumulative Assessment),High,Inundation Frequency 11-14 Times (1998-2023),Village Hazard Zone,"Flood Hazard Zonation Atlas of Assam (1998-2023), NRSC/ISRO & ASDMA"
FHZ_VIL_0016,Flood,Bajali,Bajali,Bagaon,26.54,91.22,1998-2023 (Cumulative Assessment),Moderate,Inundation Frequency 7-10 Times (1998-2023),Village Hazard Zone,"Flood Hazard Zonation Atlas of Assam (1998-2023), NRSC/ISRO & ASDMA"
FHZ_VIL_0017,Flood,Bajali,Bajali,Barbairagi,26.54,91.22,1998-2023 (Cumulative Assessment),Moderate,Inundation Frequency 7-10 Times (1998-2023),Village Hazard Zone,"Flood Hazard Zonation Atlas of Assam (1998-2023), NRSC/ISRO & ASDMA"
FHZ_VIL_0018,Flood,Bajali,Bajali,Bhethua,26.54,91.22,1998-2023 (Cumulative Assessment),Moderate,Inundation Frequency 7-10 Times (1998-2023),Village Hazard Zone,"Flood Hazard Zonation Atlas of Assam (1998-2023), NRSC/ISRO & ASDMA"
FHZ_VIL_0019,Flood,Bajali,Bajali,Bhotanta Mahitata,26.54,91.22,1998-2023 (Cumulative Assessment),Moderate,Inundation Frequency 7-10 Times (1998-2023),Village Hazard Zone,"Flood Hazard Zonation Atlas of Assam (1998-2023), NRSC/ISRO & ASDMA"
FHZ_VIL_0020,Flood,Bajali,Bajali,Dakshin Rehabari,26.54,91.22,1998-2023 (Cumulative Assessment),Moderate,Inundation Frequency 7-10 Times (1998-2023),Village Hazard Zone,"Flood Hazard Zonation Atlas of Assam (1998-2023), NRSC/ISRO & ASDMA"
FHZ_VIL_0021,Flood,Bajali,Bajali,Kalbari,26.54,91.22,1998-2023 (Cumulative Assessment),Moderate,Inundation Frequency 7-10 Times (1998-2023),Village Hazard Zone,"Flood Hazard Zonation Atlas of Assam (1998-2023), NRSC/ISRO & ASDMA"
FHZ_VIL_0022,Flood,Bajali,Bajali,Kochdiga,26.54,91.22,1998-2023 (Cumulative Assessment),Moderate,Inundation Frequency 7-10 Times (1998-2023),Village Hazard Zone,"Flood Hazard Zonation Atlas of Assam (1998-2023), NRSC/ISRO & ASDMA"
FHZ_VIL_0023,Flood,Bajali,Bajali,Kurobaha,26.54,91.22,1998-2023 (Cumulative Assessment),Moderate,Inundation Frequency 7-10 Times (1998-2023),Village Hazard Zone,"Flood Hazard Zonation Atlas of Assam (1998-2023), NRSC/ISRO & ASDMA"
FHZ_VIL_0024,Flood,Bajali,Bajali,Pathsalagaon,26.54,91.22,1998-2023 (Cumulative Assessment),Moderate,Inundation Frequency 7-10 Times (1998-2023),Village Hazard Zone,"Flood Hazard Zonation Atlas of Assam (1998-2023), NRSC/ISRO & ASDMA"
FHZ_VIL_0025,Flood,Bajali,Bajali,Sathisamuka Bamunpara,26.54,91.22,1998-2023 (Cumulative Assessment),Moderate,Inundation Frequency 7-10 Times (1998-2023),Village Hazard Zone,"Flood Hazard Zonation Atlas of Assam (1998-2023), NRSC/ISRO & ASDMA"
FHZ_VIL_0026,Flood,Bajali,Bajali,Sathisamuka Garemari,26.54,91.22,1998-2023 (Cumulative Assessment),Moderate,Inundation Frequency 7-10 Times (1998-2023),Village Hazard Zone,"Flood Hazard Zonation Atlas of Assam (1998-2023), NRSC/ISRO & ASDMA"
FHZ_VIL_0027,Flood,Bajali,Sarupeta,Banglipara,26.54,91.22,1998-2023 (Cumulative Assessment),Very High,Inundation Frequency >14 Times (1998-2023),Village Hazard Zone,"Flood Hazard Zonation Atlas of Assam (1998-2023), NRSC/ISRO & ASDMA"
FHZ_VIL_0028,Flood,Bajali,Sarupeta,Bangti,26.54,91.22,1998-2023 (Cumulative Assessment),Very High,Inundation Frequency >14 Times (1998-2023),Village Hazard Zone,"Flood Hazard Zonation Atlas of Assam (1998-2023), NRSC/ISRO & ASDMA"
FHZ_VIL_0029,Flood,Bajali,Sarupeta,Bhogpur,26.54,91.22,1998-2023 (Cumulative Assessment),Very High,Inundation Frequency >14 Times (1998-2023),Village Hazard Zone,"Flood Hazard Zonation Atlas of Assam (1998-2023), NRSC/ISRO & ASDMA"
FHZ_VIL_0030,Flood,Bajali,Sarupeta,Bogemari,26.54,91.22,1998-2023 (Cumulative Assessment),Very High,Inundation Frequency >14 Times (1998-2023),Village Hazard Zone,"Flood Hazard Zonation Atlas of Assam (1998-2023), NRSC/ISRO & ASDMA"
FHZ_VIL_0031,Flood,Bajali,Sarupeta,Borkur,26.54,91.22,1998-2023 (Cumulative Assessment),Very High,Inundation Frequency >14 Times (1998-2023),Village Hazard Zone,"Flood Hazard Zonation Atlas of Assam (1998-2023), NRSC/ISRO & ASDMA"
FHZ_VIL_0032,Flood,Bajali,Sarupeta,Cheki,26.54,91.22,1998-2023 (Cumulative Assessment),Very High,Inundation Frequency >14 Times (1998-2023),Village Hazard Zone,"Flood Hazard Zonation Atlas of Assam (1998-2023), NRSC/ISRO & ASDMA"
FHZ_VIL_0033,Flood,Bajali,Sarupeta,Dolorpathar,26.54,91.22,1998-2023 (Cumulative Assessment),Very High,Inundation Frequency >14 Times (1998-2023),Village Hazard Zone,"Flood Hazard Zonation Atlas of Assam (1998-2023), NRSC/ISRO & ASDMA"
FHZ_VIL_0034,Flood,Bajali,Sarupeta,Gathiapara,26.54,91.22,1998-2023 (Cumulative Assessment),Very High,Inundation Frequency >14 Times (1998-2023),Village Hazard Zone,"Flood Hazard Zonation Atlas of Assam (1998-2023), NRSC/ISRO & ASDMA"
FHZ_VIL_0035,Flood,Bajali,Sarupeta,Gorapit,26.54,91.22,1998-2023 (Cumulative Assessment),Very High,Inundation Frequency >14 Times (1998-2023),Village Hazard Zone,"Flood Hazard Zonation Atlas of Assam (1998-2023), NRSC/ISRO & ASDMA"
FHZ_VIL_0036,Flood,Bajali,Sarupeta,Katahbari,26.54,91.22,1998-2023 (Cumulative Assessment),Very High,Inundation Frequency >14 Times (1998-2023),Village Hazard Zone,"Flood Hazard Zonation Atlas of Assam (1998-2023), NRSC/ISRO & ASDMA"
FHZ_VIL_0037,Flood,Bajali,Sarupeta,Niz Bhabanipur,26.54,91.22,1998-2023 (Cumulative Assessment),Very High,Inundation Frequency >14 Times (1998-2023),Village Hazard Zone,"Flood Hazard Zonation Atlas of Assam (1998-2023), NRSC/ISRO & ASDMA"
FHZ_VIL_0038,Flood,Bajali,Sarupeta,Odalguri,26.54,91.22,1998-2023 (Cumulative Assessment),Very High,Inundation Frequency >14 Times (1998-2023),Village Hazard Zone,"Flood Hazard Zonation Atlas of Assam (1998-2023), NRSC/ISRO & ASDMA"
FHZ_VIL_0039,Flood,Bajali,Sarupeta,Dhemchar Pathar,26.54,91.22,1998-2023 (Cumulative Assessment),High,Inundation Frequency 11-14 Times (1998-2023),Village Hazard Zone,"Flood Hazard Zonation Atlas of Assam (1998-2023), NRSC/ISRO & ASDMA"
FHZ_VIL_0040,Flood,Bajali,Sarupeta,Dhupalpara,26.54,91.22,1998-2023 (Cumulative Assessment),High,Inundation Frequency 11-14 Times (1998-2023),Village Hazard Zone,"Flood Hazard Zonation Atlas of Assam (1998-2023), NRSC/ISRO & ASDMA"
FHZ_VIL_0041,Flood,Bajali,Sarupeta,Haripur,26.54,91.22,1998-2023 (Cumulative Assessment),High,Inundation Frequency 11-14 Times (1998-2023),Village Hazard Zone,"Flood Hazard Zonation Atlas of Assam (1998-2023), NRSC/ISRO & ASDMA"
FHZ_VIL_0042,Flood,Bajali,Sarupeta,Hathinapur,26.54,91.22,1998-2023 (Cumulative Assessment),High,Inundation Frequency 11-14 Times (1998-2023),Village Hazard Zone,"Flood Hazard Zonation Atlas of Assam (1998-2023), NRSC/ISRO & ASDMA"
FHZ_VIL_0043,Flood,Bajali,Sarupeta,Karaguri Gaon,26.54,91.22,1998-2023 (Cumulative Assessment),High,Inundation Frequency 11-14 Times (1998-2023),Village Hazard Zone,"Flood Hazard Zonation Atlas of Assam (1998-2023), NRSC/ISRO & ASDMA"
FHZ_VIL_0044,Flood,Bajali,Sarupeta,Madhya Kordoiguri,26.54,91.22,1998-2023 (Cumulative Assessment),High,Inundation Frequency 11-14 Times (1998-2023),Village Hazard Zone,"Flood Hazard Zonation Atlas of Assam (1998-2023), NRSC/ISRO & ASDMA"
FHZ_VIL_0045,Flood,Bajali,Sarupeta,Medhikuchi,26.54,91.22,1998-2023 (Cumulative Assessment),High,Inundation Frequency 11-14 Times (1998-2023),Village Hazard Zone,"Flood Hazard Zonation Atlas of Assam (1998-2023), NRSC/ISRO & ASDMA"
FHZ_VIL_0046,Flood,Bajali,Sarupeta,Nakuchi Pathar,26.54,91.22,1998-2023 (Cumulative Assessment),High,Inundation Frequency 11-14 Times (1998-2023),Village Hazard Zone,"Flood Hazard Zonation Atlas of Assam (1998-2023), NRSC/ISRO & ASDMA"
FHZ_VIL_0047,Flood,Bajali,Sarupeta,Pub Kordoiguri,26.54,91.22,1998-2023 (Cumulative Assessment),High,Inundation Frequency 11-14 Times (1998-2023),Village Hazard Zone,"Flood Hazard Zonation Atlas of Assam (1998-2023), NRSC/ISRO & ASDMA"
FHZ_VIL_0048,Flood,Bajali,Sarupeta,Singimari,26.54,91.22,1998-2023 (Cumulative Assessment),High,Inundation Frequency 11-14 Times (1998-2023),Village Hazard Zone,"Flood Hazard Zonation Atlas of Assam (1998-2023), NRSC/ISRO & ASDMA"
FHZ_VIL_0049,Flood,Bajali,Sarupeta,Batua,26.54,91.22,1998-2023 (Cumulative Assessment),Moderate,Inundation Frequency 7-10 Times (1998-2023),Village Hazard Zone,"Flood Hazard Zonation Atlas of Assam (1998-2023), NRSC/ISRO & ASDMA"
FHZ_VIL_0050,Flood,Bajali,Sarupeta,Borbhitha,26.54,91.22,1998-2023 (Cumulative Assessment),Moderate,Inundation Frequency 7-10 Times (1998-2023),Village Hazard Zone,"Flood Hazard Zonation Atlas of Assam (1998-2023), NRSC/ISRO & ASDMA"
FHZ_VIL_0051,Flood,Bajali,Sarupeta,Chauliabori,26.54,91.22,1998-2023 (Cumulative Assessment),Moderate,Inundation Frequency 7-10 Times (1998-2023),Village Hazard Zone,"Flood Hazard Zonation Atlas of Assam (1998-2023), NRSC/ISRO & ASDMA"
FHZ_VIL_0052,Flood,Bajali,Sarupeta,Darupara,26.54,91.22,1998-2023 (Cumulative Assessment),Moderate,Inundation Frequency 7-10 Times (1998-2023),Village Hazard Zone,"Flood Hazard Zonation Atlas of Assam (1998-2023), NRSC/ISRO & ASDMA"
FHZ_VIL_0053,Flood,Bajali,Sarupeta,Golia,26.54,91.22,1998-2023 (Cumulative Assessment),Moderate,Inundation Frequency 7-10 Times (1998-2023),Village Hazard Zone,"Flood Hazard Zonation Atlas of Assam (1998-2023), NRSC/ISRO & ASDMA"
FHZ_VIL_0054,Flood,Bajali,Sarupeta,Kahara,26.54,91.22,1998-2023 (Cumulative Assessment),Moderate,Inundation Frequency 7-10 Times (1998-2023),Village Hazard Zone,"Flood Hazard Zonation Atlas of Assam (1998-2023), NRSC/ISRO & ASDMA"
FHZ_VIL_0055,Flood,Bajali,Sarupeta,Kalbari,26.54,91.22,1998-2023 (Cumulative Assessment),Moderate,Inundation Frequency 7-10 Times (1998-2023),Village Hazard Zone,"Flood Hazard Zonation Atlas of Assam (1998-2023), NRSC/ISRO & ASDMA"
FHZ_VIL_0056,Flood,Bajali,Sarupeta,Katla,26.54,91.22,1998-2023 (Cumulative Assessment),Moderate,Inundation Frequency 7-10 Times (1998-2023),Village Hazard Zone,"Flood Hazard Zonation Atlas of Assam (1998-2023), NRSC/ISRO & ASDMA"
FHZ_VIL_0057,Flood,Bajali,Sarupeta,Katlas Pathar,26.54,91.22,1998-2023 (Cumulative Assessment),Moderate,Inundation Frequency 7-10 Times (1998-2023),Village Hazard Zone,"Flood Hazard Zonation Atlas of Assam (1998-2023), NRSC/ISRO & ASDMA"
FHZ_VIL_0058,Flood,Bajali,Sarupeta,Kurobaha,26.54,91.22,1998-2023 (Cumulative Assessment),Moderate,Inundation Frequency 7-10 Times (1998-2023),Village Hazard Zone,"Flood Hazard Zonation Atlas of Assam (1998-2023), NRSC/ISRO & ASDMA"
FHZ_VIL_0059,Flood,Bajali,Sarupeta,Luasur,26.54,91.22,1998-2023 (Cumulative Assessment),Moderate,Inundation Frequency 7-10 Times (1998-2023),Village Hazard Zone,"Flood Hazard Zonation Atlas of Assam (1998-2023), NRSC/ISRO & ASDMA"
FHZ_VIL_0060,Flood,Bajali,Sarupeta,Madhapur,26.54,91.22,1998-2023 (Cumulative Assessment),Moderate,Inundation Frequency 7-10 Times (1998-2023),Village Hazard Zone,"Flood Hazard Zonation Atlas of Assam (1998-2023), NRSC/ISRO & ASDMA"
FHZ_VIL_0061,Flood,Bajali,Sarupeta,Namati,26.54,91.22,1998-2023 (Cumulative Assessment),Moderate,Inundation Frequency 7-10 Times (1998-2023),Village Hazard Zone,"Flood Hazard Zonation Atlas of Assam (1998-2023), NRSC/ISRO & ASDMA"
FHZ_VIL_0062,Flood,Bajali,Sarupeta,Naosarka Par,26.54,91.22,1998-2023 (Cumulative Assessment),Moderate,Inundation Frequency 7-10 Times (1998-2023),Village Hazard Zone,"Flood Hazard Zonation Atlas of Assam (1998-2023), NRSC/ISRO & ASDMA"
FHZ_VIL_0063,Flood,Bajali,Sarupeta,Pachim Kordoiguri,26.54,91.22,1998-2023 (Cumulative Assessment),Moderate,Inundation Frequency 7-10 Times (1998-2023),Village Hazard Zone,"Flood Hazard Zonation Atlas of Assam (1998-2023), NRSC/ISRO & ASDMA"
FHZ_VIL_0064,Flood,Bajali,Sarupeta,Pub Loasur,26.54,91.22,1998-2023 (Cumulative Assessment),Moderate,Inundation Frequency 7-10 Times (1998-2023),Village Hazard Zone,"Flood Hazard Zonation Atlas of Assam (1998-2023), NRSC/ISRO & ASDMA"
FHZ_VIL_0065,Flood,Bajali,Sarupeta,Puran Bhawanipur,26.54,91.22,1998-2023 (Cumulative Assessment),Moderate,Inundation Frequency 7-10 Times (1998-2023),Village Hazard Zone,"Flood Hazard Zonation Atlas of Assam (1998-2023), NRSC/ISRO & ASDMA"
FHZ_VIL_0066,Flood,Baksa,Baganpara,Halapar,26.69,91.35,1998-2023 (Cumulative Assessment),Moderate,Inundation Frequency 7-10 Times (1998-2023),Village Hazard Zone,"Flood Hazard Zonation Atlas of Assam (1998-2023), NRSC/ISRO & ASDMA"
FHZ_VIL_0067,Flood,Baksa,Bajali,Pub Rehabari,26.69,91.35,1998-2023 (Cumulative Assessment),Moderate,Inundation Frequency 7-10 Times (1998-2023),Village Hazard Zone,"Flood Hazard Zonation Atlas of Assam (1998-2023), NRSC/ISRO & ASDMA"
FHZ_VIL_0068,Flood,Baksa,Barama,Mahina,26.69,91.35,1998-2023 (Cumulative Assessment),Moderate,Inundation Frequency 7-10 Times (1998-2023),Village Hazard Zone,"Flood Hazard Zonation Atlas of Assam (1998-2023), NRSC/ISRO & ASDMA"
FHZ_VIL_0069,Flood,Baksa,Barnagar_Baksa,Kahdoba,26.69,91.35,1998-2023 (Cumulative Assessment),Very High,Inundation Frequency >14 Times (1998-2023),Village Hazard Zone,"Flood Hazard Zonation Atlas of Assam (1998-2023), NRSC/ISRO & ASDMA"
FHZ_VIL_0070,Flood,Baksa,Barnagar_Baksa,Bajigaon,26.69,91.35,1998-2023 (Cumulative Assessment),High,Inundation Frequency 11-14 Times (1998-2023),Village Hazard Zone,"Flood Hazard Zonation Atlas of Assam (1998-2023), NRSC/ISRO & ASDMA"
FHZ_VIL_0071,Flood,Baksa,Barnagar_Baksa,Khatalpara,26.69,91.35,1998-2023 (Cumulative Assessment),High,Inundation Frequency 11-14 Times (1998-2023),Village Hazard Zone,"Flood Hazard Zonation Atlas of Assam (1998-2023), NRSC/ISRO & ASDMA"
FHZ_VIL_0072,Flood,Baksa,Barnagar_Baksa,Machua,26.69,91.35,1998-2023 (Cumulative Assessment),High,Inundation Frequency 11-14 Times (1998-2023),Village Hazard Zone,"Flood Hazard Zonation Atlas of Assam (1998-2023), NRSC/ISRO & ASDMA"
FHZ_VIL_0073,Flood,Baksa,Barnagar_Baksa,Belguri,26.69,91.35,1998-2023 (Cumulative Assessment),Moderate,Inundation Frequency 7-10 Times (1998-2023),Village Hazard Zone,"Flood Hazard Zonation Atlas of Assam (1998-2023), NRSC/ISRO & ASDMA"
FHZ_VIL_0074,Flood,Baksa,Barnagar_Baksa,Bunmajarpam,26.69,91.35,1998-2023 (Cumulative Assessment),Moderate,Inundation Frequency 7-10 Times (1998-2023),Village Hazard Zone,"Flood Hazard Zonation Atlas of Assam (1998-2023), NRSC/ISRO & ASDMA"
FHZ_VIL_0075,Flood,Baksa,Barnagar_Baksa,Ganakpara,26.69,91.35,1998-2023 (Cumulative Assessment),Moderate,Inundation Frequency 7-10 Times (1998-2023),Village Hazard Zone,"Flood Hazard Zonation Atlas of Assam (1998-2023), NRSC/ISRO & ASDMA"
FHZ_VIL_0076,Flood,Baksa,Barnagar_Baksa,Gobindapur,26.69,91.35,1998-2023 (Cumulative Assessment),Moderate,Inundation Frequency 7-10 Times (1998-2023),Village Hazard Zone,"Flood Hazard Zonation Atlas of Assam (1998-2023), NRSC/ISRO & ASDMA"
FHZ_VIL_0077,Flood,Baksa,Barnagar_Baksa,Howli,26.69,91.35,1998-2023 (Cumulative Assessment),Moderate,Inundation Frequency 7-10 Times (1998-2023),Village Hazard Zone,"Flood Hazard Zonation Atlas of Assam (1998-2023), NRSC/ISRO & ASDMA"
FHZ_VIL_0078,Flood,Baksa,Barnagar_Baksa,Mariajar Pathar,26.69,91.35,1998-2023 (Cumulative Assessment),Moderate,Inundation Frequency 7-10 Times (1998-2023),Village Hazard Zone,"Flood Hazard Zonation Atlas of Assam (1998-2023), NRSC/ISRO & ASDMA"
FHZ_VIL_0079,Flood,Baksa,Barnagar_Baksa,Rangdiha,26.69,91.35,1998-2023 (Cumulative Assessment),Moderate,Inundation Frequency 7-10 Times (1998-2023),Village Hazard Zone,"Flood Hazard Zonation Atlas of Assam (1998-2023), NRSC/ISRO & ASDMA"
FHZ_VIL_0080,Flood,Baksa,Jalah,Dhekiajani Pathar,26.69,91.35,1998-2023 (Cumulative Assessment),High,Inundation Frequency 11-14 Times (1998-2023),Village Hazard Zone,"Flood Hazard Zonation Atlas of Assam (1998-2023), NRSC/ISRO & ASDMA"
FHZ_VIL_0081,Flood,Baksa,Jalah,Kiyadoba,26.69,91.35,1998-2023 (Cumulative Assessment),High,Inundation Frequency 11-14 Times (1998-2023),Village Hazard Zone,"Flood Hazard Zonation Atlas of Assam (1998-2023), NRSC/ISRO & ASDMA"
FHZ_VIL_0082,Flood,Baksa,Jalah,Majorkuchi,26.69,91.35,1998-2023 (Cumulative Assessment),High,Inundation Frequency 11-14 Times (1998-2023),Village Hazard Zone,"Flood Hazard Zonation Atlas of Assam (1998-2023), NRSC/ISRO & ASDMA"
FHZ_VIL_0083,Flood,Baksa,Jalah,Pakalagi,26.69,91.35,1998-2023 (Cumulative Assessment),High,Inundation Frequency 11-14 Times (1998-2023),Village Hazard Zone,"Flood Hazard Zonation Atlas of Assam (1998-2023), NRSC/ISRO & ASDMA"
FHZ_VIL_0084,Flood,Baksa,Jalah,Patar Pathar,26.69,91.35,1998-2023 (Cumulative Assessment),High,Inundation Frequency 11-14 Times (1998-2023),Village Hazard Zone,"Flood Hazard Zonation Atlas of Assam (1998-2023), NRSC/ISRO & ASDMA"
FHZ_VIL_0085,Flood,Baksa,Jalah,Sonafuli,26.69,91.35,1998-2023 (Cumulative Assessment),High,Inundation Frequency 11-14 Times (1998-2023),Village Hazard Zone,"Flood Hazard Zonation Atlas of Assam (1998-2023), NRSC/ISRO & ASDMA"
FHZ_VIL_0086,Flood,Baksa,Jalah,Betbari,26.69,91.35,1998-2023 (Cumulative Assessment),Moderate,Inundation Frequency 7-10 Times (1998-2023),Village Hazard Zone,"Flood Hazard Zonation Atlas of Assam (1998-2023), NRSC/ISRO & ASDMA"
FHZ_VIL_0087,Flood,Baksa,Jalah,Bogulapara,26.69,91.35,1998-2023 (Cumulative Assessment),Moderate,Inundation Frequency 7-10 Times (1998-2023),Village Hazard Zone,"Flood Hazard Zonation Atlas of Assam (1998-2023), NRSC/ISRO & ASDMA"
FHZ_VIL_0088,Flood,Baksa,Jalah,Bogurtari,26.69,91.35,1998-2023 (Cumulative Assessment),Moderate,Inundation Frequency 7-10 Times (1998-2023),Village Hazard Zone,"Flood Hazard Zonation Atlas of Assam (1998-2023), NRSC/ISRO & ASDMA"
FHZ_VIL_0089,Flood,Baksa,Jalah,Digzira,26.69,91.35,1998-2023 (Cumulative Assessment),Moderate,Inundation Frequency 7-10 Times (1998-2023),Village Hazard Zone,"Flood Hazard Zonation Atlas of Assam (1998-2023), NRSC/ISRO & ASDMA"
FHZ_VIL_0090,Flood,Baksa,Jalah,Gatigaon,26.69,91.35,1998-2023 (Cumulative Assessment),Moderate,Inundation Frequency 7-10 Times (1998-2023),Village Hazard Zone,"Flood Hazard Zonation Atlas of Assam (1998-2023), NRSC/ISRO & ASDMA"
FHZ_VIL_0091,Flood,Baksa,Jalah,Karhama,26.69,91.35,1998-2023 (Cumulative Assessment),Moderate,Inundation Frequency 7-10 Times (1998-2023),Village Hazard Zone,"Flood Hazard Zonation Atlas of Assam (1998-2023), NRSC/ISRO & ASDMA"
FHZ_VIL_0092,Flood,Baksa,Jalah,Karnachara,26.69,91.35,1998-2023 (Cumulative Assessment),Moderate,Inundation Frequency 7-10 Times (1998-2023),Village Hazard Zone,"Flood Hazard Zonation Atlas of Assam (1998-2023), NRSC/ISRO & ASDMA"
FHZ_VIL_0093,Flood,Baksa,Jalah,Kholihamari,26.69,91.35,1998-2023 (Cumulative Assessment),Moderate,Inundation Frequency 7-10 Times (1998-2023),Village Hazard Zone,"Flood Hazard Zonation Atlas of Assam (1998-2023), NRSC/ISRO & ASDMA"
FHZ_VIL_0094,Flood,Baksa,Jalah,Pachim Rehabari,26.69,91.35,1998-2023 (Cumulative Assessment),Moderate,Inundation Frequency 7-10 Times (1998-2023),Village Hazard Zone,"Flood Hazard Zonation Atlas of Assam (1998-2023), NRSC/ISRO & ASDMA"
FHZ_VIL_0095,Flood,Baksa,Jalah,Sarania Gaon,26.69,91.35,1998-2023 (Cumulative Assessment),Moderate,Inundation Frequency 7-10 Times (1998-2023),Village Hazard Zone,"Flood Hazard Zonation Atlas of Assam (1998-2023), NRSC/ISRO & ASDMA"
FHZ_VIL_0096,Flood,Baksa,Jalah,Tangabari Gaon,26.69,91.35,1998-2023 (Cumulative Assessment),Moderate,Inundation Frequency 7-10 Times (1998-2023),Village Hazard Zone,"Flood Hazard Zonation Atlas of Assam (1998-2023), NRSC/ISRO & ASDMA"
FHZ_VIL_0097,Flood,Barpeta,Baghbar,Agmandia,26.32,91.0,1998-2023 (Cumulative Assessment),Very High,Inundation Frequency >14 Times (1998-2023),Village Hazard Zone,"Flood Hazard Zonation Atlas of Assam (1998-2023), NRSC/ISRO & ASDMA"
FHZ_VIL_0098,Flood,Barpeta,Baghbar,Baghbor Pathar,26.32,91.0,1998-2023 (Cumulative Assessment),Very High,Inundation Frequency >14 Times (1998-2023),Village Hazard Zone,"Flood Hazard Zonation Atlas of Assam (1998-2023), NRSC/ISRO & ASDMA"
FHZ_VIL_0099,Flood,Barpeta,Baghbar,Balajan Gaon,26.32,91.0,1998-2023 (Cumulative Assessment),Very High,Inundation Frequency >14 Times (1998-2023),Village Hazard Zone,"Flood Hazard Zonation Atlas of Assam (1998-2023), NRSC/ISRO & ASDMA"
FHZ_VIL_0100,Flood,Barpeta,Baghbar,Balapara,26.32,91.0,1998-2023 (Cumulative Assessment),Very High,Inundation Frequency >14 Times (1998-2023),Village Hazard Zone,"Flood Hazard Zonation Atlas of Assam (1998-2023), NRSC/ISRO & ASDMA"
FHZ_VIL_0101,Flood,Barpeta,Baghbar,Barpalli,26.32,91.0,1998-2023 (Cumulative Assessment),Very High,Inundation Frequency >14 Times (1998-2023),Village Hazard Zone,"Flood Hazard Zonation Atlas of Assam (1998-2023), NRSC/ISRO & ASDMA"
FHZ_VIL_0102,Flood,Barpeta,Baghbar,Bhatkuchi,26.32,91.0,1998-2023 (Cumulative Assessment),Very High,Inundation Frequency >14 Times (1998-2023),Village Hazard Zone,"Flood Hazard Zonation Atlas of Assam (1998-2023), NRSC/ISRO & ASDMA"
FHZ_VIL_0103,Flood,Barpeta,Baghbar,Bhera No.4,26.32,91.0,1998-2023 (Cumulative Assessment),Very High,Inundation Frequency >14 Times (1998-2023),Village Hazard Zone,"Flood Hazard Zonation Atlas of Assam (1998-2023), NRSC/ISRO & ASDMA"
FHZ_VIL_0104,Flood,Barpeta,Baghbar,Bhograndha,26.32,91.0,1998-2023 (Cumulative Assessment),Very High,Inundation Frequency >14 Times (1998-2023),Village Hazard Zone,"Flood Hazard Zonation Atlas of Assam (1998-2023), NRSC/ISRO & ASDMA"
FHZ_VIL_0105,Flood,Barpeta,Baghbar,Chapori Gaon,26.32,91.0,1998-2023 (Cumulative Assessment),Very High,Inundation Frequency >14 Times (1998-2023),Village Hazard Zone,"Flood Hazard Zonation Atlas of Assam (1998-2023), NRSC/ISRO & ASDMA"
FHZ_VIL_0106,Flood,Barpeta,Baghbar,Chapori Pathar,26.32,91.0,1998-2023 (Cumulative Assessment),Very High,Inundation Frequency >14 Times (1998-2023),Village Hazard Zone,"Flood Hazard Zonation Atlas of Assam (1998-2023), NRSC/ISRO & ASDMA"
FHZ_VIL_0107,Flood,Barpeta,Baghbar,Chasra No.1,26.32,91.0,1998-2023 (Cumulative Assessment),Very High,Inundation Frequency >14 Times (1998-2023),Village Hazard Zone,"Flood Hazard Zonation Atlas of Assam (1998-2023), NRSC/ISRO & ASDMA"
FHZ_VIL_0108,Flood,Barpeta,Baghbar,Chasragaon,26.32,91.0,1998-2023 (Cumulative Assessment),Very High,Inundation Frequency >14 Times (1998-2023),Village Hazard Zone,"Flood Hazard Zonation Atlas of Assam (1998-2023), NRSC/ISRO & ASDMA"
FHZ_VIL_0109,Flood,Barpeta,Baghbar,Dharmapur N.c.,26.32,91.0,1998-2023 (Cumulative Assessment),Very High,Inundation Frequency >14 Times (1998-2023),Village Hazard Zone,"Flood Hazard Zonation Atlas of Assam (1998-2023), NRSC/ISRO & ASDMA"
FHZ_VIL_0110,Flood,Barpeta,Baghbar,Dolagaon,26.32,91.0,1998-2023 (Cumulative Assessment),Very High,Inundation Frequency >14 Times (1998-2023),Village Hazard Zone,"Flood Hazard Zonation Atlas of Assam (1998-2023), NRSC/ISRO & ASDMA"
FHZ_VIL_0111,Flood,Barpeta,Baghbar,Dolarpam,26.32,91.0,1998-2023 (Cumulative Assessment),Very High,Inundation Frequency >14 Times (1998-2023),Village Hazard Zone,"Flood Hazard Zonation Atlas of Assam (1998-2023), NRSC/ISRO & ASDMA"
FHZ_VIL_0112,Flood,Barpeta,Baghbar,Dolarpathar,26.32,91.0,1998-2023 (Cumulative Assessment),Very High,Inundation Frequency >14 Times (1998-2023),Village Hazard Zone,"Flood Hazard Zonation Atlas of Assam (1998-2023), NRSC/ISRO & ASDMA"
FHZ_VIL_0113,Flood,Barpeta,Baghbar,Gajia,26.32,91.0,1998-2023 (Cumulative Assessment),Very High,Inundation Frequency >14 Times (1998-2023),Village Hazard Zone,"Flood Hazard Zonation Atlas of Assam (1998-2023), NRSC/ISRO & ASDMA"
FHZ_VIL_0114,Flood,Barpeta,Baghbar,Gobindapur,26.32,91.0,1998-2023 (Cumulative Assessment),Very High,Inundation Frequency >14 Times (1998-2023),Village Hazard Zone,"Flood Hazard Zonation Atlas of Assam (1998-2023), NRSC/ISRO & ASDMA"
FHZ_VIL_0115,Flood,Barpeta,Baghbar,Guralagaon,26.32,91.0,1998-2023 (Cumulative Assessment),Very High,Inundation Frequency >14 Times (1998-2023),Village Hazard Zone,"Flood Hazard Zonation Atlas of Assam (1998-2023), NRSC/ISRO & ASDMA"
FHZ_VIL_0116,Flood,Barpeta,Baghbar,Habidongra,26.32,91.0,1998-2023 (Cumulative Assessment),Very High,Inundation Frequency >14 Times (1998-2023),Village Hazard Zone,"Flood Hazard Zonation Atlas of Assam (1998-2023), NRSC/ISRO & ASDMA"
FHZ_VIL_0117,Flood,Barpeta,Baghbar,Jahanar Ghola,26.32,91.0,1998-2023 (Cumulative Assessment),Very High,Inundation Frequency >14 Times (1998-2023),Village Hazard Zone,"Flood Hazard Zonation Atlas of Assam (1998-2023), NRSC/ISRO & ASDMA"
FHZ_VIL_0118,Flood,Barpeta,Baghbar,Jahanar Par,26.32,91.0,1998-2023 (Cumulative Assessment),Very High,Inundation Frequency >14 Times (1998-2023),Village Hazard Zone,"Flood Hazard Zonation Atlas of Assam (1998-2023), NRSC/ISRO & ASDMA"
FHZ_VIL_0119,Flood,Barpeta,Baghbar,Jahanar Pathar,26.32,91.0,1998-2023 (Cumulative Assessment),Very High,Inundation Frequency >14 Times (1998-2023),Village Hazard Zone,"Flood Hazard Zonation Atlas of Assam (1998-2023), NRSC/ISRO & ASDMA"
FHZ_VIL_0120,Flood,Barpeta,Baghbar,Kadamtala NC,26.32,91.0,1998-2023 (Cumulative Assessment),Very High,Inundation Frequency >14 Times (1998-2023),Village Hazard Zone,"Flood Hazard Zonation Atlas of Assam (1998-2023), NRSC/ISRO & ASDMA"
FHZ_VIL_0121,Flood,Barpeta,Baghbar,Kahibari Pam,26.32,91.0,1998-2023 (Cumulative Assessment),Very High,Inundation Frequency >14 Times (1998-2023),Village Hazard Zone,"Flood Hazard Zonation Atlas of Assam (1998-2023), NRSC/ISRO & ASDMA"
FHZ_VIL_0122,Flood,Barpeta,Baghbar,Kandapara,26.32,91.0,1998-2023 (Cumulative Assessment),Very High,Inundation Frequency >14 Times (1998-2023),Village Hazard Zone,"Flood Hazard Zonation Atlas of Assam (1998-2023), NRSC/ISRO & ASDMA"
FHZ_VIL_0123,Flood,Barpeta,Baghbar,Kapoha,26.32,91.0,1998-2023 (Cumulative Assessment),Very High,Inundation Frequency >14 Times (1998-2023),Village Hazard Zone,"Flood Hazard Zonation Atlas of Assam (1998-2023), NRSC/ISRO & ASDMA"
FHZ_VIL_0124,Flood,Barpeta,Baghbar,Karertal,26.32,91.0,1998-2023 (Cumulative Assessment),Very High,Inundation Frequency >14 Times (1998-2023),Village Hazard Zone,"Flood Hazard Zonation Atlas of Assam (1998-2023), NRSC/ISRO & ASDMA"
FHZ_VIL_0125,Flood,Barpeta,Baghbar,Kharkigaon,26.32,91.0,1998-2023 (Cumulative Assessment),Very High,Inundation Frequency >14 Times (1998-2023),Village Hazard Zone,"Flood Hazard Zonation Atlas of Assam (1998-2023), NRSC/ISRO & ASDMA"
FHZ_VIL_0126,Flood,Barpeta,Baghbar,Lurfuria,26.32,91.0,1998-2023 (Cumulative Assessment),Very High,Inundation Frequency >14 Times (1998-2023),Village Hazard Zone,"Flood Hazard Zonation Atlas of Assam (1998-2023), NRSC/ISRO & ASDMA"
FHZ_VIL_0127,Flood,Barpeta,Baghbar,Mahammadpur,26.32,91.0,1998-2023 (Cumulative Assessment),Very High,Inundation Frequency >14 Times (1998-2023),Village Hazard Zone,"Flood Hazard Zonation Atlas of Assam (1998-2023), NRSC/ISRO & ASDMA"
FHZ_VIL_0128,Flood,Barpeta,Baghbar,Mandia Gaon,26.32,91.0,1998-2023 (Cumulative Assessment),Very High,Inundation Frequency >14 Times (1998-2023),Village Hazard Zone,"Flood Hazard Zonation Atlas of Assam (1998-2023), NRSC/ISRO & ASDMA"
FHZ_VIL_0129,Flood,Barpeta,Baghbar,Mandia Pathar,26.32,91.0,1998-2023 (Cumulative Assessment),Very High,Inundation Frequency >14 Times (1998-2023),Village Hazard Zone,"Flood Hazard Zonation Atlas of Assam (1998-2023), NRSC/ISRO & ASDMA"
FHZ_VIL_0130,Flood,Barpeta,Baghbar,Matharanga,26.32,91.0,1998-2023 (Cumulative Assessment),Very High,Inundation Frequency >14 Times (1998-2023),Village Hazard Zone,"Flood Hazard Zonation Atlas of Assam (1998-2023), NRSC/ISRO & ASDMA"
FHZ_VIL_0131,Flood,Barpeta,Baghbar,Mauripam,26.32,91.0,1998-2023 (Cumulative Assessment),Very High,Inundation Frequency >14 Times (1998-2023),Village Hazard Zone,"Flood Hazard Zonation Atlas of Assam (1998-2023), NRSC/ISRO & ASDMA"
FHZ_VIL_0132,Flood,Barpeta,Baghbar,Morabhaj,26.32,91.0,1998-2023 (Cumulative Assessment),Very High,Inundation Frequency >14 Times (1998-2023),Village Hazard Zone,"Flood Hazard Zonation Atlas of Assam (1998-2023), NRSC/ISRO & ASDMA"
FHZ_VIL_0133,Flood,Barpeta,Baghbar,Palar Pam,26.32,91.0,1998-2023 (Cumulative Assessment),Very High,Inundation Frequency >14 Times (1998-2023),Village Hazard Zone,"Flood Hazard Zonation Atlas of Assam (1998-2023), NRSC/ISRO & ASDMA"
FHZ_VIL_0134,Flood,Barpeta,Baghbar,Rampara Gaon,26.32,91.0,1998-2023 (Cumulative Assessment),Very High,Inundation Frequency >14 Times (1998-2023),Village Hazard Zone,"Flood Hazard Zonation Atlas of Assam (1998-2023), NRSC/ISRO & ASDMA"
FHZ_VIL_0135,Flood,Barpeta,Baghbar,Rampara Pam,26.32,91.0,1998-2023 (Cumulative Assessment),Very High,Inundation Frequency >14 Times (1998-2023),Village Hazard Zone,"Flood Hazard Zonation Atlas of Assam (1998-2023), NRSC/ISRO & ASDMA"
FHZ_VIL_0136,Flood,Barpeta,Baghbar,Rampara Pathar,26.32,91.0,1998-2023 (Cumulative Assessment),Very High,Inundation Frequency >14 Times (1998-2023),Village Hazard Zone,"Flood Hazard Zonation Atlas of Assam (1998-2023), NRSC/ISRO & ASDMA"
FHZ_VIL_0137,Flood,Barpeta,Baghbar,Ranir Ram,26.32,91.0,1998-2023 (Cumulative Assessment),Very High,Inundation Frequency >14 Times (1998-2023),Village Hazard Zone,"Flood Hazard Zonation Atlas of Assam (1998-2023), NRSC/ISRO & ASDMA"
FHZ_VIL_0138,Flood,Barpeta,Baghbar,Rowmari,26.32,91.0,1998-2023 (Cumulative Assessment),Very High,Inundation Frequency >14 Times (1998-2023),Village Hazard Zone,"Flood Hazard Zonation Atlas of Assam (1998-2023), NRSC/ISRO & ASDMA"
FHZ_VIL_0139,Flood,Barpeta,Baghbar,Salekura,26.32,91.0,1998-2023 (Cumulative Assessment),Very High,Inundation Frequency >14 Times (1998-2023),Village Hazard Zone,"Flood Hazard Zonation Atlas of Assam (1998-2023), NRSC/ISRO & ASDMA"
FHZ_VIL_0140,Flood,Barpeta,Baghbar,Saorabhitha,26.32,91.0,1998-2023 (Cumulative Assessment),Very High,Inundation Frequency >14 Times (1998-2023),Village Hazard Zone,"Flood Hazard Zonation Atlas of Assam (1998-2023), NRSC/ISRO & ASDMA"
FHZ_VIL_0141,Flood,Barpeta,Baghbar,Satmukhi,26.32,91.0,1998-2023 (Cumulative Assessment),Very High,Inundation Frequency >14 Times (1998-2023),Village Hazard Zone,"Flood Hazard Zonation Atlas of Assam (1998-2023), NRSC/ISRO & ASDMA"
FHZ_VIL_0142,Flood,Barpeta,Baghbar,Saurar Pathar,26.32,91.0,1998-2023 (Cumulative Assessment),Very High,Inundation Frequency >14 Times (1998-2023),Village Hazard Zone,"Flood Hazard Zonation Atlas of Assam (1998-2023), NRSC/ISRO & ASDMA"
FHZ_VIL_0143,Flood,Barpeta,Baghbar,Shilochi,26.32,91.0,1998-2023 (Cumulative Assessment),Very High,Inundation Frequency >14 Times (1998-2023),Village Hazard Zone,"Flood Hazard Zonation Atlas of Assam (1998-2023), NRSC/ISRO & ASDMA"
FHZ_VIL_0144,Flood,Barpeta,Baghbar,Sidhani,26.32,91.0,1998-2023 (Cumulative Assessment),Very High,Inundation Frequency >14 Times (1998-2023),Village Hazard Zone,"Flood Hazard Zonation Atlas of Assam (1998-2023), NRSC/ISRO & ASDMA"
FHZ_VIL_0145,Flood,Barpeta,Baghbar,Aligaon N.c.,26.32,91.0,1998-2023 (Cumulative Assessment),High,Inundation Frequency 11-14 Times (1998-2023),Village Hazard Zone,"Flood Hazard Zonation Atlas of Assam (1998-2023), NRSC/ISRO & ASDMA"
FHZ_VIL_0146,Flood,Barpeta,Baghbar,Aligaon Pam,26.32,91.0,1998-2023 (Cumulative Assessment),High,Inundation Frequency 11-14 Times (1998-2023),Village Hazard Zone,"Flood Hazard Zonation Atlas of Assam (1998-2023), NRSC/ISRO & ASDMA"
FHZ_VIL_0147,Flood,Barpeta,Baghbar,Aligona,26.32,91.0,1998-2023 (Cumulative Assessment),High,Inundation Frequency 11-14 Times (1998-2023),Village Hazard Zone,"Flood Hazard Zonation Atlas of Assam (1998-2023), NRSC/ISRO & ASDMA"
FHZ_VIL_0148,Flood,Barpeta,Baghbar,Bagbor Gaon,26.32,91.0,1998-2023 (Cumulative Assessment),High,Inundation Frequency 11-14 Times (1998-2023),Village Hazard Zone,"Flood Hazard Zonation Atlas of Assam (1998-2023), NRSC/ISRO & ASDMA"
FHZ_VIL_0149,Flood,Barpeta,Baghbar,Baksha Badha,26.32,91.0,1998-2023 (Cumulative Assessment),High,Inundation Frequency 11-14 Times (1998-2023),Village Hazard Zone,"Flood Hazard Zonation Atlas of Assam (1998-2023), NRSC/ISRO & ASDMA"
FHZ_VIL_0150,Flood,Barpeta,Baghbar,Balikuri Pam,26.32,91.0,1998-2023 (Cumulative Assessment),High,Inundation Frequency 11-14 Times (1998-2023),Village Hazard Zone,"Flood Hazard Zonation Atlas of Assam (1998-2023), NRSC/ISRO & ASDMA"
FHZ_VIL_0151,Flood,Barpeta,Baghbar,Barligaon,26.32,91.0,1998-2023 (Cumulative Assessment),High,Inundation Frequency 11-14 Times (1998-2023),Village Hazard Zone,"Flood Hazard Zonation Atlas of Assam (1998-2023), NRSC/ISRO & ASDMA"
FHZ_VIL_0152,Flood,Barpeta,Baghbar,Chasra No.2,26.32,91.0,1998-2023 (Cumulative Assessment),High,Inundation Frequency 11-14 Times (1998-2023),Village Hazard Zone,"Flood Hazard Zonation Atlas of Assam (1998-2023), NRSC/ISRO & ASDMA"
FHZ_VIL_0153,Flood,Barpeta,Baghbar,Dakshin Sitoli,26.32,91.0,1998-2023 (Cumulative Assessment),High,Inundation Frequency 11-14 Times (1998-2023),Village Hazard Zone,"Flood Hazard Zonation Atlas of Assam (1998-2023), NRSC/ISRO & ASDMA"
FHZ_VIL_0154,Flood,Barpeta,Baghbar,Digir Pathar,26.32,91.0,1998-2023 (Cumulative Assessment),High,Inundation Frequency 11-14 Times (1998-2023),Village Hazard Zone,"Flood Hazard Zonation Atlas of Assam (1998-2023), NRSC/ISRO & ASDMA"
FHZ_VIL_0155,Flood,Barpeta,Baghbar,Digirpar,26.32,91.0,1998-2023 (Cumulative Assessment),High,Inundation Frequency 11-14 Times (1998-2023),Village Hazard Zone,"Flood Hazard Zonation Atlas of Assam (1998-2023), NRSC/ISRO & ASDMA"
FHZ_VIL_0156,Flood,Barpeta,Baghbar,Garalagaon,26.32,91.0,1998-2023 (Cumulative Assessment),High,Inundation Frequency 11-14 Times (1998-2023),Village Hazard Zone,"Flood Hazard Zonation Atlas of Assam (1998-2023), NRSC/ISRO & ASDMA"
FHZ_VIL_0157,Flood,Barpeta,Baghbar,Garala Char,26.32,91.0,1998-2023 (Cumulative Assessment),High,Inundation Frequency 11-14 Times (1998-2023),Village Hazard Zone,"Flood Hazard Zonation Atlas of Assam (1998-2023), NRSC/ISRO & ASDMA"
FHZ_VIL_0158,Flood,Barpeta,Baghbar,Garala Pam,26.32,91.0,1998-2023 (Cumulative Assessment),High,Inundation Frequency 11-14 Times (1998-2023),Village Hazard Zone,"Flood Hazard Zonation Atlas of Assam (1998-2023), NRSC/ISRO & ASDMA"
FHZ_VIL_0159,Flood,Barpeta,Baghbar,Garala Shuti,26.32,91.0,1998-2023 (Cumulative Assessment),High,Inundation Frequency 11-14 Times (1998-2023),Village Hazard Zone,"Flood Hazard Zonation Atlas of Assam (1998-2023), NRSC/ISRO & ASDMA"
FHZ_VIL_0160,Flood,Barpeta,Baghbar,Jahanagaon,26.32,91.0,1998-2023 (Cumulative Assessment),High,Inundation Frequency 11-14 Times (1998-2023),Village Hazard Zone,"Flood Hazard Zonation Atlas of Assam (1998-2023), NRSC/ISRO & ASDMA"
FHZ_VIL_0161,Flood,Barpeta,Baghbar,Jahanar Pam,26.32,91.0,1998-2023 (Cumulative Assessment),High,Inundation Frequency 11-14 Times (1998-2023),Village Hazard Zone,"Flood Hazard Zonation Atlas of Assam (1998-2023), NRSC/ISRO & ASDMA"
FHZ_VIL_0162,Flood,Barpeta,Baghbar,Kalgachi,26.32,91.0,1998-2023 (Cumulative Assessment),High,Inundation Frequency 11-14 Times (1998-2023),Village Hazard Zone,"Flood Hazard Zonation Atlas of Assam (1998-2023), NRSC/ISRO & ASDMA"
FHZ_VIL_0163,Flood,Barpeta,Baghbar,Kalpani,26.32,91.0,1998-2023 (Cumulative Assessment),High,Inundation Frequency 11-14 Times (1998-2023),Village Hazard Zone,"Flood Hazard Zonation Atlas of Assam (1998-2023), NRSC/ISRO & ASDMA"
FHZ_VIL_0164,Flood,Barpeta,Baghbar,Kanchanpur,26.32,91.0,1998-2023 (Cumulative Assessment),High,Inundation Frequency 11-14 Times (1998-2023),Village Hazard Zone,"Flood Hazard Zonation Atlas of Assam (1998-2023), NRSC/ISRO & ASDMA"
FHZ_VIL_0165,Flood,Barpeta,Baghbar,Kapah Toli,26.32,91.0,1998-2023 (Cumulative Assessment),High,Inundation Frequency 11-14 Times (1998-2023),Village Hazard Zone,"Flood Hazard Zonation Atlas of Assam (1998-2023), NRSC/ISRO & ASDMA"
FHZ_VIL_0166,Flood,Barpeta,Baghbar,Laharapara,26.32,91.0,1998-2023 (Cumulative Assessment),High,Inundation Frequency 11-14 Times (1998-2023),Village Hazard Zone,"Flood Hazard Zonation Atlas of Assam (1998-2023), NRSC/ISRO & ASDMA"
FHZ_VIL_0167,Flood,Barpeta,Baghbar,Maminpur,26.32,91.0,1998-2023 (Cumulative Assessment),High,Inundation Frequency 11-14 Times (1998-2023),Village Hazard Zone,"Flood Hazard Zonation Atlas of Assam (1998-2023), NRSC/ISRO & ASDMA"
FHZ_VIL_0168,Flood,Barpeta,Baghbar,Medhirtari,26.32,91.0,1998-2023 (Cumulative Assessment),High,Inundation Frequency 11-14 Times (1998-2023),Village Hazard Zone,"Flood Hazard Zonation Atlas of Assam (1998-2023), NRSC/ISRO & ASDMA"
FHZ_VIL_0169,Flood,Barpeta,Baghbar,Niz-Baghbar,26.32,91.0,1998-2023 (Cumulative Assessment),High,Inundation Frequency 11-14 Times (1998-2023),Village Hazard Zone,"Flood Hazard Zonation Atlas of Assam (1998-2023), NRSC/ISRO & ASDMA"
FHZ_VIL_0170,Flood,Barpeta,Baghbar,Rupakuchi,26.32,91.0,1998-2023 (Cumulative Assessment),High,Inundation Frequency 11-14 Times (1998-2023),Village Hazard Zone,"Flood Hazard Zonation Atlas of Assam (1998-2023), NRSC/ISRO & ASDMA"
FHZ_VIL_0171,Flood,Barpeta,Baghbar,Aligaon Pathar,26.32,91.0,1998-2023 (Cumulative Assessment),Moderate,Inundation Frequency 7-10 Times (1998-2023),Village Hazard Zone,"Flood Hazard Zonation Atlas of Assam (1998-2023), NRSC/ISRO & ASDMA"
FHZ_VIL_0172,Flood,Barpeta,Baghbar,Alipur,26.32,91.0,1998-2023 (Cumulative Assessment),Moderate,Inundation Frequency 7-10 Times (1998-2023),Village Hazard Zone,"Flood Hazard Zonation Atlas of Assam (1998-2023), NRSC/ISRO & ASDMA"
FHZ_VIL_0173,Flood,Barpeta,Baghbar,Balikuri K,26.32,91.0,1998-2023 (Cumulative Assessment),Moderate,Inundation Frequency 7-10 Times (1998-2023),Village Hazard Zone,"Flood Hazard Zonation Atlas of Assam (1998-2023), NRSC/ISRO & ASDMA"
FHZ_VIL_0174,Flood,Barpeta,Baghbar,Balikuri N.c.,26.32,91.0,1998-2023 (Cumulative Assessment),Moderate,Inundation Frequency 7-10 Times (1998-2023),Village Hazard Zone,"Flood Hazard Zonation Atlas of Assam (1998-2023), NRSC/ISRO & ASDMA"
FHZ_VIL_0175,Flood,Barpeta,Baghbar,Banglipara,26.32,91.0,1998-2023 (Cumulative Assessment),Moderate,Inundation Frequency 7-10 Times (1998-2023),Village Hazard Zone,"Flood Hazard Zonation Atlas of Assam (1998-2023), NRSC/ISRO & ASDMA"
FHZ_VIL_0176,Flood,Barpeta,Baghbar,Bhairarpam,26.32,91.0,1998-2023 (Cumulative Assessment),Moderate,Inundation Frequency 7-10 Times (1998-2023),Village Hazard Zone,"Flood Hazard Zonation Atlas of Assam (1998-2023), NRSC/ISRO & ASDMA"
FHZ_VIL_0177,Flood,Barpeta,Baghbar,Chanpur,26.32,91.0,1998-2023 (Cumulative Assessment),Moderate,Inundation Frequency 7-10 Times (1998-2023),Village Hazard Zone,"Flood Hazard Zonation Atlas of Assam (1998-2023), NRSC/ISRO & ASDMA"
FHZ_VIL_0178,Flood,Barpeta,Baghbar,Chiknirpar,26.32,91.0,1998-2023 (Cumulative Assessment),Moderate,Inundation Frequency 7-10 Times (1998-2023),Village Hazard Zone,"Flood Hazard Zonation Atlas of Assam (1998-2023), NRSC/ISRO & ASDMA"
FHZ_VIL_0179,Flood,Barpeta,Baghbar,Daukmari,26.32,91.0,1998-2023 (Cumulative Assessment),Moderate,Inundation Frequency 7-10 Times (1998-2023),Village Hazard Zone,"Flood Hazard Zonation Atlas of Assam (1998-2023), NRSC/ISRO & ASDMA"
FHZ_VIL_0180,Flood,Barpeta,Baghbar,Gagalmari,26.32,91.0,1998-2023 (Cumulative Assessment),Moderate,Inundation Frequency 7-10 Times (1998-2023),Village Hazard Zone,"Flood Hazard Zonation Atlas of Assam (1998-2023), NRSC/ISRO & ASDMA"
FHZ_VIL_0181,Flood,Barpeta,Baghbar,Hasanpur,26.32,91.0,1998-2023 (Cumulative Assessment),Moderate,Inundation Frequency 7-10 Times (1998-2023),Village Hazard Zone,"Flood Hazard Zonation Atlas of Assam (1998-2023), NRSC/ISRO & ASDMA"
FHZ_VIL_0182,Flood,Barpeta,Baghbar,Jania,26.32,91.0,1998-2023 (Cumulative Assessment),Moderate,Inundation Frequency 7-10 Times (1998-2023),Village Hazard Zone,"Flood Hazard Zonation Atlas of Assam (1998-2023), NRSC/ISRO & ASDMA"
FHZ_VIL_0183,Flood,Barpeta,Baghbar,Kadong,26.32,91.0,1998-2023 (Cumulative Assessment),Moderate,Inundation Frequency 7-10 Times (1998-2023),Village Hazard Zone,"Flood Hazard Zonation Atlas of Assam (1998-2023), NRSC/ISRO & ASDMA"
FHZ_VIL_0184,Flood,Barpeta,Baghbar,Kanara Gaon,26.32,91.0,1998-2023 (Cumulative Assessment),Moderate,Inundation Frequency 7-10 Times (1998-2023),Village Hazard Zone,"Flood Hazard Zonation Atlas of Assam (1998-2023), NRSC/ISRO & ASDMA"
FHZ_VIL_0185,Flood,Barpeta,Baghbar,Kawaimari,26.32,91.0,1998-2023 (Cumulative Assessment),Moderate,Inundation Frequency 7-10 Times (1998-2023),Village Hazard Zone,"Flood Hazard Zonation Atlas of Assam (1998-2023), NRSC/ISRO & ASDMA"
FHZ_VIL_0186,Flood,Barpeta,Baghbar,Mandia Bardalani,26.32,91.0,1998-2023 (Cumulative Assessment),Moderate,Inundation Frequency 7-10 Times (1998-2023),Village Hazard Zone,"Flood Hazard Zonation Atlas of Assam (1998-2023), NRSC/ISRO & ASDMA"
FHZ_VIL_0187,Flood,Barpeta,Baghbar,Maurigaon,26.32,91.0,1998-2023 (Cumulative Assessment),Moderate,Inundation Frequency 7-10 Times (1998-2023),Village Hazard Zone,"Flood Hazard Zonation Atlas of Assam (1998-2023), NRSC/ISRO & ASDMA"
FHZ_VIL_0188,Flood,Barpeta,Baghbar,Rasulpur,26.32,91.0,1998-2023 (Cumulative Assessment),Moderate,Inundation Frequency 7-10 Times (1998-2023),Village Hazard Zone,"Flood Hazard Zonation Atlas of Assam (1998-2023), NRSC/ISRO & ASDMA"
FHZ_VIL_0189,Flood,Barpeta,Baghbar,Rasulpur No.1,26.32,91.0,1998-2023 (Cumulative Assessment),Moderate,Inundation Frequency 7-10 Times (1998-2023),Village Hazard Zone,"Flood Hazard Zonation Atlas of Assam (1998-2023), NRSC/ISRO & ASDMA"
FHZ_VIL_0190,Flood,Barpeta,Barpeta,Bamun Baradi,26.32,91.0,1998-2023 (Cumulative Assessment),Very High,Inundation Frequency >14 Times (1998-2023),Village Hazard Zone,"Flood Hazard Zonation Atlas of Assam (1998-2023), NRSC/ISRO & ASDMA"
FHZ_VIL_0191,Flood,Barpeta,Barpeta,Bamuna,26.32,91.0,1998-2023 (Cumulative Assessment),Very High,Inundation Frequency >14 Times (1998-2023),Village Hazard Zone,"Flood Hazard Zonation Atlas of Assam (1998-2023), NRSC/ISRO & ASDMA"
FHZ_VIL_0192,Flood,Barpeta,Barpeta,Banbaria,26.32,91.0,1998-2023 (Cumulative Assessment),Very High,Inundation Frequency >14 Times (1998-2023),Village Hazard Zone,"Flood Hazard Zonation Atlas of Assam (1998-2023), NRSC/ISRO & ASDMA"
FHZ_VIL_0193,Flood,Barpeta,Barpeta,Bara,26.32,91.0,1998-2023 (Cumulative Assessment),Very High,Inundation Frequency >14 Times (1998-2023),Village Hazard Zone,"Flood Hazard Zonation Atlas of Assam (1998-2023), NRSC/ISRO & ASDMA"
FHZ_VIL_0194,Flood,Barpeta,Barpeta,Baradi,26.32,91.0,1998-2023 (Cumulative Assessment),Very High,Inundation Frequency >14 Times (1998-2023),Village Hazard Zone,"Flood Hazard Zonation Atlas of Assam (1998-2023), NRSC/ISRO & ASDMA"
FHZ_VIL_0195,Flood,Barpeta,Barpeta,Baramara,26.32,91.0,1998-2023 (Cumulative Assessment),Very High,Inundation Frequency >14 Times (1998-2023),Village Hazard Zone,"Flood Hazard Zonation Atlas of Assam (1998-2023), NRSC/ISRO & ASDMA"
FHZ_VIL_0196,Flood,Barpeta,Barpeta,Barbaradi,26.32,91.0,1998-2023 (Cumulative Assessment),Very High,Inundation Frequency >14 Times (1998-2023),Village Hazard Zone,"Flood Hazard Zonation Atlas of Assam (1998-2023), NRSC/ISRO & ASDMA"
FHZ_VIL_0197,Flood,Barpeta,Barpeta,Barghol,26.32,91.0,1998-2023 (Cumulative Assessment),Very High,Inundation Frequency >14 Times (1998-2023),Village Hazard Zone,"Flood Hazard Zonation Atlas of Assam (1998-2023), NRSC/ISRO & ASDMA"
FHZ_VIL_0198,Flood,Barpeta,Barpeta,Bariya Pathar,26.32,91.0,1998-2023 (Cumulative Assessment),Very High,Inundation Frequency >14 Times (1998-2023),Village Hazard Zone,"Flood Hazard Zonation Atlas of Assam (1998-2023), NRSC/ISRO & ASDMA"
FHZ_VIL_0199,Flood,Barpeta,Barpeta,Bheraldi,26.32,91.0,1998-2023 (Cumulative Assessment),Very High,Inundation Frequency >14 Times (1998-2023),Village Hazard Zone,"Flood Hazard Zonation Atlas of Assam (1998-2023), NRSC/ISRO & ASDMA"
FHZ_VIL_0200,Flood,Barpeta,Barpeta,Budarurtup,26.32,91.0,1998-2023 (Cumulative Assessment),Very High,Inundation Frequency >14 Times (1998-2023),Village Hazard Zone,"Flood Hazard Zonation Atlas of Assam (1998-2023), NRSC/ISRO & ASDMA"
FHZ_VIL_0201,Flood,Barpeta,Barpeta,Chakabausi Gaon,26.32,91.0,1998-2023 (Cumulative Assessment),Very High,Inundation Frequency >14 Times (1998-2023),Village Hazard Zone,"Flood Hazard Zonation Atlas of Assam (1998-2023), NRSC/ISRO & ASDMA"
FHZ_VIL_0202,Flood,Barpeta,Barpeta,Chakabausi Pathar,26.32,91.0,1998-2023 (Cumulative Assessment),Very High,Inundation Frequency >14 Times (1998-2023),Village Hazard Zone,"Flood Hazard Zonation Atlas of Assam (1998-2023), NRSC/ISRO & ASDMA"
FHZ_VIL_0203,Flood,Barpeta,Barpeta,Chakirbhitha,26.32,91.0,1998-2023 (Cumulative Assessment),Very High,Inundation Frequency >14 Times (1998-2023),Village Hazard Zone,"Flood Hazard Zonation Atlas of Assam (1998-2023), NRSC/ISRO & ASDMA"
FHZ_VIL_0204,Flood,Barpeta,Barpeta,Dokania Bil,26.32,91.0,1998-2023 (Cumulative Assessment),Very High,Inundation Frequency >14 Times (1998-2023),Village Hazard Zone,"Flood Hazard Zonation Atlas of Assam (1998-2023), NRSC/ISRO & ASDMA"
FHZ_VIL_0205,Flood,Barpeta,Barpeta,Debradi,26.32,91.0,1998-2023 (Cumulative Assessment),Very High,Inundation Frequency >14 Times (1998-2023),Village Hazard Zone,"Flood Hazard Zonation Atlas of Assam (1998-2023), NRSC/ISRO & ASDMA"
FHZ_VIL_0206,Flood,Barpeta,Barpeta,Fatigrah,26.32,91.0,1998-2023 (Cumulative Assessment),Very High,Inundation Frequency >14 Times (1998-2023),Village Hazard Zone,"Flood Hazard Zonation Atlas of Assam (1998-2023), NRSC/ISRO & ASDMA"
FHZ_VIL_0207,Flood,Barpeta,Barpeta,Ganakkuchi,26.32,91.0,1998-2023 (Cumulative Assessment),Very High,Inundation Frequency >14 Times (1998-2023),Village Hazard Zone,"Flood Hazard Zonation Atlas of Assam (1998-2023), NRSC/ISRO & ASDMA"
FHZ_VIL_0208,Flood,Barpeta,Barpeta,Garemara Habi,26.32,91.0,1998-2023 (Cumulative Assessment),Very High,Inundation Frequency >14 Times (1998-2023),Village Hazard Zone,"Flood Hazard Zonation Atlas of Assam (1998-2023), NRSC/ISRO & ASDMA"
FHZ_VIL_0209,Flood,Barpeta,Barpeta,Kacharipara,26.32,91.0,1998-2023 (Cumulative Assessment),Very High,Inundation Frequency >14 Times (1998-2023),Village Hazard Zone,"Flood Hazard Zonation Atlas of Assam (1998-2023), NRSC/ISRO & ASDMA"
FHZ_VIL_0210,Flood,Barpeta,Barpeta,Kahibari,26.32,91.0,1998-2023 (Cumulative Assessment),Very High,Inundation Frequency >14 Times (1998-2023),Village Hazard Zone,"Flood Hazard Zonation Atlas of Assam (1998-2023), NRSC/ISRO & ASDMA"
FHZ_VIL_0211,Flood,Barpeta,Barpeta,Kahikuchi,26.32,91.0,1998-2023 (Cumulative Assessment),Very High,Inundation Frequency >14 Times (1998-2023),Village Hazard Zone,"Flood Hazard Zonation Atlas of Assam (1998-2023), NRSC/ISRO & ASDMA"
FHZ_VIL_0212,Flood,Barpeta,Barpeta,Keyotpara,26.32,91.0,1998-2023 (Cumulative Assessment),Very High,Inundation Frequency >14 Times (1998-2023),Village Hazard Zone,"Flood Hazard Zonation Atlas of Assam (1998-2023), NRSC/ISRO & ASDMA"
FHZ_VIL_0213,Flood,Barpeta,Barpeta,Khandarkur,26.32,91.0,1998-2023 (Cumulative Assessment),Very High,Inundation Frequency >14 Times (1998-2023),Village Hazard Zone,"Flood Hazard Zonation Atlas of Assam (1998-2023), NRSC/ISRO & ASDMA"
FHZ_VIL_0214,Flood,Barpeta,Barpeta,Khapanbariabhitha,26.32,91.0,1998-2023 (Cumulative Assessment),Very High,Inundation Frequency >14 Times (1998-2023),Village Hazard Zone,"Flood Hazard Zonation Atlas of Assam (1998-2023), NRSC/ISRO & ASDMA"
FHZ_VIL_0215,Flood,Barpeta,Barpeta,Khardhara Pathar,26.32,91.0,1998-2023 (Cumulative Assessment),Very High,Inundation Frequency >14 Times (1998-2023),Village Hazard Zone,"Flood Hazard Zonation Atlas of Assam (1998-2023), NRSC/ISRO & ASDMA"
FHZ_VIL_0216,Flood,Barpeta,Barpeta,Kharuapara,26.32,91.0,1998-2023 (Cumulative Assessment),Very High,Inundation Frequency >14 Times (1998-2023),Village Hazard Zone,"Flood Hazard Zonation Atlas of Assam (1998-2023), NRSC/ISRO & ASDMA"
FHZ_VIL_0217,Flood,Barpeta,Barpeta,Majar Gaon,26.32,91.0,1998-2023 (Cumulative Assessment),Very High,Inundation Frequency >14 Times (1998-2023),Village Hazard Zone,"Flood Hazard Zonation Atlas of Assam (1998-2023), NRSC/ISRO & ASDMA"
FHZ_VIL_0218,Flood,Barpeta,Barpeta,Majkuchi,26.32,91.0,1998-2023 (Cumulative Assessment),Very High,Inundation Frequency >14 Times (1998-2023),Village Hazard Zone,"Flood Hazard Zonation Atlas of Assam (1998-2023), NRSC/ISRO & ASDMA"
FHZ_VIL_0219,Flood,Barpeta,Barpeta,Moukhari,26.32,91.0,1998-2023 (Cumulative Assessment),Very High,Inundation Frequency >14 Times (1998-2023),Village Hazard Zone,"Flood Hazard Zonation Atlas of Assam (1998-2023), NRSC/ISRO & ASDMA"
FHZ_VIL_0220,Flood,Barpeta,Barpeta,Nangalkur,26.32,91.0,1998-2023 (Cumulative Assessment),Very High,Inundation Frequency >14 Times (1998-2023),Village Hazard Zone,"Flood Hazard Zonation Atlas of Assam (1998-2023), NRSC/ISRO & ASDMA"
FHZ_VIL_0221,Flood,Barpeta,Barpeta,Nasatra,26.32,91.0,1998-2023 (Cumulative Assessment),Very High,Inundation Frequency >14 Times (1998-2023),Village Hazard Zone,"Flood Hazard Zonation Atlas of Assam (1998-2023), NRSC/ISRO & ASDMA"
FHZ_VIL_0222,Flood,Barpeta,Barpeta,Oumura,26.32,91.0,1998-2023 (Cumulative Assessment),Very High,Inundation Frequency >14 Times (1998-2023),Village Hazard Zone,"Flood Hazard Zonation Atlas of Assam (1998-2023), NRSC/ISRO & ASDMA"
FHZ_VIL_0223,Flood,Barpeta,Barpeta,Pahumara,26.32,91.0,1998-2023 (Cumulative Assessment),Very High,Inundation Frequency >14 Times (1998-2023),Village Hazard Zone,"Flood Hazard Zonation Atlas of Assam (1998-2023), NRSC/ISRO & ASDMA"
FHZ_VIL_0224,Flood,Barpeta,Barpeta,Pajarbhanga,26.32,91.0,1998-2023 (Cumulative Assessment),Very High,Inundation Frequency >14 Times (1998-2023),Village Hazard Zone,"Flood Hazard Zonation Atlas of Assam (1998-2023), NRSC/ISRO & ASDMA"
FHZ_VIL_0225,Flood,Barpeta,Barpeta,Paka Betbari Pam,26.32,91.0,1998-2023 (Cumulative Assessment),Very High,Inundation Frequency >14 Times (1998-2023),Village Hazard Zone,"Flood Hazard Zonation Atlas of Assam (1998-2023), NRSC/ISRO & ASDMA"
FHZ_VIL_0226,Flood,Barpeta,Barpeta,Paka Betbari Pathar,26.32,91.0,1998-2023 (Cumulative Assessment),Very High,Inundation Frequency >14 Times (1998-2023),Village Hazard Zone,"Flood Hazard Zonation Atlas of Assam (1998-2023), NRSC/ISRO & ASDMA"
FHZ_VIL_0227,Flood,Barpeta,Barpeta,Pakdah Bilar Pathar,26.32,91.0,1998-2023 (Cumulative Assessment),Very High,Inundation Frequency >14 Times (1998-2023),Village Hazard Zone,"Flood Hazard Zonation Atlas of Assam (1998-2023), NRSC/ISRO & ASDMA"
FHZ_VIL_0228,Flood,Barpeta,Barpeta,Panisila,26.32,91.0,1998-2023 (Cumulative Assessment),Very High,Inundation Frequency >14 Times (1998-2023),Village Hazard Zone,"Flood Hazard Zonation Atlas of Assam (1998-2023), NRSC/ISRO & ASDMA"
FHZ_VIL_0229,Flood,Barpeta,Barpeta,Radhakuchi,26.32,91.0,1998-2023 (Cumulative Assessment),Very High,Inundation Frequency >14 Times (1998-2023),Village Hazard Zone,"Flood Hazard Zonation Atlas of Assam (1998-2023), NRSC/ISRO & ASDMA"
FHZ_VIL_0230,Flood,Barpeta,Barpeta,Habi Radhakuchi,26.32,91.0,1998-2023 (Cumulative Assessment),Very High,Inundation Frequency >14 Times (1998-2023),Village Hazard Zone,"Flood Hazard Zonation Atlas of Assam (1998-2023), NRSC/ISRO & ASDMA"
FHZ_VIL_0231,Flood,Barpeta,Barpeta,Satra Baradi,26.32,91.0,1998-2023 (Cumulative Assessment),Very High,Inundation Frequency >14 Times (1998-2023),Village Hazard Zone,"Flood Hazard Zonation Atlas of Assam (1998-2023), NRSC/ISRO & ASDMA"
FHZ_VIL_0232,Flood,Barpeta,Barpeta,Suagpur,26.32,91.0,1998-2023 (Cumulative Assessment),Very High,Inundation Frequency >14 Times (1998-2023),Village Hazard Zone,"Flood Hazard Zonation Atlas of Assam (1998-2023), NRSC/ISRO & ASDMA"
FHZ_VIL_0233,Flood,Barpeta,Barpeta,Taparbari,26.32,91.0,1998-2023 (Cumulative Assessment),Very High,Inundation Frequency >14 Times (1998-2023),Village Hazard Zone,"Flood Hazard Zonation Atlas of Assam (1998-2023), NRSC/ISRO & ASDMA"
FHZ_VIL_0234,Flood,Barpeta,Barpeta,Tatikuchi,26.32,91.0,1998-2023 (Cumulative Assessment),Very High,Inundation Frequency >14 Times (1998-2023),Village Hazard Zone,"Flood Hazard Zonation Atlas of Assam (1998-2023), NRSC/ISRO & ASDMA"
FHZ_VIL_0235,Flood,Barpeta,Barpeta,Teklarbala,26.32,91.0,1998-2023 (Cumulative Assessment),Very High,Inundation Frequency >14 Times (1998-2023),Village Hazard Zone,"Flood Hazard Zonation Atlas of Assam (1998-2023), NRSC/ISRO & ASDMA"
FHZ_VIL_0236,Flood,Barpeta,Barpeta,Bamunkuchi,26.32,91.0,1998-2023 (Cumulative Assessment),High,Inundation Frequency 11-14 Times (1998-2023),Village Hazard Zone,"Flood Hazard Zonation Atlas of Assam (1998-2023), NRSC/ISRO & ASDMA"
FHZ_VIL_0237,Flood,Barpeta,Barpeta,Bantipur,26.32,91.0,1998-2023 (Cumulative Assessment),High,Inundation Frequency 11-14 Times (1998-2023),Village Hazard Zone,"Flood Hazard Zonation Atlas of Assam (1998-2023), NRSC/ISRO & ASDMA"
FHZ_VIL_0238,Flood,Barpeta,Barpeta,Baragdia,26.32,91.0,1998-2023 (Cumulative Assessment),High,Inundation Frequency 11-14 Times (1998-2023),Village Hazard Zone,"Flood Hazard Zonation Atlas of Assam (1998-2023), NRSC/ISRO & ASDMA"
FHZ_VIL_0239,Flood,Barpeta,Barpeta,Barpeta Town,26.32,91.0,1998-2023 (Cumulative Assessment),High,Inundation Frequency 11-14 Times (1998-2023),Village Hazard Zone,"Flood Hazard Zonation Atlas of Assam (1998-2023), NRSC/ISRO & ASDMA"
FHZ_VIL_0240,Flood,Barpeta,Barpeta,Barsuha,26.32,91.0,1998-2023 (Cumulative Assessment),High,Inundation Frequency 11-14 Times (1998-2023),Village Hazard Zone,"Flood Hazard Zonation Atlas of Assam (1998-2023), NRSC/ISRO & ASDMA"
FHZ_VIL_0241,Flood,Barpeta,Barnagar_Barpeta,Dwarika,26.32,91.0,1998-2023 (Cumulative Assessment),High,Inundation Frequency 11-14 Times (1998-2023),Village Hazard Zone,"Flood Hazard Zonation Atlas of Assam (1998-2023), NRSC/ISRO & ASDMA"
FHZ_VIL_0242,Flood,Barpeta,Barnagar_Barpeta,Meda,26.32,91.0,1998-2023 (Cumulative Assessment),High,Inundation Frequency 11-14 Times (1998-2023),Village Hazard Zone,"Flood Hazard Zonation Atlas of Assam (1998-2023), NRSC/ISRO & ASDMA"
FHZ_VIL_0243,Flood,Barpeta,Barnagar_Barpeta,Nichuka,26.32,91.0,1998-2023 (Cumulative Assessment),High,Inundation Frequency 11-14 Times (1998-2023),Village Hazard Zone,"Flood Hazard Zonation Atlas of Assam (1998-2023), NRSC/ISRO & ASDMA"
FHZ_VIL_0244,Flood,Barpeta,Barnagar_Barpeta,Balapat,26.32,91.0,1998-2023 (Cumulative Assessment),Moderate,Inundation Frequency 7-10 Times (1998-2023),Village Hazard Zone,"Flood Hazard Zonation Atlas of Assam (1998-2023), NRSC/ISRO & ASDMA"
FHZ_VIL_0245,Flood,Barpeta,Barnagar_Barpeta,Barpeta Road Town,26.32,91.0,1998-2023 (Cumulative Assessment),Moderate,Inundation Frequency 7-10 Times (1998-2023),Village Hazard Zone,"Flood Hazard Zonation Atlas of Assam (1998-2023), NRSC/ISRO & ASDMA"
FHZ_VIL_0246,Flood,Barpeta,Barnagar_Barpeta,Jakuapara,26.32,91.0,1998-2023 (Cumulative Assessment),Moderate,Inundation Frequency 7-10 Times (1998-2023),Village Hazard Zone,"Flood Hazard Zonation Atlas of Assam (1998-2023), NRSC/ISRO & ASDMA"
FHZ_VIL_0247,Flood,Barpeta,Barnagar_Barpeta,Kayastha Gaon,26.32,91.0,1998-2023 (Cumulative Assessment),Moderate,Inundation Frequency 7-10 Times (1998-2023),Village Hazard Zone,"Flood Hazard Zonation Atlas of Assam (1998-2023), NRSC/ISRO & ASDMA"
FHZ_VIL_0248,Flood,Barpeta,Barnagar_Barpeta,Puthirmari,26.32,91.0,1998-2023 (Cumulative Assessment),Moderate,Inundation Frequency 7-10 Times (1998-2023),Village Hazard Zone,"Flood Hazard Zonation Atlas of Assam (1998-2023), NRSC/ISRO & ASDMA"
FHZ_VIL_0249,Flood,Barpeta,Barnagar_Barpeta,Rampur,26.32,91.0,1998-2023 (Cumulative Assessment),Moderate,Inundation Frequency 7-10 Times (1998-2023),Village Hazard Zone,"Flood Hazard Zonation Atlas of Assam (1998-2023), NRSC/ISRO & ASDMA"
FHZ_VIL_0250,Flood,Barpeta,Barnagar_Barpeta,Batikuriha,26.32,91.0,1998-2023 (Cumulative Assessment),High,Inundation Frequency 11-14 Times (1998-2023),Village Hazard Zone,"Flood Hazard Zonation Atlas of Assam (1998-2023), NRSC/ISRO & ASDMA"
FHZ_VIL_0251,Flood,Barpeta,Barnagar_Barpeta,Betbari Pathar,26.32,91.0,1998-2023 (Cumulative Assessment),High,Inundation Frequency 11-14 Times (1998-2023),Village Hazard Zone,"Flood Hazard Zonation Atlas of Assam (1998-2023), NRSC/ISRO & ASDMA"
FHZ_VIL_0252,Flood,Barpeta,Barnagar_Barpeta,Bhairaguri Pam,26.32,91.0,1998-2023 (Cumulative Assessment),High,Inundation Frequency 11-14 Times (1998-2023),Village Hazard Zone,"Flood Hazard Zonation Atlas of Assam (1998-2023), NRSC/ISRO & ASDMA"
FHZ_VIL_0253,Flood,Barpeta,Barnagar_Barpeta,Swaragpara,26.32,91.0,1998-2023 (Cumulative Assessment),High,Inundation Frequency 11-14 Times (1998-2023),Village Hazard Zone,"Flood Hazard Zonation Atlas of Assam (1998-2023), NRSC/ISRO & ASDMA"
FHZ_VIL_0254,Flood,Barpeta,Barnagar_Barpeta,Dakreswar,26.32,91.0,1998-2023 (Cumulative Assessment),High,Inundation Frequency 11-14 Times (1998-2023),Village Hazard Zone,"Flood Hazard Zonation Atlas of Assam (1998-2023), NRSC/ISRO & ASDMA"
FHZ_VIL_0255,Flood,Barpeta,Barnagar_Barpeta,Damaljhar,26.32,91.0,1998-2023 (Cumulative Assessment),High,Inundation Frequency 11-14 Times (1998-2023),Village Hazard Zone,"Flood Hazard Zonation Atlas of Assam (1998-2023), NRSC/ISRO & ASDMA"
FHZ_VIL_0256,Flood,Barpeta,Barnagar_Barpeta,Damrabowa,26.32,91.0,1998-2023 (Cumulative Assessment),High,Inundation Frequency 11-14 Times (1998-2023),Village Hazard Zone,"Flood Hazard Zonation Atlas of Assam (1998-2023), NRSC/ISRO & ASDMA"
FHZ_VIL_0257,Flood,Barpeta,Barnagar_Barpeta,Dhakua,26.32,91.0,1998-2023 (Cumulative Assessment),High,Inundation Frequency 11-14 Times (1998-2023),Village Hazard Zone,"Flood Hazard Zonation Atlas of Assam (1998-2023), NRSC/ISRO & ASDMA"
FHZ_VIL_0258,Flood,Barpeta,Barnagar_Barpeta,Dongra,26.32,91.0,1998-2023 (Cumulative Assessment),High,Inundation Frequency 11-14 Times (1998-2023),Village Hazard Zone,"Flood Hazard Zonation Atlas of Assam (1998-2023), NRSC/ISRO & ASDMA"
FHZ_VIL_0259,Flood,Barpeta,Barnagar_Barpeta,Fulorguri,26.32,91.0,1998-2023 (Cumulative Assessment),High,Inundation Frequency 11-14 Times (1998-2023),Village Hazard Zone,"Flood Hazard Zonation Atlas of Assam (1998-2023), NRSC/ISRO & ASDMA"
FHZ_VIL_0260,Flood,Barpeta,Barnagar_Barpeta,Gaherpam,26.32,91.0,1998-2023 (Cumulative Assessment),High,Inundation Frequency 11-14 Times (1998-2023),Village Hazard Zone,"Flood Hazard Zonation Atlas of Assam (1998-2023), NRSC/ISRO & ASDMA"
FHZ_VIL_0261,Flood,Barpeta,Barnagar_Barpeta,Hahchara Bil,26.32,91.0,1998-2023 (Cumulative Assessment),High,Inundation Frequency 11-14 Times (1998-2023),Village Hazard Zone,"Flood Hazard Zonation Atlas of Assam (1998-2023), NRSC/ISRO & ASDMA"
FHZ_VIL_0262,Flood,Barpeta,Barnagar_Barpeta,Jabrikuchi,26.32,91.0,1998-2023 (Cumulative Assessment),High,Inundation Frequency 11-14 Times (1998-2023),Village Hazard Zone,"Flood Hazard Zonation Atlas of Assam (1998-2023), NRSC/ISRO & ASDMA"
FHZ_VIL_0263,Flood,Barpeta,Barnagar_Barpeta,Kaljahi Pathar,26.32,91.0,1998-2023 (Cumulative Assessment),High,Inundation Frequency 11-14 Times (1998-2023),Village Hazard Zone,"Flood Hazard Zonation Atlas of Assam (1998-2023), NRSC/ISRO & ASDMA"
FHZ_VIL_0264,Flood,Barpeta,Barnagar_Barpeta,Kumulliapara,26.32,91.0,1998-2023 (Cumulative Assessment),High,Inundation Frequency 11-14 Times (1998-2023),Village Hazard Zone,"Flood Hazard Zonation Atlas of Assam (1998-2023), NRSC/ISRO & ASDMA"
FHZ_VIL_0265,Flood,Barpeta,Barnagar_Barpeta,Nagaon,26.32,91.0,1998-2023 (Cumulative Assessment),High,Inundation Frequency 11-14 Times (1998-2023),Village Hazard Zone,"Flood Hazard Zonation Atlas of Assam (1998-2023), NRSC/ISRO & ASDMA"
FHZ_VIL_0266,Flood,Barpeta,Barnagar_Barpeta,Patbousi,26.32,91.0,1998-2023 (Cumulative Assessment),High,Inundation Frequency 11-14 Times (1998-2023),Village Hazard Zone,"Flood Hazard Zonation Atlas of Assam (1998-2023), NRSC/ISRO & ASDMA"
FHZ_VIL_0267,Flood,Barpeta,Barnagar_Barpeta,Sila,26.32,91.0,1998-2023 (Cumulative Assessment),High,Inundation Frequency 11-14 Times (1998-2023),Village Hazard Zone,"Flood Hazard Zonation Atlas of Assam (1998-2023), NRSC/ISRO & ASDMA"
FHZ_VIL_0268,Flood,Barpeta,Barnagar_Barpeta,Suhabildalani,26.32,91.0,1998-2023 (Cumulative Assessment),High,Inundation Frequency 11-14 Times (1998-2023),Village Hazard Zone,"Flood Hazard Zonation Atlas of Assam (1998-2023), NRSC/ISRO & ASDMA"
FHZ_VIL_0269,Flood,Barpeta,Barnagar_Barpeta,Temura,26.32,91.0,1998-2023 (Cumulative Assessment),High,Inundation Frequency 11-14 Times (1998-2023),Village Hazard Zone,"Flood Hazard Zonation Atlas of Assam (1998-2023), NRSC/ISRO & ASDMA"
FHZ_VIL_0270,Flood,Barpeta,Barnagar_Barpeta,Bagaijan,26.32,91.0,1998-2023 (Cumulative Assessment),Moderate,Inundation Frequency 7-10 Times (1998-2023),Village Hazard Zone,"Flood Hazard Zonation Atlas of Assam (1998-2023), NRSC/ISRO & ASDMA"
FHZ_VIL_0271,Flood,Barpeta,Barnagar_Barpeta,Bonbaha,26.32,91.0,1998-2023 (Cumulative Assessment),Moderate,Inundation Frequency 7-10 Times (1998-2023),Village Hazard Zone,"Flood Hazard Zonation Atlas of Assam (1998-2023), NRSC/ISRO & ASDMA"
FHZ_VIL_0272,Flood,Barpeta,Barnagar_Barpeta,Betbari,26.32,91.0,1998-2023 (Cumulative Assessment),Moderate,Inundation Frequency 7-10 Times (1998-2023),Village Hazard Zone,"Flood Hazard Zonation Atlas of Assam (1998-2023), NRSC/ISRO & ASDMA"
FHZ_VIL_0273,Flood,Barpeta,Barnagar_Barpeta,Bhalukabari Pathar,26.32,91.0,1998-2023 (Cumulative Assessment),Moderate,Inundation Frequency 7-10 Times (1998-2023),Village Hazard Zone,"Flood Hazard Zonation Atlas of Assam (1998-2023), NRSC/ISRO & ASDMA"
FHZ_VIL_0274,Flood,Barpeta,Barnagar_Barpeta,Bhulkabari Gaon,26.32,91.0,1998-2023 (Cumulative Assessment),Moderate,Inundation Frequency 7-10 Times (1998-2023),Village Hazard Zone,"Flood Hazard Zonation Atlas of Assam (1998-2023), NRSC/ISRO & ASDMA"
FHZ_VIL_0275,Flood,Barpeta,Barnagar_Barpeta,Dewrikuchi,26.32,91.0,1998-2023 (Cumulative Assessment),Moderate,Inundation Frequency 7-10 Times (1998-2023),Village Hazard Zone,"Flood Hazard Zonation Atlas of Assam (1998-2023), NRSC/ISRO & ASDMA"
FHZ_VIL_0276,Flood,Barpeta,Barnagar_Barpeta,Dhanbandha,26.32,91.0,1998-2023 (Cumulative Assessment),Moderate,Inundation Frequency 7-10 Times (1998-2023),Village Hazard Zone,"Flood Hazard Zonation Atlas of Assam (1998-2023), NRSC/ISRO & ASDMA"
FHZ_VIL_0277,Flood,Barpeta,Barnagar_Barpeta,Gandhi,26.32,91.0,1998-2023 (Cumulative Assessment),Moderate,Inundation Frequency 7-10 Times (1998-2023),Village Hazard Zone,"Flood Hazard Zonation Atlas of Assam (1998-2023), NRSC/ISRO & ASDMA"
FHZ_VIL_0278,Flood,Barpeta,Barnagar_Barpeta,Garemari Gaon,26.32,91.0,1998-2023 (Cumulative Assessment),Moderate,Inundation Frequency 7-10 Times (1998-2023),Village Hazard Zone,"Flood Hazard Zonation Atlas of Assam (1998-2023), NRSC/ISRO & ASDMA"
FHZ_VIL_0279,Flood,Barpeta,Barnagar_Barpeta,Garemari Pathar,26.32,91.0,1998-2023 (Cumulative Assessment),Moderate,Inundation Frequency 7-10 Times (1998-2023),Village Hazard Zone,"Flood Hazard Zonation Atlas of Assam (1998-2023), NRSC/ISRO & ASDMA"
FHZ_VIL_0280,Flood,Barpeta,Barnagar_Barpeta,Hatijana,26.32,91.0,1998-2023 (Cumulative Assessment),Moderate,Inundation Frequency 7-10 Times (1998-2023),Village Hazard Zone,"Flood Hazard Zonation Atlas of Assam (1998-2023), NRSC/ISRO & ASDMA"
FHZ_VIL_0281,Flood,Barpeta,Barnagar_Barpeta,Jarabari,26.32,91.0,1998-2023 (Cumulative Assessment),Moderate,Inundation Frequency 7-10 Times (1998-2023),Village Hazard Zone,"Flood Hazard Zonation Atlas of Assam (1998-2023), NRSC/ISRO & ASDMA"
FHZ_VIL_0282,Flood,Barpeta,Barnagar_Barpeta,Joshihati,26.32,91.0,1998-2023 (Cumulative Assessment),Moderate,Inundation Frequency 7-10 Times (1998-2023),Village Hazard Zone,"Flood Hazard Zonation Atlas of Assam (1998-2023), NRSC/ISRO & ASDMA"
FHZ_VIL_0283,Flood,Barpeta,Barnagar_Barpeta,Kalijar,26.32,91.0,1998-2023 (Cumulative Assessment),Moderate,Inundation Frequency 7-10 Times (1998-2023),Village Hazard Zone,"Flood Hazard Zonation Atlas of Assam (1998-2023), NRSC/ISRO & ASDMA"
FHZ_VIL_0284,Flood,Barpeta,Barnagar_Barpeta,Kamalpur,26.32,91.0,1998-2023 (Cumulative Assessment),Moderate,Inundation Frequency 7-10 Times (1998-2023),Village Hazard Zone,"Flood Hazard Zonation Atlas of Assam (1998-2023), NRSC/ISRO & ASDMA"
FHZ_VIL_0285,Flood,Barpeta,Barnagar_Barpeta,Kamalpur Pam,26.32,91.0,1998-2023 (Cumulative Assessment),Moderate,Inundation Frequency 7-10 Times (1998-2023),Village Hazard Zone,"Flood Hazard Zonation Atlas of Assam (1998-2023), NRSC/ISRO & ASDMA"
FHZ_VIL_0286,Flood,Barpeta,Barnagar_Barpeta,Kathalartari,26.32,91.0,1998-2023 (Cumulative Assessment),Moderate,Inundation Frequency 7-10 Times (1998-2023),Village Hazard Zone,"Flood Hazard Zonation Atlas of Assam (1998-2023), NRSC/ISRO & ASDMA"
FHZ_VIL_0287,Flood,Barpeta,Barnagar_Barpeta,Keotkuchi,26.32,91.0,1998-2023 (Cumulative Assessment),Moderate,Inundation Frequency 7-10 Times (1998-2023),Village Hazard Zone,"Flood Hazard Zonation Atlas of Assam (1998-2023), NRSC/ISRO & ASDMA"
FHZ_VIL_0288,Flood,Barpeta,Barnagar_Barpeta,Khablarbhitha,26.32,91.0,1998-2023 (Cumulative Assessment),Moderate,Inundation Frequency 7-10 Times (1998-2023),Village Hazard Zone,"Flood Hazard Zonation Atlas of Assam (1998-2023), NRSC/ISRO & ASDMA"
FHZ_VIL_0289,Flood,Barpeta,Barnagar_Barpeta,Khandarpar,26.32,91.0,1998-2023 (Cumulative Assessment),Moderate,Inundation Frequency 7-10 Times (1998-2023),Village Hazard Zone,"Flood Hazard Zonation Atlas of Assam (1998-2023), NRSC/ISRO & ASDMA"
FHZ_VIL_0290,Flood,Barpeta,Barnagar_Barpeta,Kuzarpith,26.32,91.0,1998-2023 (Cumulative Assessment),Moderate,Inundation Frequency 7-10 Times (1998-2023),Village Hazard Zone,"Flood Hazard Zonation Atlas of Assam (1998-2023), NRSC/ISRO & ASDMA"
FHZ_VIL_0291,Flood,Barpeta,Barnagar_Barpeta,Mailkuchi,26.32,91.0,1998-2023 (Cumulative Assessment),Moderate,Inundation Frequency 7-10 Times (1998-2023),Village Hazard Zone,"Flood Hazard Zonation Atlas of Assam (1998-2023), NRSC/ISRO & ASDMA"
FHZ_VIL_0292,Flood,Barpeta,Barnagar_Barpeta,Palhaji,26.32,91.0,1998-2023 (Cumulative Assessment),Moderate,Inundation Frequency 7-10 Times (1998-2023),Village Hazard Zone,"Flood Hazard Zonation Atlas of Assam (1998-2023), NRSC/ISRO & ASDMA"
FHZ_VIL_0293,Flood,Barpeta,Barnagar_Barpeta,Putulartari,26.32,91.0,1998-2023 (Cumulative Assessment),Moderate,Inundation Frequency 7-10 Times (1998-2023),Village Hazard Zone,"Flood Hazard Zonation Atlas of Assam (1998-2023), NRSC/ISRO & ASDMA"
FHZ_VIL_0294,Flood,Barpeta,Kalgachia,Barhowra,26.32,91.0,1998-2023 (Cumulative Assessment),Very High,Inundation Frequency >14 Times (1998-2023),Village Hazard Zone,"Flood Hazard Zonation Atlas of Assam (1998-2023), NRSC/ISRO & ASDMA"
FHZ_VIL_0295,Flood,Barpeta,Kalgachia,Bondarmura,26.32,91.0,1998-2023 (Cumulative Assessment),Very High,Inundation Frequency >14 Times (1998-2023),Village Hazard Zone,"Flood Hazard Zonation Atlas of Assam (1998-2023), NRSC/ISRO & ASDMA"
FHZ_VIL_0296,Flood,Barpeta,Kalgachia,Fulara,26.32,91.0,1998-2023 (Cumulative Assessment),Very High,Inundation Frequency >14 Times (1998-2023),Village Hazard Zone,"Flood Hazard Zonation Atlas of Assam (1998-2023), NRSC/ISRO & ASDMA"
FHZ_VIL_0297,Flood,Barpeta,Kalgachia,Paschim Dewldi I,26.32,91.0,1998-2023 (Cumulative Assessment),Very High,Inundation Frequency >14 Times (1998-2023),Village Hazard Zone,"Flood Hazard Zonation Atlas of Assam (1998-2023), NRSC/ISRO & ASDMA"
FHZ_VIL_0298,Flood,Barpeta,Kalgachia,Puram Sikatari,26.32,91.0,1998-2023 (Cumulative Assessment),Very High,Inundation Frequency >14 Times (1998-2023),Village Hazard Zone,"Flood Hazard Zonation Atlas of Assam (1998-2023), NRSC/ISRO & ASDMA"
FHZ_VIL_0299,Flood,Barpeta,Kalgachia,Sikatari Gaon,26.32,91.0,1998-2023 (Cumulative Assessment),Very High,Inundation Frequency >14 Times (1998-2023),Village Hazard Zone,"Flood Hazard Zonation Atlas of Assam (1998-2023), NRSC/ISRO & ASDMA"
FHZ_VIL_0300,Flood,Barpeta,Kalgachia,Sikatari Pathar,26.32,91.0,1998-2023 (Cumulative Assessment),Very High,Inundation Frequency >14 Times (1998-2023),Village Hazard Zone,"Flood Hazard Zonation Atlas of Assam (1998-2023), NRSC/ISRO & ASDMA"
FHZ_VIL_0301,Flood,Barpeta,Kalgachia,Sri Rampur,26.32,91.0,1998-2023 (Cumulative Assessment),Very High,Inundation Frequency >14 Times (1998-2023),Village Hazard Zone,"Flood Hazard Zonation Atlas of Assam (1998-2023), NRSC/ISRO & ASDMA"
FHZ_VIL_0302,Flood,Barpeta,Kalgachia,Galia,26.32,91.0,1998-2023 (Cumulative Assessment),Very High,Inundation Frequency >14 Times (1998-2023),Village Hazard Zone,"Flood Hazard Zonation Atlas of Assam (1998-2023), NRSC/ISRO & ASDMA"
FHZ_VIL_0303,Flood,Barpeta,Kalgachia,Kasukati,26.32,91.0,1998-2023 (Cumulative Assessment),Very High,Inundation Frequency >14 Times (1998-2023),Village Hazard Zone,"Flood Hazard Zonation Atlas of Assam (1998-2023), NRSC/ISRO & ASDMA"
FHZ_VIL_0304,Flood,Barpeta,Kalgachia,Bardanga,26.32,91.0,1998-2023 (Cumulative Assessment),Very High,Inundation Frequency >14 Times (1998-2023),Village Hazard Zone,"Flood Hazard Zonation Atlas of Assam (1998-2023), NRSC/ISRO & ASDMA"
FHZ_VIL_0305,Flood,Barpeta,Kalgachia,Hatijana,26.32,91.0,1998-2023 (Cumulative Assessment),Very High,Inundation Frequency >14 Times (1998-2023),Village Hazard Zone,"Flood Hazard Zonation Atlas of Assam (1998-2023), NRSC/ISRO & ASDMA"
FHZ_VIL_0306,Flood,Barpeta,Kalgachia,Pathaliapara,26.32,91.0,1998-2023 (Cumulative Assessment),Very High,Inundation Frequency >14 Times (1998-2023),Village Hazard Zone,"Flood Hazard Zonation Atlas of Assam (1998-2023), NRSC/ISRO & ASDMA"
FHZ_VIL_0307,Flood,Barpeta,Kalgachia,Kayakuchi,26.32,91.0,1998-2023 (Cumulative Assessment),Very High,Inundation Frequency >14 Times (1998-2023),Village Hazard Zone,"Flood Hazard Zonation Atlas of Assam (1998-2023), NRSC/ISRO & ASDMA"
FHZ_VIL_0308,Flood,Barpeta,Kalgachia,Chatla N.c.,26.32,91.0,1998-2023 (Cumulative Assessment),High,Inundation Frequency 11-14 Times (1998-2023),Village Hazard Zone,"Flood Hazard Zonation Atlas of Assam (1998-2023), NRSC/ISRO & ASDMA"
FHZ_VIL_0309,Flood,Barpeta,Kalgachia,Joypur Pathar,26.32,91.0,1998-2023 (Cumulative Assessment),High,Inundation Frequency 11-14 Times (1998-2023),Village Hazard Zone,"Flood Hazard Zonation Atlas of Assam (1998-2023), NRSC/ISRO & ASDMA"
FHZ_VIL_0310,Flood,Barpeta,Kalgachia,Kayakuchi Pathar,26.32,91.0,1998-2023 (Cumulative Assessment),High,Inundation Frequency 11-14 Times (1998-2023),Village Hazard Zone,"Flood Hazard Zonation Atlas of Assam (1998-2023), NRSC/ISRO & ASDMA"
FHZ_VIL_0311,Flood,Barpeta,Kalgachia,Khandakar Para,26.32,91.0,1998-2023 (Cumulative Assessment),High,Inundation Frequency 11-14 Times (1998-2023),Village Hazard Zone,"Flood Hazard Zonation Atlas of Assam (1998-2023), NRSC/ISRO & ASDMA"
FHZ_VIL_0312,Flood,Barpeta,Kalgachia,Kismat Mayanbari N.c.,26.32,91.0,1998-2023 (Cumulative Assessment),High,Inundation Frequency 11-14 Times (1998-2023),Village Hazard Zone,"Flood Hazard Zonation Atlas of Assam (1998-2023), NRSC/ISRO & ASDMA"
FHZ_VIL_0313,Flood,Barpeta,Kalgachia,Niz mayanbari,26.32,91.0,1998-2023 (Cumulative Assessment),High,Inundation Frequency 11-14 Times (1998-2023),Village Hazard Zone,"Flood Hazard Zonation Atlas of Assam (1998-2023), NRSC/ISRO & ASDMA"
FHZ_VIL_0314,Flood,Barpeta,Kalgachia,Pathar Chali,26.32,91.0,1998-2023 (Cumulative Assessment),High,Inundation Frequency 11-14 Times (1998-2023),Village Hazard Zone,"Flood Hazard Zonation Atlas of Assam (1998-2023), NRSC/ISRO & ASDMA"
FHZ_VIL_0315,Flood,Barpeta,Kalgachia,Sutir Pather,26.32,91.0,1998-2023 (Cumulative Assessment),High,Inundation Frequency 11-14 Times (1998-2023),Village Hazard Zone,"Flood Hazard Zonation Atlas of Assam (1998-2023), NRSC/ISRO & ASDMA"
FHZ_VIL_0316,Flood,Barpeta,Kalgachia,Kharballi,26.32,91.0,1998-2023 (Cumulative Assessment),High,Inundation Frequency 11-14 Times (1998-2023),Village Hazard Zone,"Flood Hazard Zonation Atlas of Assam (1998-2023), NRSC/ISRO & ASDMA"
FHZ_VIL_0317,Flood,Barpeta,Kalgachia,Amguri,26.32,91.0,1998-2023 (Cumulative Assessment),High,Inundation Frequency 11-14 Times (1998-2023),Village Hazard Zone,"Flood Hazard Zonation Atlas of Assam (1998-2023), NRSC/ISRO & ASDMA"
FHZ_VIL_0318,Flood,Barpeta,Kalgachia,Sawrachara D-Reserve,26.32,91.0,1998-2023 (Cumulative Assessment),High,Inundation Frequency 11-14 Times (1998-2023),Village Hazard Zone,"Flood Hazard Zonation Atlas of Assam (1998-2023), NRSC/ISRO & ASDMA"
FHZ_VIL_0319,Flood,Barpeta,Kalgachia,Sawrachara Pathar,26.32,91.0,1998-2023 (Cumulative Assessment),High,Inundation Frequency 11-14 Times (1998-2023),Village Hazard Zone,"Flood Hazard Zonation Atlas of Assam (1998-2023), NRSC/ISRO & ASDMA"
FHZ_VIL_0320,Flood,Barpeta,Kalgachia,Sawrachara Gaon,26.32,91.0,1998-2023 (Cumulative Assessment),High,Inundation Frequency 11-14 Times (1998-2023),Village Hazard Zone,"Flood Hazard Zonation Atlas of Assam (1998-2023), NRSC/ISRO & ASDMA"
FHZ_VIL_0321,Flood,Barpeta,Kalgachia,Chikni D-Reserve,26.32,91.0,1998-2023 (Cumulative Assessment),High,Inundation Frequency 11-14 Times (1998-2023),Village Hazard Zone,"Flood Hazard Zonation Atlas of Assam (1998-2023), NRSC/ISRO & ASDMA"
FHZ_VIL_0322,Flood,Barpeta,Kalgachia,Jaurimari D-Reserve,26.32,91.0,1998-2023 (Cumulative Assessment),High,Inundation Frequency 11-14 Times (1998-2023),Village Hazard Zone,"Flood Hazard Zonation Atlas of Assam (1998-2023), NRSC/ISRO & ASDMA"
FHZ_VIL_0323,Flood,Barpeta,Kalgachia,Takakata,26.32,91.0,1998-2023 (Cumulative Assessment),High,Inundation Frequency 11-14 Times (1998-2023),Village Hazard Zone,"Flood Hazard Zonation Atlas of Assam (1998-2023), NRSC/ISRO & ASDMA"
FHZ_VIL_0324,Flood,Barpeta,Kalgachia,Sonabari,26.32,91.0,1998-2023 (Cumulative Assessment),High,Inundation Frequency 11-14 Times (1998-2023),Village Hazard Zone,"Flood Hazard Zonation Atlas of Assam (1998-2023), NRSC/ISRO & ASDMA"
FHZ_VIL_0325,Flood,Barpeta,Kalgachia,Balikuri Gaon,26.32,91.0,1998-2023 (Cumulative Assessment),High,Inundation Frequency 11-14 Times (1998-2023),Village Hazard Zone,"Flood Hazard Zonation Atlas of Assam (1998-2023), NRSC/ISRO & ASDMA"
FHZ_VIL_0326,Flood,Barpeta,Kalgachia,Balikuri Pathar,26.32,91.0,1998-2023 (Cumulative Assessment),High,Inundation Frequency 11-14 Times (1998-2023),Village Hazard Zone,"Flood Hazard Zonation Atlas of Assam (1998-2023), NRSC/ISRO & ASDMA"
FHZ_VIL_0327,Flood,Barpeta,Kalgachia,Jaurimari Gaon,26.32,91.0,1998-2023 (Cumulative Assessment),High,Inundation Frequency 11-14 Times (1998-2023),Village Hazard Zone,"Flood Hazard Zonation Atlas of Assam (1998-2023), NRSC/ISRO & ASDMA"
FHZ_VIL_0328,Flood,Barpeta,Kalgachia,Aprupi,26.32,91.0,1998-2023 (Cumulative Assessment),Moderate,Inundation Frequency 7-10 Times (1998-2023),Village Hazard Zone,"Flood Hazard Zonation Atlas of Assam (1998-2023), NRSC/ISRO & ASDMA"
FHZ_VIL_0329,Flood,Barpeta,Kalgachia,Balai Pathar,26.32,91.0,1998-2023 (Cumulative Assessment),Moderate,Inundation Frequency 7-10 Times (1998-2023),Village Hazard Zone,"Flood Hazard Zonation Atlas of Assam (1998-2023), NRSC/ISRO & ASDMA"
FHZ_VIL_0330,Flood,Barpeta,Kalgachia,Gobindpur,26.32,91.0,1998-2023 (Cumulative Assessment),Moderate,Inundation Frequency 7-10 Times (1998-2023),Village Hazard Zone,"Flood Hazard Zonation Atlas of Assam (1998-2023), NRSC/ISRO & ASDMA"
FHZ_VIL_0331,Flood,Barpeta,Kalgachia,Hapachar,26.32,91.0,1998-2023 (Cumulative Assessment),Moderate,Inundation Frequency 7-10 Times (1998-2023),Village Hazard Zone,"Flood Hazard Zonation Atlas of Assam (1998-2023), NRSC/ISRO & ASDMA"
FHZ_VIL_0332,Flood,Barpeta,Kalgachia,Hapachar Pathar,26.32,91.0,1998-2023 (Cumulative Assessment),Moderate,Inundation Frequency 7-10 Times (1998-2023),Village Hazard Zone,"Flood Hazard Zonation Atlas of Assam (1998-2023), NRSC/ISRO & ASDMA"
FHZ_VIL_0333,Flood,Barpeta,Kalgachia,Hatcharea,26.32,91.0,1998-2023 (Cumulative Assessment),Moderate,Inundation Frequency 7-10 Times (1998-2023),Village Hazard Zone,"Flood Hazard Zonation Atlas of Assam (1998-2023), NRSC/ISRO & ASDMA"
FHZ_VIL_0334,Flood,Barpeta,Kalgachia,Kalgachia,26.32,91.0,1998-2023 (Cumulative Assessment),Moderate,Inundation Frequency 7-10 Times (1998-2023),Village Hazard Zone,"Flood Hazard Zonation Atlas of Assam (1998-2023), NRSC/ISRO & ASDMA"
FHZ_VIL_0335,Flood,Barpeta,Kalgachia,Kismat Mayanbari,26.32,91.0,1998-2023 (Cumulative Assessment),Moderate,Inundation Frequency 7-10 Times (1998-2023),Village Hazard Zone,"Flood Hazard Zonation Atlas of Assam (1998-2023), NRSC/ISRO & ASDMA"
FHZ_VIL_0336,Flood,Barpeta,Kalgachia,Mayanbaripam,26.32,91.0,1998-2023 (Cumulative Assessment),Moderate,Inundation Frequency 7-10 Times (1998-2023),Village Hazard Zone,"Flood Hazard Zonation Atlas of Assam (1998-2023), NRSC/ISRO & ASDMA"
FHZ_VIL_0337,Flood,Barpeta,Kalgachia,Satra Mayanbari,26.32,91.0,1998-2023 (Cumulative Assessment),Moderate,Inundation Frequency 7-10 Times (1998-2023),Village Hazard Zone,"Flood Hazard Zonation Atlas of Assam (1998-2023), NRSC/ISRO & ASDMA"
FHZ_VIL_0338,Flood,Barpeta,Kalgachia,Solmari,26.32,91.0,1998-2023 (Cumulative Assessment),Moderate,Inundation Frequency 7-10 Times (1998-2023),Village Hazard Zone,"Flood Hazard Zonation Atlas of Assam (1998-2023), NRSC/ISRO & ASDMA"
FHZ_VIL_0339,Flood,Barpeta,Kalgachia,Tarakandi N.c.,26.32,91.0,1998-2023 (Cumulative Assessment),Moderate,Inundation Frequency 7-10 Times (1998-2023),Village Hazard Zone,"Flood Hazard Zonation Atlas of Assam (1998-2023), NRSC/ISRO & ASDMA"
FHZ_VIL_0340,Flood,Barpeta,Kalgachia,Sawpur,26.32,91.0,1998-2023 (Cumulative Assessment),Moderate,Inundation Frequency 7-10 Times (1998-2023),Village Hazard Zone,"Flood Hazard Zonation Atlas of Assam (1998-2023), NRSC/ISRO & ASDMA"
FHZ_VIL_0341,Flood,Barpeta,Kalgachia,Digjani,26.32,91.0,1998-2023 (Cumulative Assessment),Moderate,Inundation Frequency 7-10 Times (1998-2023),Village Hazard Zone,"Flood Hazard Zonation Atlas of Assam (1998-2023), NRSC/ISRO & ASDMA"
FHZ_VIL_0342,Flood,Barpeta,Kalgachia,Bankabhanga,26.32,91.0,1998-2023 (Cumulative Assessment),Moderate,Inundation Frequency 7-10 Times (1998-2023),Village Hazard Zone,"Flood Hazard Zonation Atlas of Assam (1998-2023), NRSC/ISRO & ASDMA"
FHZ_VIL_0343,Flood,Barpeta,Kalgachia,Khelli,26.32,91.0,1998-2023 (Cumulative Assessment),Moderate,Inundation Frequency 7-10 Times (1998-2023),Village Hazard Zone,"Flood Hazard Zonation Atlas of Assam (1998-2023), NRSC/ISRO & ASDMA"
FHZ_VIL_0344,Flood,Barpeta,Kalgachia,Khatartari,26.32,91.0,1998-2023 (Cumulative Assessment),Moderate,Inundation Frequency 7-10 Times (1998-2023),Village Hazard Zone,"Flood Hazard Zonation Atlas of Assam (1998-2023), NRSC/ISRO & ASDMA"
FHZ_VIL_0345,Flood,Barpeta,Kalgachia,Rampur,26.32,91.0,1998-2023 (Cumulative Assessment),Moderate,Inundation Frequency 7-10 Times (1998-2023),Village Hazard Zone,"Flood Hazard Zonation Atlas of Assam (1998-2023), NRSC/ISRO & ASDMA"
FHZ_VIL_0346,Flood,Barpeta,Sathebari,Bogchara,26.32,91.0,1998-2023 (Cumulative Assessment),Very High,Inundation Frequency >14 Times (1998-2023),Village Hazard Zone,"Flood Hazard Zonation Atlas of Assam (1998-2023), NRSC/ISRO & ASDMA"
FHZ_VIL_0347,Flood,Barpeta,Sathebari,Dewankshetri,26.32,91.0,1998-2023 (Cumulative Assessment),Very High,Inundation Frequency >14 Times (1998-2023),Village Hazard Zone,"Flood Hazard Zonation Atlas of Assam (1998-2023), NRSC/ISRO & ASDMA"
FHZ_VIL_0348,Flood,Barpeta,Sathebari,Gahia,26.32,91.0,1998-2023 (Cumulative Assessment),Very High,Inundation Frequency >14 Times (1998-2023),Village Hazard Zone,"Flood Hazard Zonation Atlas of Assam (1998-2023), NRSC/ISRO & ASDMA"
FHZ_VIL_0349,Flood,Barpeta,Sathebari,Gumir Pathar,26.32,91.0,1998-2023 (Cumulative Assessment),Very High,Inundation Frequency >14 Times (1998-2023),Village Hazard Zone,"Flood Hazard Zonation Atlas of Assam (1998-2023), NRSC/ISRO & ASDMA"
FHZ_VIL_0350,Flood,Barpeta,Sathebari,Hariadi Pathar,26.32,91.0,1998-2023 (Cumulative Assessment),Very High,Inundation Frequency >14 Times (1998-2023),Village Hazard Zone,"Flood Hazard Zonation Atlas of Assam (1998-2023), NRSC/ISRO & ASDMA"
FHZ_VIL_0351,Flood,Barpeta,Sathebari,Jashuda Pam,26.32,91.0,1998-2023 (Cumulative Assessment),Very High,Inundation Frequency >14 Times (1998-2023),Village Hazard Zone,"Flood Hazard Zonation Atlas of Assam (1998-2023), NRSC/ISRO & ASDMA"
FHZ_VIL_0352,Flood,Barpeta,Sathebari,Kaldi,26.32,91.0,1998-2023 (Cumulative Assessment),Very High,Inundation Frequency >14 Times (1998-2023),Village Hazard Zone,"Flood Hazard Zonation Atlas of Assam (1998-2023), NRSC/ISRO & ASDMA"
FHZ_VIL_0353,Flood,Barpeta,Sathebari,Kalijahi Pathar,26.32,91.0,1998-2023 (Cumulative Assessment),Very High,Inundation Frequency >14 Times (1998-2023),Village Hazard Zone,"Flood Hazard Zonation Atlas of Assam (1998-2023), NRSC/ISRO & ASDMA"
FHZ_VIL_0354,Flood,Barpeta,Sathebari,Kapahartari,26.32,91.0,1998-2023 (Cumulative Assessment),Very High,Inundation Frequency >14 Times (1998-2023),Village Hazard Zone,"Flood Hazard Zonation Atlas of Assam (1998-2023), NRSC/ISRO & ASDMA"
FHZ_VIL_0355,Flood,Barpeta,Sathebari,Kayakuchi Gaon,26.32,91.0,1998-2023 (Cumulative Assessment),Very High,Inundation Frequency >14 Times (1998-2023),Village Hazard Zone,"Flood Hazard Zonation Atlas of Assam (1998-2023), NRSC/ISRO & ASDMA"
FHZ_VIL_0356,Flood,Barpeta,Sathebari,Khapanikuchi,26.32,91.0,1998-2023 (Cumulative Assessment),Very High,Inundation Frequency >14 Times (1998-2023),Village Hazard Zone,"Flood Hazard Zonation Atlas of Assam (1998-2023), NRSC/ISRO & ASDMA"
FHZ_VIL_0357,Flood,Barpeta,Sathebari,Kshudra Chinadi,26.32,91.0,1998-2023 (Cumulative Assessment),Very High,Inundation Frequency >14 Times (1998-2023),Village Hazard Zone,"Flood Hazard Zonation Atlas of Assam (1998-2023), NRSC/ISRO & ASDMA"
FHZ_VIL_0358,Flood,Barpeta,Sathebari,Maricha,26.32,91.0,1998-2023 (Cumulative Assessment),Very High,Inundation Frequency >14 Times (1998-2023),Village Hazard Zone,"Flood Hazard Zonation Atlas of Assam (1998-2023), NRSC/ISRO & ASDMA"
FHZ_VIL_0359,Flood,Barpeta,Sathebari,Maricha Pathar,26.32,91.0,1998-2023 (Cumulative Assessment),Very High,Inundation Frequency >14 Times (1998-2023),Village Hazard Zone,"Flood Hazard Zonation Atlas of Assam (1998-2023), NRSC/ISRO & ASDMA"
FHZ_VIL_0360,Flood,Barpeta,Sathebari,Nalir Pam,26.32,91.0,1998-2023 (Cumulative Assessment),Very High,Inundation Frequency >14 Times (1998-2023),Village Hazard Zone,"Flood Hazard Zonation Atlas of Assam (1998-2023), NRSC/ISRO & ASDMA"
FHZ_VIL_0361,Flood,Barpeta,Sathebari,Nalir Pathar,26.32,91.0,1998-2023 (Cumulative Assessment),Very High,Inundation Frequency >14 Times (1998-2023),Village Hazard Zone,"Flood Hazard Zonation Atlas of Assam (1998-2023), NRSC/ISRO & ASDMA"
FHZ_VIL_0362,Flood,Barpeta,Sathebari,Nasatra,26.32,91.0,1998-2023 (Cumulative Assessment),Very High,Inundation Frequency >14 Times (1998-2023),Village Hazard Zone,"Flood Hazard Zonation Atlas of Assam (1998-2023), NRSC/ISRO & ASDMA"
FHZ_VIL_0363,Flood,Barpeta,Sathebari,Pakadalani,26.32,91.0,1998-2023 (Cumulative Assessment),Very High,Inundation Frequency >14 Times (1998-2023),Village Hazard Zone,"Flood Hazard Zonation Atlas of Assam (1998-2023), NRSC/ISRO & ASDMA"
FHZ_VIL_0364,Flood,Barpeta,Sathebari,Panimaricha,26.32,91.0,1998-2023 (Cumulative Assessment),Very High,Inundation Frequency >14 Times (1998-2023),Village Hazard Zone,"Flood Hazard Zonation Atlas of Assam (1998-2023), NRSC/ISRO & ASDMA"
FHZ_VIL_0365,Flood,Barpeta,Sathebari,Panimaricha Pathar,26.32,91.0,1998-2023 (Cumulative Assessment),Very High,Inundation Frequency >14 Times (1998-2023),Village Hazard Zone,"Flood Hazard Zonation Atlas of Assam (1998-2023), NRSC/ISRO & ASDMA"
FHZ_VIL_0366,Flood,Barpeta,Sathebari,Pithadipam,26.32,91.0,1998-2023 (Cumulative Assessment),Very High,Inundation Frequency >14 Times (1998-2023),Village Hazard Zone,"Flood Hazard Zonation Atlas of Assam (1998-2023), NRSC/ISRO & ASDMA"
FHZ_VIL_0367,Flood,Barpeta,Sathebari,Agdia Pathar,26.32,91.0,1998-2023 (Cumulative Assessment),High,Inundation Frequency 11-14 Times (1998-2023),Village Hazard Zone,"Flood Hazard Zonation Atlas of Assam (1998-2023), NRSC/ISRO & ASDMA"
FHZ_VIL_0368,Flood,Barpeta,Sathebari,Balarbari,26.32,91.0,1998-2023 (Cumulative Assessment),High,Inundation Frequency 11-14 Times (1998-2023),Village Hazard Zone,"Flood Hazard Zonation Atlas of Assam (1998-2023), NRSC/ISRO & ASDMA"
FHZ_VIL_0369,Flood,Barpeta,Sathebari,Bar Faladi,26.32,91.0,1998-2023 (Cumulative Assessment),High,Inundation Frequency 11-14 Times (1998-2023),Village Hazard Zone,"Flood Hazard Zonation Atlas of Assam (1998-2023), NRSC/ISRO & ASDMA"
FHZ_VIL_0370,Flood,Barpeta,Sathebari,Bar Gomura,26.32,91.0,1998-2023 (Cumulative Assessment),High,Inundation Frequency 11-14 Times (1998-2023),Village Hazard Zone,"Flood Hazard Zonation Atlas of Assam (1998-2023), NRSC/ISRO & ASDMA"
FHZ_VIL_0371,Flood,Barpeta,Sathebari,Barghopa,26.32,91.0,1998-2023 (Cumulative Assessment),High,Inundation Frequency 11-14 Times (1998-2023),Village Hazard Zone,"Flood Hazard Zonation Atlas of Assam (1998-2023), NRSC/ISRO & ASDMA"
FHZ_VIL_0372,Flood,Barpeta,Sathebari,Barmara,26.32,91.0,1998-2023 (Cumulative Assessment),High,Inundation Frequency 11-14 Times (1998-2023),Village Hazard Zone,"Flood Hazard Zonation Atlas of Assam (1998-2023), NRSC/ISRO & ASDMA"
FHZ_VIL_0373,Flood,Barpeta,Sathebari,Belbari Pathar,26.32,91.0,1998-2023 (Cumulative Assessment),High,Inundation Frequency 11-14 Times (1998-2023),Village Hazard Zone,"Flood Hazard Zonation Atlas of Assam (1998-2023), NRSC/ISRO & ASDMA"
FHZ_VIL_0374,Flood,Barpeta,Sathebari,Bhogdia,26.32,91.0,1998-2023 (Cumulative Assessment),High,Inundation Frequency 11-14 Times (1998-2023),Village Hazard Zone,"Flood Hazard Zonation Atlas of Assam (1998-2023), NRSC/ISRO & ASDMA"
FHZ_VIL_0375,Flood,Barpeta,Sathebari,Burikhamara,26.32,91.0,1998-2023 (Cumulative Assessment),High,Inundation Frequency 11-14 Times (1998-2023),Village Hazard Zone,"Flood Hazard Zonation Atlas of Assam (1998-2023), NRSC/ISRO & ASDMA"
FHZ_VIL_0376,Flood,Barpeta,Sathebari,Byashkuchi,26.32,91.0,1998-2023 (Cumulative Assessment),High,Inundation Frequency 11-14 Times (1998-2023),Village Hazard Zone,"Flood Hazard Zonation Atlas of Assam (1998-2023), NRSC/ISRO & ASDMA"
FHZ_VIL_0377,Flood,Barpeta,Sathebari,Chengdi,26.32,91.0,1998-2023 (Cumulative Assessment),High,Inundation Frequency 11-14 Times (1998-2023),Village Hazard Zone,"Flood Hazard Zonation Atlas of Assam (1998-2023), NRSC/ISRO & ASDMA"
FHZ_VIL_0378,Flood,Barpeta,Sathebari,Chinadi Pathar,26.32,91.0,1998-2023 (Cumulative Assessment),High,Inundation Frequency 11-14 Times (1998-2023),Village Hazard Zone,"Flood Hazard Zonation Atlas of Assam (1998-2023), NRSC/ISRO & ASDMA"
FHZ_VIL_0379,Flood,Barpeta,Sathebari,Eragaon,26.32,91.0,1998-2023 (Cumulative Assessment),High,Inundation Frequency 11-14 Times (1998-2023),Village Hazard Zone,"Flood Hazard Zonation Atlas of Assam (1998-2023), NRSC/ISRO & ASDMA"
FHZ_VIL_0380,Flood,Barpeta,Sathebari,Fulbari,26.32,91.0,1998-2023 (Cumulative Assessment),High,Inundation Frequency 11-14 Times (1998-2023),Village Hazard Zone,"Flood Hazard Zonation Atlas of Assam (1998-2023), NRSC/ISRO & ASDMA"
FHZ_VIL_0381,Flood,Barpeta,Sathebari,Gadeshalipam,26.32,91.0,1998-2023 (Cumulative Assessment),High,Inundation Frequency 11-14 Times (1998-2023),Village Hazard Zone,"Flood Hazard Zonation Atlas of Assam (1998-2023), NRSC/ISRO & ASDMA"
FHZ_VIL_0382,Flood,Barpeta,Sathebari,Haladibari,26.32,91.0,1998-2023 (Cumulative Assessment),High,Inundation Frequency 11-14 Times (1998-2023),Village Hazard Zone,"Flood Hazard Zonation Atlas of Assam (1998-2023), NRSC/ISRO & ASDMA"
FHZ_VIL_0383,Flood,Barpeta,Sathebari,Jabrikuchi,26.32,91.0,1998-2023 (Cumulative Assessment),High,Inundation Frequency 11-14 Times (1998-2023),Village Hazard Zone,"Flood Hazard Zonation Atlas of Assam (1998-2023), NRSC/ISRO & ASDMA"
FHZ_VIL_0384,Flood,Barpeta,Sathebari,Jalkara,26.32,91.0,1998-2023 (Cumulative Assessment),High,Inundation Frequency 11-14 Times (1998-2023),Village Hazard Zone,"Flood Hazard Zonation Atlas of Assam (1998-2023), NRSC/ISRO & ASDMA"
FHZ_VIL_0385,Flood,Barpeta,Sathebari,Kayakuchi Pam,26.32,91.0,1998-2023 (Cumulative Assessment),High,Inundation Frequency 11-14 Times (1998-2023),Village Hazard Zone,"Flood Hazard Zonation Atlas of Assam (1998-2023), NRSC/ISRO & ASDMA"
FHZ_VIL_0386,Flood,Barpeta,Sathebari,Kayakuchi Pathar,26.32,91.0,1998-2023 (Cumulative Assessment),High,Inundation Frequency 11-14 Times (1998-2023),Village Hazard Zone,"Flood Hazard Zonation Atlas of Assam (1998-2023), NRSC/ISRO & ASDMA"
FHZ_VIL_0387,Flood,Barpeta,Sathebari,Kshudra Phaladi,26.32,91.0,1998-2023 (Cumulative Assessment),High,Inundation Frequency 11-14 Times (1998-2023),Village Hazard Zone,"Flood Hazard Zonation Atlas of Assam (1998-2023), NRSC/ISRO & ASDMA"
FHZ_VIL_0388,Flood,Barpeta,Sathebari,Kusihar Pam,26.32,91.0,1998-2023 (Cumulative Assessment),High,Inundation Frequency 11-14 Times (1998-2023),Village Hazard Zone,"Flood Hazard Zonation Atlas of Assam (1998-2023), NRSC/ISRO & ASDMA"
FHZ_VIL_0389,Flood,Barpeta,Sathebari,Newlarbhitha,26.32,91.0,1998-2023 (Cumulative Assessment),High,Inundation Frequency 11-14 Times (1998-2023),Village Hazard Zone,"Flood Hazard Zonation Atlas of Assam (1998-2023), NRSC/ISRO & ASDMA"
FHZ_VIL_0390,Flood,Barpeta,Sathebari,Pub Aladi,26.32,91.0,1998-2023 (Cumulative Assessment),High,Inundation Frequency 11-14 Times (1998-2023),Village Hazard Zone,"Flood Hazard Zonation Atlas of Assam (1998-2023), NRSC/ISRO & ASDMA"
FHZ_VIL_0391,Flood,Barpeta,Sathebari,Rangianadir Pam,26.32,91.0,1998-2023 (Cumulative Assessment),High,Inundation Frequency 11-14 Times (1998-2023),Village Hazard Zone,"Flood Hazard Zonation Atlas of Assam (1998-2023), NRSC/ISRO & ASDMA"
FHZ_VIL_0392,Flood,Barpeta,Sathebari,Rangigaon,26.32,91.0,1998-2023 (Cumulative Assessment),High,Inundation Frequency 11-14 Times (1998-2023),Village Hazard Zone,"Flood Hazard Zonation Atlas of Assam (1998-2023), NRSC/ISRO & ASDMA"
FHZ_VIL_0393,Flood,Barpeta,Sathebari,Sariyahkuchi,26.32,91.0,1998-2023 (Cumulative Assessment),High,Inundation Frequency 11-14 Times (1998-2023),Village Hazard Zone,"Flood Hazard Zonation Atlas of Assam (1998-2023), NRSC/ISRO & ASDMA"
FHZ_VIL_0394,Flood,Barpeta,Sathebari,Satra Paka,26.32,91.0,1998-2023 (Cumulative Assessment),High,Inundation Frequency 11-14 Times (1998-2023),Village Hazard Zone,"Flood Hazard Zonation Atlas of Assam (1998-2023), NRSC/ISRO & ASDMA"
FHZ_VIL_0395,Flood,Barpeta,Sathebari,Singra,26.32,91.0,1998-2023 (Cumulative Assessment),High,Inundation Frequency 11-14 Times (1998-2023),Village Hazard Zone,"Flood Hazard Zonation Atlas of Assam (1998-2023), NRSC/ISRO & ASDMA"
FHZ_VIL_0396,Flood,Barpeta,Sathebari,Teleria,26.32,91.0,1998-2023 (Cumulative Assessment),High,Inundation Frequency 11-14 Times (1998-2023),Village Hazard Zone,"Flood Hazard Zonation Atlas of Assam (1998-2023), NRSC/ISRO & ASDMA"
FHZ_VIL_0397,Flood,Barpeta,Sathebari,Thekagaon,26.32,91.0,1998-2023 (Cumulative Assessment),High,Inundation Frequency 11-14 Times (1998-2023),Village Hazard Zone,"Flood Hazard Zonation Atlas of Assam (1998-2023), NRSC/ISRO & ASDMA"
FHZ_VIL_0398,Flood,Barpeta,Sathebari,Bagurirtari,26.32,91.0,1998-2023 (Cumulative Assessment),Moderate,Inundation Frequency 7-10 Times (1998-2023),Village Hazard Zone,"Flood Hazard Zonation Atlas of Assam (1998-2023), NRSC/ISRO & ASDMA"
FHZ_VIL_0399,Flood,Barpeta,Sathebari,Bamundi,26.32,91.0,1998-2023 (Cumulative Assessment),Moderate,Inundation Frequency 7-10 Times (1998-2023),Village Hazard Zone,"Flood Hazard Zonation Atlas of Assam (1998-2023), NRSC/ISRO & ASDMA"
FHZ_VIL_0400,Flood,Barpeta,Sathebari,Bamunpaka,26.32,91.0,1998-2023 (Cumulative Assessment),Moderate,Inundation Frequency 7-10 Times (1998-2023),Village Hazard Zone,"Flood Hazard Zonation Atlas of Assam (1998-2023), NRSC/ISRO & ASDMA"
FHZ_VIL_0401,Flood,Barpeta,Sathebari,Barbilar Pathar,26.32,91.0,1998-2023 (Cumulative Assessment),Moderate,Inundation Frequency 7-10 Times (1998-2023),Village Hazard Zone,"Flood Hazard Zonation Atlas of Assam (1998-2023), NRSC/ISRO & ASDMA"
FHZ_VIL_0402,Flood,Barpeta,Sathebari,Barkapla,26.32,91.0,1998-2023 (Cumulative Assessment),Moderate,Inundation Frequency 7-10 Times (1998-2023),Village Hazard Zone,"Flood Hazard Zonation Atlas of Assam (1998-2023), NRSC/ISRO & ASDMA"
FHZ_VIL_0403,Flood,Barpeta,Sathebari,Baysha,26.32,91.0,1998-2023 (Cumulative Assessment),Moderate,Inundation Frequency 7-10 Times (1998-2023),Village Hazard Zone,"Flood Hazard Zonation Atlas of Assam (1998-2023), NRSC/ISRO & ASDMA"
FHZ_VIL_0404,Flood,Barpeta,Sathebari,Bhakuatepa,26.32,91.0,1998-2023 (Cumulative Assessment),Moderate,Inundation Frequency 7-10 Times (1998-2023),Village Hazard Zone,"Flood Hazard Zonation Atlas of Assam (1998-2023), NRSC/ISRO & ASDMA"
FHZ_VIL_0405,Flood,Barpeta,Sathebari,Era Kacharipara,26.32,91.0,1998-2023 (Cumulative Assessment),Moderate,Inundation Frequency 7-10 Times (1998-2023),Village Hazard Zone,"Flood Hazard Zonation Atlas of Assam (1998-2023), NRSC/ISRO & ASDMA"
FHZ_VIL_0406,Flood,Barpeta,Sathebari,Erartari,26.32,91.0,1998-2023 (Cumulative Assessment),Moderate,Inundation Frequency 7-10 Times (1998-2023),Village Hazard Zone,"Flood Hazard Zonation Atlas of Assam (1998-2023), NRSC/ISRO & ASDMA"
FHZ_VIL_0407,Flood,Barpeta,Sathebari,Garartari,26.32,91.0,1998-2023 (Cumulative Assessment),Moderate,Inundation Frequency 7-10 Times (1998-2023),Village Hazard Zone,"Flood Hazard Zonation Atlas of Assam (1998-2023), NRSC/ISRO & ASDMA"
FHZ_VIL_0408,Flood,Barpeta,Sathebari,Garia Chatla,26.32,91.0,1998-2023 (Cumulative Assessment),Moderate,Inundation Frequency 7-10 Times (1998-2023),Village Hazard Zone,"Flood Hazard Zonation Atlas of Assam (1998-2023), NRSC/ISRO & ASDMA"
FHZ_VIL_0409,Flood,Barpeta,Sathebari,Helcharpam,26.32,91.0,1998-2023 (Cumulative Assessment),Moderate,Inundation Frequency 7-10 Times (1998-2023),Village Hazard Zone,"Flood Hazard Zonation Atlas of Assam (1998-2023), NRSC/ISRO & ASDMA"
FHZ_VIL_0410,Flood,Barpeta,Sathebari,Kaldi Pathar,26.32,91.0,1998-2023 (Cumulative Assessment),Moderate,Inundation Frequency 7-10 Times (1998-2023),Village Hazard Zone,"Flood Hazard Zonation Atlas of Assam (1998-2023), NRSC/ISRO & ASDMA"
FHZ_VIL_0411,Flood,Barpeta,Sathebari,Kamalabari,26.32,91.0,1998-2023 (Cumulative Assessment),Moderate,Inundation Frequency 7-10 Times (1998-2023),Village Hazard Zone,"Flood Hazard Zonation Atlas of Assam (1998-2023), NRSC/ISRO & ASDMA"
FHZ_VIL_0412,Flood,Barpeta,Sathebari,Karakuchi,26.32,91.0,1998-2023 (Cumulative Assessment),Moderate,Inundation Frequency 7-10 Times (1998-2023),Village Hazard Zone,"Flood Hazard Zonation Atlas of Assam (1998-2023), NRSC/ISRO & ASDMA"
FHZ_VIL_0413,Flood,Barpeta,Sathebari,Kshudra Bamunbari,26.32,91.0,1998-2023 (Cumulative Assessment),Moderate,Inundation Frequency 7-10 Times (1998-2023),Village Hazard Zone,"Flood Hazard Zonation Atlas of Assam (1998-2023), NRSC/ISRO & ASDMA"
FHZ_VIL_0414,Flood,Barpeta,Sathebari,Nalirgaon,26.32,91.0,1998-2023 (Cumulative Assessment),Moderate,Inundation Frequency 7-10 Times (1998-2023),Village Hazard Zone,"Flood Hazard Zonation Atlas of Assam (1998-2023), NRSC/ISRO & ASDMA"
FHZ_VIL_0415,Flood,Barpeta,Sathebari,Namshala,26.32,91.0,1998-2023 (Cumulative Assessment),Moderate,Inundation Frequency 7-10 Times (1998-2023),Village Hazard Zone,"Flood Hazard Zonation Atlas of Assam (1998-2023), NRSC/ISRO & ASDMA"
FHZ_VIL_0416,Flood,Barpeta,Sathebari,Pashim Aladi,26.32,91.0,1998-2023 (Cumulative Assessment),Moderate,Inundation Frequency 7-10 Times (1998-2023),Village Hazard Zone,"Flood Hazard Zonation Atlas of Assam (1998-2023), NRSC/ISRO & ASDMA"
FHZ_VIL_0417,Flood,Barpeta,Sathebari,Pithadigaon,26.32,91.0,1998-2023 (Cumulative Assessment),Moderate,Inundation Frequency 7-10 Times (1998-2023),Village Hazard Zone,"Flood Hazard Zonation Atlas of Assam (1998-2023), NRSC/ISRO & ASDMA"
FHZ_VIL_0418,Flood,Barpeta,Biswanath,Balidubi (part),26.32,91.0,1998-2023 (Cumulative Assessment),Very High,Inundation Frequency >14 Times (1998-2023),Village Hazard Zone,"Flood Hazard Zonation Atlas of Assam (1998-2023), NRSC/ISRO & ASDMA"
FHZ_VIL_0419,Flood,Barpeta,Biswanath,Barbil T.e.,26.32,91.0,1998-2023 (Cumulative Assessment),Very High,Inundation Frequency >14 Times (1998-2023),Village Hazard Zone,"Flood Hazard Zonation Atlas of Assam (1998-2023), NRSC/ISRO & ASDMA"
FHZ_VIL_0420,Flood,Barpeta,Biswanath,Batiamari N.c.4,26.32,91.0,1998-2023 (Cumulative Assessment),Very High,Inundation Frequency >14 Times (1998-2023),Village Hazard Zone,"Flood Hazard Zonation Atlas of Assam (1998-2023), NRSC/ISRO & ASDMA"
FHZ_VIL_0421,Flood,Barpeta,Biswanath,Japariguri,26.32,91.0,1998-2023 (Cumulative Assessment),Very High,Inundation Frequency >14 Times (1998-2023),Village Hazard Zone,"Flood Hazard Zonation Atlas of Assam (1998-2023), NRSC/ISRO & ASDMA"
FHZ_VIL_0422,Flood,Barpeta,Biswanath,Kathanibari,26.32,91.0,1998-2023 (Cumulative Assessment),Very High,Inundation Frequency >14 Times (1998-2023),Village Hazard Zone,"Flood Hazard Zonation Atlas of Assam (1998-2023), NRSC/ISRO & ASDMA"
FHZ_VIL_0423,Flood,Barpeta,Biswanath,Kumurakhati Pgr,26.32,91.0,1998-2023 (Cumulative Assessment),Very High,Inundation Frequency >14 Times (1998-2023),Village Hazard Zone,"Flood Hazard Zonation Atlas of Assam (1998-2023), NRSC/ISRO & ASDMA"
FHZ_VIL_0424,Flood,Barpeta,Biswanath,Nelpur T.e.,26.32,91.0,1998-2023 (Cumulative Assessment),Very High,Inundation Frequency >14 Times (1998-2023),Village Hazard Zone,"Flood Hazard Zonation Atlas of Assam (1998-2023), NRSC/ISRO & ASDMA"
FHZ_VIL_0425,Flood,Barpeta,Biswanath,Niz Biswanath Gaon,26.32,91.0,1998-2023 (Cumulative Assessment),Very High,Inundation Frequency >14 Times (1998-2023),Village Hazard Zone,"Flood Hazard Zonation Atlas of Assam (1998-2023), NRSC/ISRO & ASDMA"
FHZ_VIL_0426,Flood,Barpeta,Biswanath,Chilamari N.c.,26.32,91.0,1998-2023 (Cumulative Assessment),High,Inundation Frequency 11-14 Times (1998-2023),Village Hazard Zone,"Flood Hazard Zonation Atlas of Assam (1998-2023), NRSC/ISRO & ASDMA"
FHZ_VIL_0427,Flood,Barpeta,Biswanath,Pabhoi Gaon,26.32,91.0,1998-2023 (Cumulative Assessment),High,Inundation Frequency 11-14 Times (1998-2023),Village Hazard Zone,"Flood Hazard Zonation Atlas of Assam (1998-2023), NRSC/ISRO & ASDMA"
FHZ_VIL_0428,Flood,Barpeta,Biswanath,Bapujhar,26.32,91.0,1998-2023 (Cumulative Assessment),Moderate,Inundation Frequency 7-10 Times (1998-2023),Village Hazard Zone,"Flood Hazard Zonation Atlas of Assam (1998-2023), NRSC/ISRO & ASDMA"
FHZ_VIL_0429,Flood,Barpeta,Biswanath,Bihpukhuri Bangali,26.32,91.0,1998-2023 (Cumulative Assessment),Moderate,Inundation Frequency 7-10 Times (1998-2023),Village Hazard Zone,"Flood Hazard Zonation Atlas of Assam (1998-2023), NRSC/ISRO & ASDMA"
FHZ_VIL_0430,Flood,Barpeta,Biswanath,Borpathar No.3,26.32,91.0,1998-2023 (Cumulative Assessment),Moderate,Inundation Frequency 7-10 Times (1998-2023),Village Hazard Zone,"Flood Hazard Zonation Atlas of Assam (1998-2023), NRSC/ISRO & ASDMA"
FHZ_VIL_0431,Flood,Barpeta,Biswanath,Borpathar No.4,26.32,91.0,1998-2023 (Cumulative Assessment),Moderate,Inundation Frequency 7-10 Times (1998-2023),Village Hazard Zone,"Flood Hazard Zonation Atlas of Assam (1998-2023), NRSC/ISRO & ASDMA"
FHZ_VIL_0432,Flood,Barpeta,Biswanath,Fatika Gaon,26.32,91.0,1998-2023 (Cumulative Assessment),Moderate,Inundation Frequency 7-10 Times (1998-2023),Village Hazard Zone,"Flood Hazard Zonation Atlas of Assam (1998-2023), NRSC/ISRO & ASDMA"
FHZ_VIL_0433,Flood,Barpeta,Biswanath,Gohalibhanga,26.32,91.0,1998-2023 (Cumulative Assessment),Moderate,Inundation Frequency 7-10 Times (1998-2023),Village Hazard Zone,"Flood Hazard Zonation Atlas of Assam (1998-2023), NRSC/ISRO & ASDMA"
FHZ_VIL_0434,Flood,Barpeta,Biswanath,Lao Dalani,26.32,91.0,1998-2023 (Cumulative Assessment),Moderate,Inundation Frequency 7-10 Times (1998-2023),Village Hazard Zone,"Flood Hazard Zonation Atlas of Assam (1998-2023), NRSC/ISRO & ASDMA"
FHZ_VIL_0435,Flood,Barpeta,Biswanath,Phatika (part),26.32,91.0,1998-2023 (Cumulative Assessment),Moderate,Inundation Frequency 7-10 Times (1998-2023),Village Hazard Zone,"Flood Hazard Zonation Atlas of Assam (1998-2023), NRSC/ISRO & ASDMA"
FHZ_VIL_0436,Flood,Barpeta,Biswanath,Pithiamari,26.32,91.0,1998-2023 (Cumulative Assessment),Moderate,Inundation Frequency 7-10 Times (1998-2023),Village Hazard Zone,"Flood Hazard Zonation Atlas of Assam (1998-2023), NRSC/ISRO & ASDMA"
FHZ_VIL_0437,Flood,Barpeta,Biswanath,Telengania (part),26.32,91.0,1998-2023 (Cumulative Assessment),Moderate,Inundation Frequency 7-10 Times (1998-2023),Village Hazard Zone,"Flood Hazard Zonation Atlas of Assam (1998-2023), NRSC/ISRO & ASDMA"
FHZ_VIL_0438,Flood,Barpeta,Gohpur,Charaibari Mirigaon No.1,26.32,91.0,1998-2023 (Cumulative Assessment),Very High,Inundation Frequency >14 Times (1998-2023),Village Hazard Zone,"Flood Hazard Zonation Atlas of Assam (1998-2023), NRSC/ISRO & ASDMA"
FHZ_VIL_0439,Flood,Barpeta,Gohpur,Chatrang N.c.,26.32,91.0,1998-2023 (Cumulative Assessment),Very High,Inundation Frequency >14 Times (1998-2023),Village Hazard Zone,"Flood Hazard Zonation Atlas of Assam (1998-2023), NRSC/ISRO & ASDMA"
FHZ_VIL_0440,Flood,Barpeta,Gohpur,Dhandi Pathar,26.32,91.0,1998-2023 (Cumulative Assessment),Very High,Inundation Frequency >14 Times (1998-2023),Village Hazard Zone,"Flood Hazard Zonation Atlas of Assam (1998-2023), NRSC/ISRO & ASDMA"
FHZ_VIL_0441,Flood,Barpeta,Gohpur,Gohpur N.c. No.1,26.32,91.0,1998-2023 (Cumulative Assessment),Very High,Inundation Frequency >14 Times (1998-2023),Village Hazard Zone,"Flood Hazard Zonation Atlas of Assam (1998-2023), NRSC/ISRO & ASDMA"
FHZ_VIL_0442,Flood,Barpeta,Gohpur,Kharai Pam N.c. No.1,26.32,91.0,1998-2023 (Cumulative Assessment),Very High,Inundation Frequency >14 Times (1998-2023),Village Hazard Zone,"Flood Hazard Zonation Atlas of Assam (1998-2023), NRSC/ISRO & ASDMA"
FHZ_VIL_0443,Flood,Barpeta,Gohpur,Kharai Pam N.c. No.3,26.32,91.0,1998-2023 (Cumulative Assessment),Very High,Inundation Frequency >14 Times (1998-2023),Village Hazard Zone,"Flood Hazard Zonation Atlas of Assam (1998-2023), NRSC/ISRO & ASDMA"
FHZ_VIL_0444,Flood,Barpeta,Gohpur,Kharai Pam N.c. No.4,26.32,91.0,1998-2023 (Cumulative Assessment),Very High,Inundation Frequency >14 Times (1998-2023),Village Hazard Zone,"Flood Hazard Zonation Atlas of Assam (1998-2023), NRSC/ISRO & ASDMA"
FHZ_VIL_0445,Flood,Barpeta,Gohpur,Pichala Mirigaon,26.32,91.0,1998-2023 (Cumulative Assessment),Very High,Inundation Frequency >14 Times (1998-2023),Village Hazard Zone,"Flood Hazard Zonation Atlas of Assam (1998-2023), NRSC/ISRO & ASDMA"
FHZ_VIL_0446,Flood,Barpeta,Gohpur,Saribari Gaon,26.32,91.0,1998-2023 (Cumulative Assessment),Very High,Inundation Frequency >14 Times (1998-2023),Village Hazard Zone,"Flood Hazard Zonation Atlas of Assam (1998-2023), NRSC/ISRO & ASDMA"
FHZ_VIL_0447,Flood,Barpeta,Gohpur,Tinsukia Mirigaon No.1,26.32,91.0,1998-2023 (Cumulative Assessment),Very High,Inundation Frequency >14 Times (1998-2023),Village Hazard Zone,"Flood Hazard Zonation Atlas of Assam (1998-2023), NRSC/ISRO & ASDMA"
FHZ_VIL_0448,Flood,Barpeta,Gohpur,Balitika,26.32,91.0,1998-2023 (Cumulative Assessment),High,Inundation Frequency 11-14 Times (1998-2023),Village Hazard Zone,"Flood Hazard Zonation Atlas of Assam (1998-2023), NRSC/ISRO & ASDMA"
FHZ_VIL_0449,Flood,Barpeta,Gohpur,Bejisutimiri No.2,26.32,91.0,1998-2023 (Cumulative Assessment),High,Inundation Frequency 11-14 Times (1998-2023),Village Hazard Zone,"Flood Hazard Zonation Atlas of Assam (1998-2023), NRSC/ISRO & ASDMA"
FHZ_VIL_0450,Flood,Barpeta,Gohpur,Bejisutimiri No.3,26.32,91.0,1998-2023 (Cumulative Assessment),High,Inundation Frequency 11-14 Times (1998-2023),Village Hazard Zone,"Flood Hazard Zonation Atlas of Assam (1998-2023), NRSC/ISRO & ASDMA"
FHZ_VIL_0451,Flood,Barpeta,Gohpur,Bherbheri Pathar,26.32,91.0,1998-2023 (Cumulative Assessment),High,Inundation Frequency 11-14 Times (1998-2023),Village Hazard Zone,"Flood Hazard Zonation Atlas of Assam (1998-2023), NRSC/ISRO & ASDMA"
FHZ_VIL_0452,Flood,Barpeta,Gohpur,Charaibari Mirigaon No.2,26.32,91.0,1998-2023 (Cumulative Assessment),High,Inundation Frequency 11-14 Times (1998-2023),Village Hazard Zone,"Flood Hazard Zonation Atlas of Assam (1998-2023), NRSC/ISRO & ASDMA"
FHZ_VIL_0453,Flood,Barpeta,Gohpur,Dila Pukhuri N.c.,26.32,91.0,1998-2023 (Cumulative Assessment),High,Inundation Frequency 11-14 Times (1998-2023),Village Hazard Zone,"Flood Hazard Zonation Atlas of Assam (1998-2023), NRSC/ISRO & ASDMA"
FHZ_VIL_0454,Flood,Barpeta,Gohpur,Gohpur N.c. No.2,26.32,91.0,1998-2023 (Cumulative Assessment),High,Inundation Frequency 11-14 Times (1998-2023),Village Hazard Zone,"Flood Hazard Zonation Atlas of Assam (1998-2023), NRSC/ISRO & ASDMA"
FHZ_VIL_0455,Flood,Barpeta,Gohpur,Kakila N.c. No.1,26.32,91.0,1998-2023 (Cumulative Assessment),High,Inundation Frequency 11-14 Times (1998-2023),Village Hazard Zone,"Flood Hazard Zonation Atlas of Assam (1998-2023), NRSC/ISRO & ASDMA"
FHZ_VIL_0456,Flood,Barpeta,Gohpur,Kakila N.c. No.2,26.32,91.0,1998-2023 (Cumulative Assessment),High,Inundation Frequency 11-14 Times (1998-2023),Village Hazard Zone,"Flood Hazard Zonation Atlas of Assam (1998-2023), NRSC/ISRO & ASDMA"
FHZ_VIL_0457,Flood,Barpeta,Gohpur,Khatar Pathar,26.32,91.0,1998-2023 (Cumulative Assessment),High,Inundation Frequency 11-14 Times (1998-2023),Village Hazard Zone,"Flood Hazard Zonation Atlas of Assam (1998-2023), NRSC/ISRO & ASDMA"
FHZ_VIL_0458,Flood,Barpeta,Gohpur,Kutum Gaon,26.32,91.0,1998-2023 (Cumulative Assessment),High,Inundation Frequency 11-14 Times (1998-2023),Village Hazard Zone,"Flood Hazard Zonation Atlas of Assam (1998-2023), NRSC/ISRO & ASDMA"
FHZ_VIL_0459,Flood,Barpeta,Gohpur,Raonamiri Gaon,26.32,91.0,1998-2023 (Cumulative Assessment),High,Inundation Frequency 11-14 Times (1998-2023),Village Hazard Zone,"Flood Hazard Zonation Atlas of Assam (1998-2023), NRSC/ISRO & ASDMA"
FHZ_VIL_0460,Flood,Barpeta,Gohpur,Sakua Pgr No.2,26.32,91.0,1998-2023 (Cumulative Assessment),High,Inundation Frequency 11-14 Times (1998-2023),Village Hazard Zone,"Flood Hazard Zonation Atlas of Assam (1998-2023), NRSC/ISRO & ASDMA"
FHZ_VIL_0461,Flood,Barpeta,Gohpur,Tengakhowa Bari,26.32,91.0,1998-2023 (Cumulative Assessment),High,Inundation Frequency 11-14 Times (1998-2023),Village Hazard Zone,"Flood Hazard Zonation Atlas of Assam (1998-2023), NRSC/ISRO & ASDMA"
FHZ_VIL_0462,Flood,Barpeta,Gohpur,Tihulabari,26.32,91.0,1998-2023 (Cumulative Assessment),High,Inundation Frequency 11-14 Times (1998-2023),Village Hazard Zone,"Flood Hazard Zonation Atlas of Assam (1998-2023), NRSC/ISRO & ASDMA"
FHZ_VIL_0463,Flood,Barpeta,Gohpur,Tinsukia Mirigaon No.2,26.32,91.0,1998-2023 (Cumulative Assessment),High,Inundation Frequency 11-14 Times (1998-2023),Village Hazard Zone,"Flood Hazard Zonation Atlas of Assam (1998-2023), NRSC/ISRO & ASDMA"
FHZ_VIL_0464,Flood,Barpeta,Gohpur,Tinsukia Mirigaon No.3,26.32,91.0,1998-2023 (Cumulative Assessment),High,Inundation Frequency 11-14 Times (1998-2023),Village Hazard Zone,"Flood Hazard Zonation Atlas of Assam (1998-2023), NRSC/ISRO & ASDMA"
FHZ_VIL_0465,Flood,Barpeta,Gohpur,Aunibari,26.32,91.0,1998-2023 (Cumulative Assessment),Moderate,Inundation Frequency 7-10 Times (1998-2023),Village Hazard Zone,"Flood Hazard Zonation Atlas of Assam (1998-2023), NRSC/ISRO & ASDMA"
FHZ_VIL_0466,Flood,Barpeta,Gohpur,Baligaon,26.32,91.0,1998-2023 (Cumulative Assessment),Moderate,Inundation Frequency 7-10 Times (1998-2023),Village Hazard Zone,"Flood Hazard Zonation Atlas of Assam (1998-2023), NRSC/ISRO & ASDMA"
FHZ_VIL_0467,Flood,Barpeta,Gohpur,Barfarlong N.c.,26.32,91.0,1998-2023 (Cumulative Assessment),Moderate,Inundation Frequency 7-10 Times (1998-2023),Village Hazard Zone,"Flood Hazard Zonation Atlas of Assam (1998-2023), NRSC/ISRO & ASDMA"
FHZ_VIL_0468,Flood,Barpeta,Gohpur,Chakalagaon No.1,26.32,91.0,1998-2023 (Cumulative Assessment),Moderate,Inundation Frequency 7-10 Times (1998-2023),Village Hazard Zone,"Flood Hazard Zonation Atlas of Assam (1998-2023), NRSC/ISRO & ASDMA"
FHZ_VIL_0469,Flood,Barpeta,Gohpur,Chakalagaon No.2,26.32,91.0,1998-2023 (Cumulative Assessment),Moderate,Inundation Frequency 7-10 Times (1998-2023),Village Hazard Zone,"Flood Hazard Zonation Atlas of Assam (1998-2023), NRSC/ISRO & ASDMA"
FHZ_VIL_0470,Flood,Barpeta,Gohpur,Chiraichowa Miri No.3,26.32,91.0,1998-2023 (Cumulative Assessment),Moderate,Inundation Frequency 7-10 Times (1998-2023),Village Hazard Zone,"Flood Hazard Zonation Atlas of Assam (1998-2023), NRSC/ISRO & ASDMA"
FHZ_VIL_0471,Flood,Barpeta,Gohpur,Dila Pukhuri,26.32,91.0,1998-2023 (Cumulative Assessment),Moderate,Inundation Frequency 7-10 Times (1998-2023),Village Hazard Zone,"Flood Hazard Zonation Atlas of Assam (1998-2023), NRSC/ISRO & ASDMA"
FHZ_VIL_0472,Flood,Barpeta,Gohpur,Doladolani No.2,26.32,91.0,1998-2023 (Cumulative Assessment),Moderate,Inundation Frequency 7-10 Times (1998-2023),Village Hazard Zone,"Flood Hazard Zonation Atlas of Assam (1998-2023), NRSC/ISRO & ASDMA"
FHZ_VIL_0473,Flood,Barpeta,Gohpur,Gajpuria Gaon,26.32,91.0,1998-2023 (Cumulative Assessment),Moderate,Inundation Frequency 7-10 Times (1998-2023),Village Hazard Zone,"Flood Hazard Zonation Atlas of Assam (1998-2023), NRSC/ISRO & ASDMA"
FHZ_VIL_0474,Flood,Barpeta,Gohpur,Gohpur Pathar,26.32,91.0,1998-2023 (Cumulative Assessment),Moderate,Inundation Frequency 7-10 Times (1998-2023),Village Hazard Zone,"Flood Hazard Zonation Atlas of Assam (1998-2023), NRSC/ISRO & ASDMA"
FHZ_VIL_0475,Flood,Barpeta,Gohpur,Kakilaguri,26.32,91.0,1998-2023 (Cumulative Assessment),Moderate,Inundation Frequency 7-10 Times (1998-2023),Village Hazard Zone,"Flood Hazard Zonation Atlas of Assam (1998-2023), NRSC/ISRO & ASDMA"
FHZ_VIL_0476,Flood,Barpeta,Gohpur,Kamdewal N.c. No.2,26.32,91.0,1998-2023 (Cumulative Assessment),Moderate,Inundation Frequency 7-10 Times (1998-2023),Village Hazard Zone,"Flood Hazard Zonation Atlas of Assam (1998-2023), NRSC/ISRO & ASDMA"
FHZ_VIL_0477,Flood,Barpeta,Gohpur,Kharanijan,26.32,91.0,1998-2023 (Cumulative Assessment),Moderate,Inundation Frequency 7-10 Times (1998-2023),Village Hazard Zone,"Flood Hazard Zonation Atlas of Assam (1998-2023), NRSC/ISRO & ASDMA"
FHZ_VIL_0478,Flood,Barpeta,Gohpur,Kuhilaguri N.c.,26.32,91.0,1998-2023 (Cumulative Assessment),Moderate,Inundation Frequency 7-10 Times (1998-2023),Village Hazard Zone,"Flood Hazard Zonation Atlas of Assam (1998-2023), NRSC/ISRO & ASDMA"
FHZ_VIL_0479,Flood,Barpeta,Gohpur,Majikuchi,26.32,91.0,1998-2023 (Cumulative Assessment),Moderate,Inundation Frequency 7-10 Times (1998-2023),Village Hazard Zone,"Flood Hazard Zonation Atlas of Assam (1998-2023), NRSC/ISRO & ASDMA"
FHZ_VIL_0480,Flood,Barpeta,Gohpur,Mornoiguri,26.32,91.0,1998-2023 (Cumulative Assessment),Moderate,Inundation Frequency 7-10 Times (1998-2023),Village Hazard Zone,"Flood Hazard Zonation Atlas of Assam (1998-2023), NRSC/ISRO & ASDMA"
FHZ_VIL_0481,Flood,Barpeta,Gohpur,Pichala N.c. No.1,26.32,91.0,1998-2023 (Cumulative Assessment),Moderate,Inundation Frequency 7-10 Times (1998-2023),Village Hazard Zone,"Flood Hazard Zonation Atlas of Assam (1998-2023), NRSC/ISRO & ASDMA"
FHZ_VIL_0482,Flood,Barpeta,Gohpur,Rajabahar Pathar,26.32,91.0,1998-2023 (Cumulative Assessment),Moderate,Inundation Frequency 7-10 Times (1998-2023),Village Hazard Zone,"Flood Hazard Zonation Atlas of Assam (1998-2023), NRSC/ISRO & ASDMA"
FHZ_VIL_0483,Flood,Barpeta,Gohpur,Sakua Pgr No.1,26.32,91.0,1998-2023 (Cumulative Assessment),Moderate,Inundation Frequency 7-10 Times (1998-2023),Village Hazard Zone,"Flood Hazard Zonation Atlas of Assam (1998-2023), NRSC/ISRO & ASDMA"
FHZ_VIL_0484,Flood,Barpeta,Helem,Akhaiphuta,26.32,91.0,1998-2023 (Cumulative Assessment),Very High,Inundation Frequency >14 Times (1998-2023),Village Hazard Zone,"Flood Hazard Zonation Atlas of Assam (1998-2023), NRSC/ISRO & ASDMA"
FHZ_VIL_0485,Flood,Barpeta,Helem,Bakarjdalani,26.32,91.0,1998-2023 (Cumulative Assessment),Very High,Inundation Frequency >14 Times (1998-2023),Village Hazard Zone,"Flood Hazard Zonation Atlas of Assam (1998-2023), NRSC/ISRO & ASDMA"
FHZ_VIL_0486,Flood,Barpeta,Helem,Balijan Chapari,26.32,91.0,1998-2023 (Cumulative Assessment),Very High,Inundation Frequency >14 Times (1998-2023),Village Hazard Zone,"Flood Hazard Zonation Atlas of Assam (1998-2023), NRSC/ISRO & ASDMA"
FHZ_VIL_0487,Flood,Barpeta,Helem,Barhatiguri,26.32,91.0,1998-2023 (Cumulative Assessment),Very High,Inundation Frequency >14 Times (1998-2023),Village Hazard Zone,"Flood Hazard Zonation Atlas of Assam (1998-2023), NRSC/ISRO & ASDMA"
FHZ_VIL_0488,Flood,Barpeta,Helem,No.1,26.32,91.0,1998-2023 (Cumulative Assessment),Very High,Inundation Frequency >14 Times (1998-2023),Village Hazard Zone,"Flood Hazard Zonation Atlas of Assam (1998-2023), NRSC/ISRO & ASDMA"
FHZ_VIL_0489,Flood,Barpeta,Helem,No.2,26.32,91.0,1998-2023 (Cumulative Assessment),Very High,Inundation Frequency >14 Times (1998-2023),Village Hazard Zone,"Flood Hazard Zonation Atlas of Assam (1998-2023), NRSC/ISRO & ASDMA"
FHZ_VIL_0490,Flood,Barpeta,Helem,Batamari N.c.,26.32,91.0,1998-2023 (Cumulative Assessment),Very High,Inundation Frequency >14 Times (1998-2023),Village Hazard Zone,"Flood Hazard Zonation Atlas of Assam (1998-2023), NRSC/ISRO & ASDMA"
FHZ_VIL_0491,Flood,Barpeta,Helem,Berjahabari,26.32,91.0,1998-2023 (Cumulative Assessment),Very High,Inundation Frequency >14 Times (1998-2023),Village Hazard Zone,"Flood Hazard Zonation Atlas of Assam (1998-2023), NRSC/ISRO & ASDMA"
FHZ_VIL_0492,Flood,Barpeta,Helem,Bordoloni,26.32,91.0,1998-2023 (Cumulative Assessment),Very High,Inundation Frequency >14 Times (1998-2023),Village Hazard Zone,"Flood Hazard Zonation Atlas of Assam (1998-2023), NRSC/ISRO & ASDMA"
FHZ_VIL_0493,Flood,Barpeta,Helem,Buraight Lower,26.32,91.0,1998-2023 (Cumulative Assessment),Very High,Inundation Frequency >14 Times (1998-2023),Village Hazard Zone,"Flood Hazard Zonation Atlas of Assam (1998-2023), NRSC/ISRO & ASDMA"
FHZ_VIL_0494,Flood,Barpeta,Helem,Chatrang,26.32,91.0,1998-2023 (Cumulative Assessment),Very High,Inundation Frequency >14 Times (1998-2023),Village Hazard Zone,"Flood Hazard Zonation Atlas of Assam (1998-2023), NRSC/ISRO & ASDMA"
FHZ_VIL_0495,Flood,Barpeta,Helem,Chenimari N.c.,26.32,91.0,1998-2023 (Cumulative Assessment),Very High,Inundation Frequency >14 Times (1998-2023),Village Hazard Zone,"Flood Hazard Zonation Atlas of Assam (1998-2023), NRSC/ISRO & ASDMA"
FHZ_VIL_0496,Flood,Barpeta,Helem,Dalhousie T.e.,26.32,91.0,1998-2023 (Cumulative Assessment),Very High,Inundation Frequency >14 Times (1998-2023),Village Hazard Zone,"Flood Hazard Zonation Atlas of Assam (1998-2023), NRSC/ISRO & ASDMA"
FHZ_VIL_0497,Flood,Barpeta,Helem,Dathkhola,26.32,91.0,1998-2023 (Cumulative Assessment),Very High,Inundation Frequency >14 Times (1998-2023),Village Hazard Zone,"Flood Hazard Zonation Atlas of Assam (1998-2023), NRSC/ISRO & ASDMA"
FHZ_VIL_0498,Flood,Barpeta,Helem,Ghehua N.c.,26.32,91.0,1998-2023 (Cumulative Assessment),Very High,Inundation Frequency >14 Times (1998-2023),Village Hazard Zone,"Flood Hazard Zonation Atlas of Assam (1998-2023), NRSC/ISRO & ASDMA"
FHZ_VIL_0499,Flood,Barpeta,Helem,Ghimarujan,26.32,91.0,1998-2023 (Cumulative Assessment),Very High,Inundation Frequency >14 Times (1998-2023),Village Hazard Zone,"Flood Hazard Zonation Atlas of Assam (1998-2023), NRSC/ISRO & ASDMA"
FHZ_VIL_0500,Flood,Barpeta,Helem,Gopal Jarani,26.32,91.0,1998-2023 (Cumulative Assessment),Very High,Inundation Frequency >14 Times (1998-2023),Village Hazard Zone,"Flood Hazard Zonation Atlas of Assam (1998-2023), NRSC/ISRO & ASDMA"
FHZ_VIL_0501,Flood,Barpeta,Helem,Hatibandha Gaon,26.32,91.0,1998-2023 (Cumulative Assessment),Very High,Inundation Frequency >14 Times (1998-2023),Village Hazard Zone,"Flood Hazard Zonation Atlas of Assam (1998-2023), NRSC/ISRO & ASDMA"
FHZ_VIL_0502,Flood,Barpeta,Helem,Hatijan,26.32,91.0,1998-2023 (Cumulative Assessment),Very High,Inundation Frequency >14 Times (1998-2023),Village Hazard Zone,"Flood Hazard Zonation Atlas of Assam (1998-2023), NRSC/ISRO & ASDMA"
FHZ_VIL_0503,Flood,Barpeta,Helem,Jakapara,26.32,91.0,1998-2023 (Cumulative Assessment),Very High,Inundation Frequency >14 Times (1998-2023),Village Hazard Zone,"Flood Hazard Zonation Atlas of Assam (1998-2023), NRSC/ISRO & ASDMA"
FHZ_VIL_0504,Flood,Barpeta,Helem,Kawaimari,26.32,91.0,1998-2023 (Cumulative Assessment),Very High,Inundation Frequency >14 Times (1998-2023),Village Hazard Zone,"Flood Hazard Zonation Atlas of Assam (1998-2023), NRSC/ISRO & ASDMA"
FHZ_VIL_0505,Flood,Barpeta,Helem,Lohilmukh,26.32,91.0,1998-2023 (Cumulative Assessment),Very High,Inundation Frequency >14 Times (1998-2023),Village Hazard Zone,"Flood Hazard Zonation Atlas of Assam (1998-2023), NRSC/ISRO & ASDMA"
FHZ_VIL_0506,Flood,Barpeta,Helem,Mirigaon,26.32,91.0,1998-2023 (Cumulative Assessment),Very High,Inundation Frequency >14 Times (1998-2023),Village Hazard Zone,"Flood Hazard Zonation Atlas of Assam (1998-2023), NRSC/ISRO & ASDMA"
FHZ_VIL_0507,Flood,Barpeta,Helem,Miripathar,26.32,91.0,1998-2023 (Cumulative Assessment),Very High,Inundation Frequency >14 Times (1998-2023),Village Hazard Zone,"Flood Hazard Zonation Atlas of Assam (1998-2023), NRSC/ISRO & ASDMA"
FHZ_VIL_0508,Flood,Barpeta,Helem,Mornabari,26.32,91.0,1998-2023 (Cumulative Assessment),Very High,Inundation Frequency >14 Times (1998-2023),Village Hazard Zone,"Flood Hazard Zonation Atlas of Assam (1998-2023), NRSC/ISRO & ASDMA"
FHZ_VIL_0509,Flood,Barpeta,Helem,Purubbari Kachari,26.32,91.0,1998-2023 (Cumulative Assessment),Very High,Inundation Frequency >14 Times (1998-2023),Village Hazard Zone,"Flood Hazard Zonation Atlas of Assam (1998-2023), NRSC/ISRO & ASDMA"
FHZ_VIL_0510,Flood,Barpeta,Helem,Salna Pathar,26.32,91.0,1998-2023 (Cumulative Assessment),Very High,Inundation Frequency >14 Times (1998-2023),Village Hazard Zone,"Flood Hazard Zonation Atlas of Assam (1998-2023), NRSC/ISRO & ASDMA"
FHZ_VIL_0511,Flood,Barpeta,Helem,Amlakhi Dalani,26.32,91.0,1998-2023 (Cumulative Assessment),High,Inundation Frequency 11-14 Times (1998-2023),Village Hazard Zone,"Flood Hazard Zonation Atlas of Assam (1998-2023), NRSC/ISRO & ASDMA"
FHZ_VIL_0512,Flood,Barpeta,Helem,Bagarpathar,26.32,91.0,1998-2023 (Cumulative Assessment),High,Inundation Frequency 11-14 Times (1998-2023),Village Hazard Zone,"Flood Hazard Zonation Atlas of Assam (1998-2023), NRSC/ISRO & ASDMA"
FHZ_VIL_0513,Flood,Barpeta,Helem,Baranipathar,26.32,91.0,1998-2023 (Cumulative Assessment),High,Inundation Frequency 11-14 Times (1998-2023),Village Hazard Zone,"Flood Hazard Zonation Atlas of Assam (1998-2023), NRSC/ISRO & ASDMA"
FHZ_VIL_0514,Flood,Barpeta,Helem,Dalhousie Kachari,26.32,91.0,1998-2023 (Cumulative Assessment),High,Inundation Frequency 11-14 Times (1998-2023),Village Hazard Zone,"Flood Hazard Zonation Atlas of Assam (1998-2023), NRSC/ISRO & ASDMA"
FHZ_VIL_0515,Flood,Barpeta,Helem,Hatijan N.c.,26.32,91.0,1998-2023 (Cumulative Assessment),High,Inundation Frequency 11-14 Times (1998-2023),Village Hazard Zone,"Flood Hazard Zonation Atlas of Assam (1998-2023), NRSC/ISRO & ASDMA"
FHZ_VIL_0516,Flood,Barpeta,Helem,Khatarbari,26.32,91.0,1998-2023 (Cumulative Assessment),High,Inundation Frequency 11-14 Times (1998-2023),Village Hazard Zone,"Flood Hazard Zonation Atlas of Assam (1998-2023), NRSC/ISRO & ASDMA"
FHZ_VIL_0517,Flood,Barpeta,Helem,Magani Miri Pathar,26.32,91.0,1998-2023 (Cumulative Assessment),High,Inundation Frequency 11-14 Times (1998-2023),Village Hazard Zone,"Flood Hazard Zonation Atlas of Assam (1998-2023), NRSC/ISRO & ASDMA"
FHZ_VIL_0518,Flood,Barpeta,Helem,No.1,26.32,91.0,1998-2023 (Cumulative Assessment),High,Inundation Frequency 11-14 Times (1998-2023),Village Hazard Zone,"Flood Hazard Zonation Atlas of Assam (1998-2023), NRSC/ISRO & ASDMA"
FHZ_VIL_0519,Flood,Barpeta,Helem,Toltoli,26.32,91.0,1998-2023 (Cumulative Assessment),High,Inundation Frequency 11-14 Times (1998-2023),Village Hazard Zone,"Flood Hazard Zonation Atlas of Assam (1998-2023), NRSC/ISRO & ASDMA"
FHZ_VIL_0520,Flood,Barpeta,Helem,Afrakhat,26.32,91.0,1998-2023 (Cumulative Assessment),Moderate,Inundation Frequency 7-10 Times (1998-2023),Village Hazard Zone,"Flood Hazard Zonation Atlas of Assam (1998-2023), NRSC/ISRO & ASDMA"
FHZ_VIL_0521,Flood,Barpeta,Helem,Bekijan,26.32,91.0,1998-2023 (Cumulative Assessment),Moderate,Inundation Frequency 7-10 Times (1998-2023),Village Hazard Zone,"Flood Hazard Zonation Atlas of Assam (1998-2023), NRSC/ISRO & ASDMA"
FHZ_VIL_0522,Flood,Barpeta,Helem,Dighali Pathar,26.32,91.0,1998-2023 (Cumulative Assessment),Moderate,Inundation Frequency 7-10 Times (1998-2023),Village Hazard Zone,"Flood Hazard Zonation Atlas of Assam (1998-2023), NRSC/ISRO & ASDMA"
FHZ_VIL_0523,Flood,Barpeta,Helem,Fatihabari,26.32,91.0,1998-2023 (Cumulative Assessment),Moderate,Inundation Frequency 7-10 Times (1998-2023),Village Hazard Zone,"Flood Hazard Zonation Atlas of Assam (1998-2023), NRSC/ISRO & ASDMA"
FHZ_VIL_0524,Flood,Barpeta,Helem,Gadharia Pathar,26.32,91.0,1998-2023 (Cumulative Assessment),Moderate,Inundation Frequency 7-10 Times (1998-2023),Village Hazard Zone,"Flood Hazard Zonation Atlas of Assam (1998-2023), NRSC/ISRO & ASDMA"
FHZ_VIL_0525,Flood,Barpeta,Helem,Galchepa,26.32,91.0,1998-2023 (Cumulative Assessment),Moderate,Inundation Frequency 7-10 Times (1998-2023),Village Hazard Zone,"Flood Hazard Zonation Atlas of Assam (1998-2023), NRSC/ISRO & ASDMA"
FHZ_VIL_0526,Flood,Barpeta,Helem,Hatibandha N.c.,26.32,91.0,1998-2023 (Cumulative Assessment),Moderate,Inundation Frequency 7-10 Times (1998-2023),Village Hazard Zone,"Flood Hazard Zonation Atlas of Assam (1998-2023), NRSC/ISRO & ASDMA"
FHZ_VIL_0527,Flood,Barpeta,Helem,Kemai Jarani,26.32,91.0,1998-2023 (Cumulative Assessment),Moderate,Inundation Frequency 7-10 Times (1998-2023),Village Hazard Zone,"Flood Hazard Zonation Atlas of Assam (1998-2023), NRSC/ISRO & ASDMA"
FHZ_VIL_0528,Flood,Barpeta,Helem,Kauri Pathar,26.32,91.0,1998-2023 (Cumulative Assessment),Moderate,Inundation Frequency 7-10 Times (1998-2023),Village Hazard Zone,"Flood Hazard Zonation Atlas of Assam (1998-2023), NRSC/ISRO & ASDMA"
FHZ_VIL_0529,Flood,Barpeta,Helem,Madhya Chatrang N.c.,26.32,91.0,1998-2023 (Cumulative Assessment),Moderate,Inundation Frequency 7-10 Times (1998-2023),Village Hazard Zone,"Flood Hazard Zonation Atlas of Assam (1998-2023), NRSC/ISRO & ASDMA"
FHZ_VIL_0530,Flood,Barpeta,Helem,Rangalial Gaon,26.32,91.0,1998-2023 (Cumulative Assessment),Moderate,Inundation Frequency 7-10 Times (1998-2023),Village Hazard Zone,"Flood Hazard Zonation Atlas of Assam (1998-2023), NRSC/ISRO & ASDMA"
FHZ_VIL_0531,Flood,Barpeta,Helem,Sako Matha,26.32,91.0,1998-2023 (Cumulative Assessment),Moderate,Inundation Frequency 7-10 Times (1998-2023),Village Hazard Zone,"Flood Hazard Zonation Atlas of Assam (1998-2023), NRSC/ISRO & ASDMA"
FHZ_VIL_0532,Flood,Barpeta,Helem,No.2,26.32,91.0,1998-2023 (Cumulative Assessment),Moderate,Inundation Frequency 7-10 Times (1998-2023),Village Hazard Zone,"Flood Hazard Zonation Atlas of Assam (1998-2023), NRSC/ISRO & ASDMA"
FHZ_VIL_0533,Flood,Barpeta,Naduar_Biswanath,Majar Ali,26.32,91.0,1998-2023 (Cumulative Assessment),Very High,Inundation Frequency >14 Times (1998-2023),Village Hazard Zone,"Flood Hazard Zonation Atlas of Assam (1998-2023), NRSC/ISRO & ASDMA"
FHZ_VIL_0534,Flood,Barpeta,Naduar_Biswanath,Nalbari Gaon No.3,26.32,91.0,1998-2023 (Cumulative Assessment),Very High,Inundation Frequency >14 Times (1998-2023),Village Hazard Zone,"Flood Hazard Zonation Atlas of Assam (1998-2023), NRSC/ISRO & ASDMA"
FHZ_VIL_0535,Flood,Barpeta,Naduar_Biswanath,Nalbari Gaon No.2,26.32,91.0,1998-2023 (Cumulative Assessment),High,Inundation Frequency 11-14 Times (1998-2023),Village Hazard Zone,"Flood Hazard Zonation Atlas of Assam (1998-2023), NRSC/ISRO & ASDMA"
FHZ_VIL_0536,Flood,Barpeta,Naduar_Biswanath,Nalbari Gaon No.1,26.32,91.0,1998-2023 (Cumulative Assessment),Moderate,Inundation Frequency 7-10 Times (1998-2023),Village Hazard Zone,"Flood Hazard Zonation Atlas of Assam (1998-2023), NRSC/ISRO & ASDMA"
FHZ_VIL_0537,Flood,Barpeta,Naduar_Biswanath,Siparia Chapari,26.32,91.0,1998-2023 (Cumulative Assessment),Moderate,Inundation Frequency 7-10 Times (1998-2023),Village Hazard Zone,"Flood Hazard Zonation Atlas of Assam (1998-2023), NRSC/ISRO & ASDMA"
FHZ_VIL_0538,Flood,Biswanath,Boitamari,Chalantapara Part Ii,26.73,93.15,1998-2023 (Cumulative Assessment),Very High,Inundation Frequency >14 Times (1998-2023),Village Hazard Zone,"Flood Hazard Zonation Atlas of Assam (1998-2023), NRSC/ISRO & ASDMA"
FHZ_VIL_0539,Flood,Biswanath,Boitamari,Chalantapara Part Iii,26.73,93.15,1998-2023 (Cumulative Assessment),Very High,Inundation Frequency >14 Times (1998-2023),Village Hazard Zone,"Flood Hazard Zonation Atlas of Assam (1998-2023), NRSC/ISRO & ASDMA"
FHZ_VIL_0540,Flood,Biswanath,Boitamari,Chalantapara Part I,26.73,93.15,1998-2023 (Cumulative Assessment),Very High,Inundation Frequency >14 Times (1998-2023),Village Hazard Zone,"Flood Hazard Zonation Atlas of Assam (1998-2023), NRSC/ISRO & ASDMA"
FHZ_VIL_0541,Flood,Biswanath,Boitamari,Halongarchar N.c.,26.73,93.15,1998-2023 (Cumulative Assessment),Very High,Inundation Frequency >14 Times (1998-2023),Village Hazard Zone,"Flood Hazard Zonation Atlas of Assam (1998-2023), NRSC/ISRO & ASDMA"
FHZ_VIL_0542,Flood,Biswanath,Boitamari,Hokodoba Part I,26.73,93.15,1998-2023 (Cumulative Assessment),Very High,Inundation Frequency >14 Times (1998-2023),Village Hazard Zone,"Flood Hazard Zonation Atlas of Assam (1998-2023), NRSC/ISRO & ASDMA"
FHZ_VIL_0543,Flood,Biswanath,Boitamari,Islampur,26.73,93.15,1998-2023 (Cumulative Assessment),Very High,Inundation Frequency >14 Times (1998-2023),Village Hazard Zone,"Flood Hazard Zonation Atlas of Assam (1998-2023), NRSC/ISRO & ASDMA"
FHZ_VIL_0544,Flood,Biswanath,Boitamari,Jhaukura Part Ii,26.73,93.15,1998-2023 (Cumulative Assessment),Very High,Inundation Frequency >14 Times (1998-2023),Village Hazard Zone,"Flood Hazard Zonation Atlas of Assam (1998-2023), NRSC/ISRO & ASDMA"
FHZ_VIL_0545,Flood,Biswanath,Boitamari,Jhaukura Part Iii,26.73,93.15,1998-2023 (Cumulative Assessment),Very High,Inundation Frequency >14 Times (1998-2023),Village Hazard Zone,"Flood Hazard Zonation Atlas of Assam (1998-2023), NRSC/ISRO & ASDMA"
FHZ_VIL_0546,Flood,Biswanath,Boitamari,Kaboitari Part Iii,26.73,93.15,1998-2023 (Cumulative Assessment),Very High,Inundation Frequency >14 Times (1998-2023),Village Hazard Zone,"Flood Hazard Zonation Atlas of Assam (1998-2023), NRSC/ISRO & ASDMA"
FHZ_VIL_0547,Flood,Biswanath,Boitamari,Kaboitari Part Iv,26.73,93.15,1998-2023 (Cumulative Assessment),Very High,Inundation Frequency >14 Times (1998-2023),Village Hazard Zone,"Flood Hazard Zonation Atlas of Assam (1998-2023), NRSC/ISRO & ASDMA"
FHZ_VIL_0548,Flood,Biswanath,Boitamari,Kharsimari,26.73,93.15,1998-2023 (Cumulative Assessment),Very High,Inundation Frequency >14 Times (1998-2023),Village Hazard Zone,"Flood Hazard Zonation Atlas of Assam (1998-2023), NRSC/ISRO & ASDMA"
FHZ_VIL_0549,Flood,Biswanath,Boitamari,Kharsimari Part Ii,26.73,93.15,1998-2023 (Cumulative Assessment),Very High,Inundation Frequency >14 Times (1998-2023),Village Hazard Zone,"Flood Hazard Zonation Atlas of Assam (1998-2023), NRSC/ISRO & ASDMA"
FHZ_VIL_0550,Flood,Biswanath,Boitamari,Kharsimari Part Iii,26.73,93.15,1998-2023 (Cumulative Assessment),Very High,Inundation Frequency >14 Times (1998-2023),Village Hazard Zone,"Flood Hazard Zonation Atlas of Assam (1998-2023), NRSC/ISRO & ASDMA"
FHZ_VIL_0551,Flood,Biswanath,Boitamari,Kheluapara Part I,26.73,93.15,1998-2023 (Cumulative Assessment),Very High,Inundation Frequency >14 Times (1998-2023),Village Hazard Zone,"Flood Hazard Zonation Atlas of Assam (1998-2023), NRSC/ISRO & ASDMA"
FHZ_VIL_0552,Flood,Biswanath,Boitamari,Kheluapara Part Ii,26.73,93.15,1998-2023 (Cumulative Assessment),Very High,Inundation Frequency >14 Times (1998-2023),Village Hazard Zone,"Flood Hazard Zonation Atlas of Assam (1998-2023), NRSC/ISRO & ASDMA"
FHZ_VIL_0553,Flood,Biswanath,Boitamari,Madhyerchar Part I,26.73,93.15,1998-2023 (Cumulative Assessment),Very High,Inundation Frequency >14 Times (1998-2023),Village Hazard Zone,"Flood Hazard Zonation Atlas of Assam (1998-2023), NRSC/ISRO & ASDMA"
FHZ_VIL_0554,Flood,Biswanath,Boitamari,Madhyerchar Part Ii,26.73,93.15,1998-2023 (Cumulative Assessment),Very High,Inundation Frequency >14 Times (1998-2023),Village Hazard Zone,"Flood Hazard Zonation Atlas of Assam (1998-2023), NRSC/ISRO & ASDMA"
FHZ_VIL_0555,Flood,Biswanath,Boitamari,Mazer Alga Bartikchar,26.73,93.15,1998-2023 (Cumulative Assessment),Very High,Inundation Frequency >14 Times (1998-2023),Village Hazard Zone,"Flood Hazard Zonation Atlas of Assam (1998-2023), NRSC/ISRO & ASDMA"
FHZ_VIL_0556,Flood,Biswanath,Boitamari,Satsobighar Char Part Ii,26.73,93.15,1998-2023 (Cumulative Assessment),Very High,Inundation Frequency >14 Times (1998-2023),Village Hazard Zone,"Flood Hazard Zonation Atlas of Assam (1998-2023), NRSC/ISRO & ASDMA"
FHZ_VIL_0557,Flood,Biswanath,Boitamari,Uchungar Char Part I,26.73,93.15,1998-2023 (Cumulative Assessment),Very High,Inundation Frequency >14 Times (1998-2023),Village Hazard Zone,"Flood Hazard Zonation Atlas of Assam (1998-2023), NRSC/ISRO & ASDMA"
FHZ_VIL_0558,Flood,Biswanath,Boitamari,Uchungar Char Part Ii,26.73,93.15,1998-2023 (Cumulative Assessment),Very High,Inundation Frequency >14 Times (1998-2023),Village Hazard Zone,"Flood Hazard Zonation Atlas of Assam (1998-2023), NRSC/ISRO & ASDMA"
FHZ_VIL_0559,Flood,Biswanath,Boitamari,Uchungar Char Part Iii,26.73,93.15,1998-2023 (Cumulative Assessment),Very High,Inundation Frequency >14 Times (1998-2023),Village Hazard Zone,"Flood Hazard Zonation Atlas of Assam (1998-2023), NRSC/ISRO & ASDMA"
FHZ_VIL_0560,Flood,Biswanath,Boitamari,Uchungar Char Part Iv,26.73,93.15,1998-2023 (Cumulative Assessment),Very High,Inundation Frequency >14 Times (1998-2023),Village Hazard Zone,"Flood Hazard Zonation Atlas of Assam (1998-2023), NRSC/ISRO & ASDMA"
FHZ_VIL_0561,Flood,Biswanath,Boitamari,Uttampur,26.73,93.15,1998-2023 (Cumulative Assessment),Very High,Inundation Frequency >14 Times (1998-2023),Village Hazard Zone,"Flood Hazard Zonation Atlas of Assam (1998-2023), NRSC/ISRO & ASDMA"
FHZ_VIL_0562,Flood,Biswanath,Boitamari,Dinanathpur,26.73,93.15,1998-2023 (Cumulative Assessment),Very High,Inundation Frequency >14 Times (1998-2023),Village Hazard Zone,"Flood Hazard Zonation Atlas of Assam (1998-2023), NRSC/ISRO & ASDMA"
FHZ_VIL_0563,Flood,Biswanath,Boitamari,Bhatipara,26.73,93.15,1998-2023 (Cumulative Assessment),High,Inundation Frequency 11-14 Times (1998-2023),Village Hazard Zone,"Flood Hazard Zonation Atlas of Assam (1998-2023), NRSC/ISRO & ASDMA"
FHZ_VIL_0564,Flood,Biswanath,Boitamari,Katashbari Part I,26.73,93.15,1998-2023 (Cumulative Assessment),High,Inundation Frequency 11-14 Times (1998-2023),Village Hazard Zone,"Flood Hazard Zonation Atlas of Assam (1998-2023), NRSC/ISRO & ASDMA"
FHZ_VIL_0565,Flood,Biswanath,Boitamari,Kayemmazer Alga Part I,26.73,93.15,1998-2023 (Cumulative Assessment),High,Inundation Frequency 11-14 Times (1998-2023),Village Hazard Zone,"Flood Hazard Zonation Atlas of Assam (1998-2023), NRSC/ISRO & ASDMA"
FHZ_VIL_0566,Flood,Biswanath,Boitamari,Kayemmazer Alga Part Ii,26.73,93.15,1998-2023 (Cumulative Assessment),High,Inundation Frequency 11-14 Times (1998-2023),Village Hazard Zone,"Flood Hazard Zonation Atlas of Assam (1998-2023), NRSC/ISRO & ASDMA"
FHZ_VIL_0567,Flood,Biswanath,Boitamari,Maizana Beel,26.73,93.15,1998-2023 (Cumulative Assessment),High,Inundation Frequency 11-14 Times (1998-2023),Village Hazard Zone,"Flood Hazard Zonation Atlas of Assam (1998-2023), NRSC/ISRO & ASDMA"
FHZ_VIL_0568,Flood,Biswanath,Boitamari,Bhutkura Part I,26.73,93.15,1998-2023 (Cumulative Assessment),High,Inundation Frequency 11-14 Times (1998-2023),Village Hazard Zone,"Flood Hazard Zonation Atlas of Assam (1998-2023), NRSC/ISRO & ASDMA"
FHZ_VIL_0569,Flood,Biswanath,Boitamari,Bhutkura Part Ii,26.73,93.15,1998-2023 (Cumulative Assessment),High,Inundation Frequency 11-14 Times (1998-2023),Village Hazard Zone,"Flood Hazard Zonation Atlas of Assam (1998-2023), NRSC/ISRO & ASDMA"
FHZ_VIL_0570,Flood,Biswanath,Boitamari,Bhutkura Part Iii,26.73,93.15,1998-2023 (Cumulative Assessment),High,Inundation Frequency 11-14 Times (1998-2023),Village Hazard Zone,"Flood Hazard Zonation Atlas of Assam (1998-2023), NRSC/ISRO & ASDMA"
FHZ_VIL_0571,Flood,Biswanath,Boitamari,Bechimari,26.73,93.15,1998-2023 (Cumulative Assessment),Moderate,Inundation Frequency 7-10 Times (1998-2023),Village Hazard Zone,"Flood Hazard Zonation Atlas of Assam (1998-2023), NRSC/ISRO & ASDMA"
FHZ_VIL_0572,Flood,Biswanath,Boitamari,Bechimari,26.73,93.15,1998-2023 (Cumulative Assessment),Moderate,Inundation Frequency 7-10 Times (1998-2023),Village Hazard Zone,"Flood Hazard Zonation Atlas of Assam (1998-2023), NRSC/ISRO & ASDMA"
FHZ_VIL_0573,Flood,Biswanath,Boitamari,Bowalimari Part Ii,26.73,93.15,1998-2023 (Cumulative Assessment),Moderate,Inundation Frequency 7-10 Times (1998-2023),Village Hazard Zone,"Flood Hazard Zonation Atlas of Assam (1998-2023), NRSC/ISRO & ASDMA"
FHZ_VIL_0574,Flood,Biswanath,Boitamari,Katlamari South Part I,26.73,93.15,1998-2023 (Cumulative Assessment),Moderate,Inundation Frequency 7-10 Times (1998-2023),Village Hazard Zone,"Flood Hazard Zonation Atlas of Assam (1998-2023), NRSC/ISRO & ASDMA"
FHZ_VIL_0575,Flood,Biswanath,Boitamari,Katlamari South Part Ii,26.73,93.15,1998-2023 (Cumulative Assessment),Moderate,Inundation Frequency 7-10 Times (1998-2023),Village Hazard Zone,"Flood Hazard Zonation Atlas of Assam (1998-2023), NRSC/ISRO & ASDMA"
FHZ_VIL_0576,Flood,Biswanath,Boitamari,Katashbari Part Ii,26.73,93.15,1998-2023 (Cumulative Assessment),Moderate,Inundation Frequency 7-10 Times (1998-2023),Village Hazard Zone,"Flood Hazard Zonation Atlas of Assam (1998-2023), NRSC/ISRO & ASDMA"
FHZ_VIL_0577,Flood,Biswanath,Boitamari,Katashbari Part Iii,26.73,93.15,1998-2023 (Cumulative Assessment),Moderate,Inundation Frequency 7-10 Times (1998-2023),Village Hazard Zone,"Flood Hazard Zonation Atlas of Assam (1998-2023), NRSC/ISRO & ASDMA"
FHZ_VIL_0578,Flood,Biswanath,Boitamari,Kheluapara Part Iv,26.73,93.15,1998-2023 (Cumulative Assessment),Moderate,Inundation Frequency 7-10 Times (1998-2023),Village Hazard Zone,"Flood Hazard Zonation Atlas of Assam (1998-2023), NRSC/ISRO & ASDMA"
FHZ_VIL_0579,Flood,Biswanath,Boitamari,Kheluapara Part V,26.73,93.15,1998-2023 (Cumulative Assessment),Moderate,Inundation Frequency 7-10 Times (1998-2023),Village Hazard Zone,"Flood Hazard Zonation Atlas of Assam (1998-2023), NRSC/ISRO & ASDMA"
FHZ_VIL_0580,Flood,Biswanath,Boitamari,Kherpuzi Part I,26.73,93.15,1998-2023 (Cumulative Assessment),Moderate,Inundation Frequency 7-10 Times (1998-2023),Village Hazard Zone,"Flood Hazard Zonation Atlas of Assam (1998-2023), NRSC/ISRO & ASDMA"
FHZ_VIL_0581,Flood,Biswanath,Boitamari,Nayapara Part Iii,26.73,93.15,1998-2023 (Cumulative Assessment),Moderate,Inundation Frequency 7-10 Times (1998-2023),Village Hazard Zone,"Flood Hazard Zonation Atlas of Assam (1998-2023), NRSC/ISRO & ASDMA"
FHZ_VIL_0582,Flood,Biswanath,Bongaigaon,Barchangaon Part I,26.73,93.15,1998-2023 (Cumulative Assessment),Moderate,Inundation Frequency 7-10 Times (1998-2023),Village Hazard Zone,"Flood Hazard Zonation Atlas of Assam (1998-2023), NRSC/ISRO & ASDMA"
FHZ_VIL_0583,Flood,Biswanath,Bongaigaon,Birjhora T.e.,26.73,93.15,1998-2023 (Cumulative Assessment),Moderate,Inundation Frequency 7-10 Times (1998-2023),Village Hazard Zone,"Flood Hazard Zonation Atlas of Assam (1998-2023), NRSC/ISRO & ASDMA"
FHZ_VIL_0584,Flood,Biswanath,Bongaigaon,Mulagaon Sennapara,26.73,93.15,1998-2023 (Cumulative Assessment),Moderate,Inundation Frequency 7-10 Times (1998-2023),Village Hazard Zone,"Flood Hazard Zonation Atlas of Assam (1998-2023), NRSC/ISRO & ASDMA"
FHZ_VIL_0585,Flood,Biswanath,Bongaigaon,Nagariagaon,26.73,93.15,1998-2023 (Cumulative Assessment),Moderate,Inundation Frequency 7-10 Times (1998-2023),Village Hazard Zone,"Flood Hazard Zonation Atlas of Assam (1998-2023), NRSC/ISRO & ASDMA"
FHZ_VIL_0586,Flood,Biswanath,Manikpur,Bhatipara,26.73,93.15,1998-2023 (Cumulative Assessment),High,Inundation Frequency 11-14 Times (1998-2023),Village Hazard Zone,"Flood Hazard Zonation Atlas of Assam (1998-2023), NRSC/ISRO & ASDMA"
FHZ_VIL_0587,Flood,Biswanath,Manikpur,Jaragori No.3,26.73,93.15,1998-2023 (Cumulative Assessment),High,Inundation Frequency 11-14 Times (1998-2023),Village Hazard Zone,"Flood Hazard Zonation Atlas of Assam (1998-2023), NRSC/ISRO & ASDMA"
FHZ_VIL_0588,Flood,Biswanath,Manikpur,Jhawbari,26.73,93.15,1998-2023 (Cumulative Assessment),High,Inundation Frequency 11-14 Times (1998-2023),Village Hazard Zone,"Flood Hazard Zonation Atlas of Assam (1998-2023), NRSC/ISRO & ASDMA"
FHZ_VIL_0589,Flood,Biswanath,Manikpur,Palengbari No.1,26.73,93.15,1998-2023 (Cumulative Assessment),High,Inundation Frequency 11-14 Times (1998-2023),Village Hazard Zone,"Flood Hazard Zonation Atlas of Assam (1998-2023), NRSC/ISRO & ASDMA"
FHZ_VIL_0590,Flood,Biswanath,Manikpur,Bridhabashi No.1,26.73,93.15,1998-2023 (Cumulative Assessment),High,Inundation Frequency 11-14 Times (1998-2023),Village Hazard Zone,"Flood Hazard Zonation Atlas of Assam (1998-2023), NRSC/ISRO & ASDMA"
FHZ_VIL_0591,Flood,Biswanath,Manikpur,Manikpur,26.73,93.15,1998-2023 (Cumulative Assessment),Moderate,Inundation Frequency 7-10 Times (1998-2023),Village Hazard Zone,"Flood Hazard Zonation Atlas of Assam (1998-2023), NRSC/ISRO & ASDMA"
FHZ_VIL_0592,Flood,Biswanath,Manikpur,Nawapara No.2,26.73,93.15,1998-2023 (Cumulative Assessment),Moderate,Inundation Frequency 7-10 Times (1998-2023),Village Hazard Zone,"Flood Hazard Zonation Atlas of Assam (1998-2023), NRSC/ISRO & ASDMA"
FHZ_VIL_0593,Flood,Biswanath,Srijangram,Amguri Part I,26.73,93.15,1998-2023 (Cumulative Assessment),Very High,Inundation Frequency >14 Times (1998-2023),Village Hazard Zone,"Flood Hazard Zonation Atlas of Assam (1998-2023), NRSC/ISRO & ASDMA"
FHZ_VIL_0594,Flood,Biswanath,Srijangram,Amguri Part Ii,26.73,93.15,1998-2023 (Cumulative Assessment),Very High,Inundation Frequency >14 Times (1998-2023),Village Hazard Zone,"Flood Hazard Zonation Atlas of Assam (1998-2023), NRSC/ISRO & ASDMA"
FHZ_VIL_0595,Flood,Biswanath,Srijangram,Barzana Part Ii,26.73,93.15,1998-2023 (Cumulative Assessment),Very High,Inundation Frequency >14 Times (1998-2023),Village Hazard Zone,"Flood Hazard Zonation Atlas of Assam (1998-2023), NRSC/ISRO & ASDMA"
FHZ_VIL_0596,Flood,Biswanath,Srijangram,Barzana Part Iii,26.73,93.15,1998-2023 (Cumulative Assessment),Very High,Inundation Frequency >14 Times (1998-2023),Village Hazard Zone,"Flood Hazard Zonation Atlas of Assam (1998-2023), NRSC/ISRO & ASDMA"
FHZ_VIL_0597,Flood,Biswanath,Srijangram,Batabari,26.73,93.15,1998-2023 (Cumulative Assessment),Very High,Inundation Frequency >14 Times (1998-2023),Village Hazard Zone,"Flood Hazard Zonation Atlas of Assam (1998-2023), NRSC/ISRO & ASDMA"
FHZ_VIL_0598,Flood,Biswanath,Srijangram,Bhakuramari Part I,26.73,93.15,1998-2023 (Cumulative Assessment),Very High,Inundation Frequency >14 Times (1998-2023),Village Hazard Zone,"Flood Hazard Zonation Atlas of Assam (1998-2023), NRSC/ISRO & ASDMA"
FHZ_VIL_0599,Flood,Biswanath,Srijangram,Bhakuramari Part Ii,26.73,93.15,1998-2023 (Cumulative Assessment),Very High,Inundation Frequency >14 Times (1998-2023),Village Hazard Zone,"Flood Hazard Zonation Atlas of Assam (1998-2023), NRSC/ISRO & ASDMA"
FHZ_VIL_0600,Flood,Biswanath,Srijangram,Brihara,26.73,93.15,1998-2023 (Cumulative Assessment),Very High,Inundation Frequency >14 Times (1998-2023),Village Hazard Zone,"Flood Hazard Zonation Atlas of Assam (1998-2023), NRSC/ISRO & ASDMA"
FHZ_VIL_0601,Flood,Biswanath,Srijangram,Char No.6,26.73,93.15,1998-2023 (Cumulative Assessment),Very High,Inundation Frequency >14 Times (1998-2023),Village Hazard Zone,"Flood Hazard Zonation Atlas of Assam (1998-2023), NRSC/ISRO & ASDMA"
FHZ_VIL_0602,Flood,Biswanath,Srijangram,Chota Bazana,26.73,93.15,1998-2023 (Cumulative Assessment),Very High,Inundation Frequency >14 Times (1998-2023),Village Hazard Zone,"Flood Hazard Zonation Atlas of Assam (1998-2023), NRSC/ISRO & ASDMA"
FHZ_VIL_0603,Flood,Biswanath,Srijangram,Kaboitari Part I,26.73,93.15,1998-2023 (Cumulative Assessment),Very High,Inundation Frequency >14 Times (1998-2023),Village Hazard Zone,"Flood Hazard Zonation Atlas of Assam (1998-2023), NRSC/ISRO & ASDMA"
FHZ_VIL_0604,Flood,Biswanath,Srijangram,Kaboitari Part Ii,26.73,93.15,1998-2023 (Cumulative Assessment),Very High,Inundation Frequency >14 Times (1998-2023),Village Hazard Zone,"Flood Hazard Zonation Atlas of Assam (1998-2023), NRSC/ISRO & ASDMA"
FHZ_VIL_0605,Flood,Biswanath,Srijangram,Kacharipet Part Iii,26.73,93.15,1998-2023 (Cumulative Assessment),Very High,Inundation Frequency >14 Times (1998-2023),Village Hazard Zone,"Flood Hazard Zonation Atlas of Assam (1998-2023), NRSC/ISRO & ASDMA"
FHZ_VIL_0606,Flood,Biswanath,Srijangram,Khoragaon Part Iii,26.73,93.15,1998-2023 (Cumulative Assessment),Very High,Inundation Frequency >14 Times (1998-2023),Village Hazard Zone,"Flood Hazard Zonation Atlas of Assam (1998-2023), NRSC/ISRO & ASDMA"
FHZ_VIL_0607,Flood,Biswanath,Srijangram,Kokila Nayapara,26.73,93.15,1998-2023 (Cumulative Assessment),Very High,Inundation Frequency >14 Times (1998-2023),Village Hazard Zone,"Flood Hazard Zonation Atlas of Assam (1998-2023), NRSC/ISRO & ASDMA"
FHZ_VIL_0608,Flood,Biswanath,Srijangram,Lalmati,26.73,93.15,1998-2023 (Cumulative Assessment),Very High,Inundation Frequency >14 Times (1998-2023),Village Hazard Zone,"Flood Hazard Zonation Atlas of Assam (1998-2023), NRSC/ISRO & ASDMA"
FHZ_VIL_0609,Flood,Biswanath,Srijangram,Lattibari Part I,26.73,93.15,1998-2023 (Cumulative Assessment),Very High,Inundation Frequency >14 Times (1998-2023),Village Hazard Zone,"Flood Hazard Zonation Atlas of Assam (1998-2023), NRSC/ISRO & ASDMA"
FHZ_VIL_0610,Flood,Biswanath,Srijangram,Lattibari Part Ii,26.73,93.15,1998-2023 (Cumulative Assessment),Very High,Inundation Frequency >14 Times (1998-2023),Village Hazard Zone,"Flood Hazard Zonation Atlas of Assam (1998-2023), NRSC/ISRO & ASDMA"
FHZ_VIL_0611,Flood,Biswanath,Srijangram,Mohanpur Part I,26.73,93.15,1998-2023 (Cumulative Assessment),Very High,Inundation Frequency >14 Times (1998-2023),Village Hazard Zone,"Flood Hazard Zonation Atlas of Assam (1998-2023), NRSC/ISRO & ASDMA"
FHZ_VIL_0612,Flood,Biswanath,Srijangram,Mohanpur Part Ii,26.73,93.15,1998-2023 (Cumulative Assessment),Very High,Inundation Frequency >14 Times (1998-2023),Village Hazard Zone,"Flood Hazard Zonation Atlas of Assam (1998-2023), NRSC/ISRO & ASDMA"
FHZ_VIL_0613,Flood,Biswanath,Srijangram,Pachania Part Ii,26.73,93.15,1998-2023 (Cumulative Assessment),Very High,Inundation Frequency >14 Times (1998-2023),Village Hazard Zone,"Flood Hazard Zonation Atlas of Assam (1998-2023), NRSC/ISRO & ASDMA"
FHZ_VIL_0614,Flood,Biswanath,Srijangram,Piradhara Part Ii,26.73,93.15,1998-2023 (Cumulative Assessment),Very High,Inundation Frequency >14 Times (1998-2023),Village Hazard Zone,"Flood Hazard Zonation Atlas of Assam (1998-2023), NRSC/ISRO & ASDMA"
FHZ_VIL_0615,Flood,Biswanath,Srijangram,Rangapani,26.73,93.15,1998-2023 (Cumulative Assessment),Very High,Inundation Frequency >14 Times (1998-2023),Village Hazard Zone,"Flood Hazard Zonation Atlas of Assam (1998-2023), NRSC/ISRO & ASDMA"
FHZ_VIL_0616,Flood,Biswanath,Srijangram,Tinkonia Part I,26.73,93.15,1998-2023 (Cumulative Assessment),Very High,Inundation Frequency >14 Times (1998-2023),Village Hazard Zone,"Flood Hazard Zonation Atlas of Assam (1998-2023), NRSC/ISRO & ASDMA"
FHZ_VIL_0617,Flood,Biswanath,Srijangram,Uttar Khoragaon Part I,26.73,93.15,1998-2023 (Cumulative Assessment),Very High,Inundation Frequency >14 Times (1998-2023),Village Hazard Zone,"Flood Hazard Zonation Atlas of Assam (1998-2023), NRSC/ISRO & ASDMA"
FHZ_VIL_0618,Flood,Biswanath,Srijangram,Tinkonia Part Iii,26.73,93.15,1998-2023 (Cumulative Assessment),Very High,Inundation Frequency >14 Times (1998-2023),Village Hazard Zone,"Flood Hazard Zonation Atlas of Assam (1998-2023), NRSC/ISRO & ASDMA"
FHZ_VIL_0619,Flood,Biswanath,Srijangram,Banglapara,26.73,93.15,1998-2023 (Cumulative Assessment),High,Inundation Frequency 11-14 Times (1998-2023),Village Hazard Zone,"Flood Hazard Zonation Atlas of Assam (1998-2023), NRSC/ISRO & ASDMA"
FHZ_VIL_0620,Flood,Biswanath,Srijangram,Bhamapara,26.73,93.15,1998-2023 (Cumulative Assessment),High,Inundation Frequency 11-14 Times (1998-2023),Village Hazard Zone,"Flood Hazard Zonation Atlas of Assam (1998-2023), NRSC/ISRO & ASDMA"
FHZ_VIL_0621,Flood,Biswanath,Srijangram,Madhuphal,26.73,93.15,1998-2023 (Cumulative Assessment),High,Inundation Frequency 11-14 Times (1998-2023),Village Hazard Zone,"Flood Hazard Zonation Atlas of Assam (1998-2023), NRSC/ISRO & ASDMA"
FHZ_VIL_0622,Flood,Biswanath,Srijangram,Newpira Dhara,26.73,93.15,1998-2023 (Cumulative Assessment),High,Inundation Frequency 11-14 Times (1998-2023),Village Hazard Zone,"Flood Hazard Zonation Atlas of Assam (1998-2023), NRSC/ISRO & ASDMA"
FHZ_VIL_0623,Flood,Biswanath,Srijangram,Piradhara Part I,26.73,93.15,1998-2023 (Cumulative Assessment),High,Inundation Frequency 11-14 Times (1998-2023),Village Hazard Zone,"Flood Hazard Zonation Atlas of Assam (1998-2023), NRSC/ISRO & ASDMA"
FHZ_VIL_0624,Flood,Biswanath,Srijangram,Simlabari Part Iii,26.73,93.15,1998-2023 (Cumulative Assessment),High,Inundation Frequency 11-14 Times (1998-2023),Village Hazard Zone,"Flood Hazard Zonation Atlas of Assam (1998-2023), NRSC/ISRO & ASDMA"
FHZ_VIL_0625,Flood,Biswanath,Srijangram,Balargudam,26.73,93.15,1998-2023 (Cumulative Assessment),Moderate,Inundation Frequency 7-10 Times (1998-2023),Village Hazard Zone,"Flood Hazard Zonation Atlas of Assam (1998-2023), NRSC/ISRO & ASDMA"
FHZ_VIL_0626,Flood,Biswanath,Srijangram,Barzana Part I,26.73,93.15,1998-2023 (Cumulative Assessment),Moderate,Inundation Frequency 7-10 Times (1998-2023),Village Hazard Zone,"Flood Hazard Zonation Atlas of Assam (1998-2023), NRSC/ISRO & ASDMA"
FHZ_VIL_0627,Flood,Biswanath,Srijangram,Bharalipara Part I,26.73,93.15,1998-2023 (Cumulative Assessment),Moderate,Inundation Frequency 7-10 Times (1998-2023),Village Hazard Zone,"Flood Hazard Zonation Atlas of Assam (1998-2023), NRSC/ISRO & ASDMA"
FHZ_VIL_0628,Flood,Biswanath,Srijangram,Char No.5,26.73,93.15,1998-2023 (Cumulative Assessment),Moderate,Inundation Frequency 7-10 Times (1998-2023),Village Hazard Zone,"Flood Hazard Zonation Atlas of Assam (1998-2023), NRSC/ISRO & ASDMA"
FHZ_VIL_0629,Flood,Biswanath,Srijangram,Janermukh,26.73,93.15,1998-2023 (Cumulative Assessment),Moderate,Inundation Frequency 7-10 Times (1998-2023),Village Hazard Zone,"Flood Hazard Zonation Atlas of Assam (1998-2023), NRSC/ISRO & ASDMA"
FHZ_VIL_0630,Flood,Biswanath,Srijangram,Kalkura Part I,26.73,93.15,1998-2023 (Cumulative Assessment),Moderate,Inundation Frequency 7-10 Times (1998-2023),Village Hazard Zone,"Flood Hazard Zonation Atlas of Assam (1998-2023), NRSC/ISRO & ASDMA"
FHZ_VIL_0631,Flood,Biswanath,Srijangram,Khoragaon Part Ii,26.73,93.15,1998-2023 (Cumulative Assessment),Moderate,Inundation Frequency 7-10 Times (1998-2023),Village Hazard Zone,"Flood Hazard Zonation Atlas of Assam (1998-2023), NRSC/ISRO & ASDMA"
FHZ_VIL_0632,Flood,Biswanath,Srijangram,Kokila Maulabipara,26.73,93.15,1998-2023 (Cumulative Assessment),Moderate,Inundation Frequency 7-10 Times (1998-2023),Village Hazard Zone,"Flood Hazard Zonation Atlas of Assam (1998-2023), NRSC/ISRO & ASDMA"
FHZ_VIL_0633,Flood,Biswanath,Srijangram,Kushbari Part I,26.73,93.15,1998-2023 (Cumulative Assessment),Moderate,Inundation Frequency 7-10 Times (1998-2023),Village Hazard Zone,"Flood Hazard Zonation Atlas of Assam (1998-2023), NRSC/ISRO & ASDMA"
FHZ_VIL_0634,Flood,Biswanath,Srijangram,Lattibari Part Iii,26.73,93.15,1998-2023 (Cumulative Assessment),Moderate,Inundation Frequency 7-10 Times (1998-2023),Village Hazard Zone,"Flood Hazard Zonation Atlas of Assam (1998-2023), NRSC/ISRO & ASDMA"
FHZ_VIL_0635,Flood,Biswanath,Srijangram,Naldoba,26.73,93.15,1998-2023 (Cumulative Assessment),Moderate,Inundation Frequency 7-10 Times (1998-2023),Village Hazard Zone,"Flood Hazard Zonation Atlas of Assam (1998-2023), NRSC/ISRO & ASDMA"
FHZ_VIL_0636,Flood,Biswanath,Srijangram,Pikna Para,26.73,93.15,1998-2023 (Cumulative Assessment),Moderate,Inundation Frequency 7-10 Times (1998-2023),Village Hazard Zone,"Flood Hazard Zonation Atlas of Assam (1998-2023), NRSC/ISRO & ASDMA"
FHZ_VIL_0637,Flood,Biswanath,Srijangram,Sikatari Part Ii,26.73,93.15,1998-2023 (Cumulative Assessment),Moderate,Inundation Frequency 7-10 Times (1998-2023),Village Hazard Zone,"Flood Hazard Zonation Atlas of Assam (1998-2023), NRSC/ISRO & ASDMA"
FHZ_VIL_0638,Flood,Biswanath,Srijangram,Tinkonia Part Ii,26.73,93.15,1998-2023 (Cumulative Assessment),Moderate,Inundation Frequency 7-10 Times (1998-2023),Village Hazard Zone,"Flood Hazard Zonation Atlas of Assam (1998-2023), NRSC/ISRO & ASDMA"
FHZ_VIL_0639,Flood,Cachar,Katigora,Algapur,24.83,92.79,1998-2023 (Cumulative Assessment),Very High,Inundation Frequency >14 Times (1998-2023),Village Hazard Zone,"Flood Hazard Zonation Atlas of Assam (1998-2023), NRSC/ISRO & ASDMA"
FHZ_VIL_0640,Flood,Cachar,Katigora,Barjatrapur,24.83,92.79,1998-2023 (Cumulative Assessment),Very High,Inundation Frequency >14 Times (1998-2023),Village Hazard Zone,"Flood Hazard Zonation Atlas of Assam (1998-2023), NRSC/ISRO & ASDMA"
FHZ_VIL_0641,Flood,Cachar,Katigora,Behara Pt. Iii,24.83,92.79,1998-2023 (Cumulative Assessment),Very High,Inundation Frequency >14 Times (1998-2023),Village Hazard Zone,"Flood Hazard Zonation Atlas of Assam (1998-2023), NRSC/ISRO & ASDMA"
FHZ_VIL_0642,Flood,Cachar,Katigora,Behara Pt. Iv,24.83,92.79,1998-2023 (Cumulative Assessment),Very High,Inundation Frequency >14 Times (1998-2023),Village Hazard Zone,"Flood Hazard Zonation Atlas of Assam (1998-2023), NRSC/ISRO & ASDMA"
FHZ_VIL_0643,Flood,Cachar,Katigora,Behara Pt. V,24.83,92.79,1998-2023 (Cumulative Assessment),Very High,Inundation Frequency >14 Times (1998-2023),Village Hazard Zone,"Flood Hazard Zonation Atlas of Assam (1998-2023), NRSC/ISRO & ASDMA"
FHZ_VIL_0644,Flood,Cachar,Katigora,Behara Pt. Vi,24.83,92.79,1998-2023 (Cumulative Assessment),Very High,Inundation Frequency >14 Times (1998-2023),Village Hazard Zone,"Flood Hazard Zonation Atlas of Assam (1998-2023), NRSC/ISRO & ASDMA"
FHZ_VIL_0645,Flood,Cachar,Katigora,Bhairabpur Pt. I,24.83,92.79,1998-2023 (Cumulative Assessment),Very High,Inundation Frequency >14 Times (1998-2023),Village Hazard Zone,"Flood Hazard Zonation Atlas of Assam (1998-2023), NRSC/ISRO & ASDMA"
FHZ_VIL_0646,Flood,Cachar,Katigora,Bhairabpur Pt. Ii,24.83,92.79,1998-2023 (Cumulative Assessment),Very High,Inundation Frequency >14 Times (1998-2023),Village Hazard Zone,"Flood Hazard Zonation Atlas of Assam (1998-2023), NRSC/ISRO & ASDMA"
FHZ_VIL_0647,Flood,Cachar,Katigora,Bhairabpur Pt. Iii,24.83,92.79,1998-2023 (Cumulative Assessment),Very High,Inundation Frequency >14 Times (1998-2023),Village Hazard Zone,"Flood Hazard Zonation Atlas of Assam (1998-2023), NRSC/ISRO & ASDMA"
FHZ_VIL_0648,Flood,Cachar,Katigora,Bhairabpur Pt. Iv,24.83,92.79,1998-2023 (Cumulative Assessment),Very High,Inundation Frequency >14 Times (1998-2023),Village Hazard Zone,"Flood Hazard Zonation Atlas of Assam (1998-2023), NRSC/ISRO & ASDMA"
FHZ_VIL_0649,Flood,Cachar,Katigora,Bhairabpur Pt. V,24.83,92.79,1998-2023 (Cumulative Assessment),Very High,Inundation Frequency >14 Times (1998-2023),Village Hazard Zone,"Flood Hazard Zonation Atlas of Assam (1998-2023), NRSC/ISRO & ASDMA"
FHZ_VIL_0650,Flood,Cachar,Katigora,Bhairabpur Pt. Vi,24.83,92.79,1998-2023 (Cumulative Assessment),Very High,Inundation Frequency >14 Times (1998-2023),Village Hazard Zone,"Flood Hazard Zonation Atlas of Assam (1998-2023), NRSC/ISRO & ASDMA"
FHZ_VIL_0651,Flood,Cachar,Katigora,Bhangarpar Pt. I,24.83,92.79,1998-2023 (Cumulative Assessment),Very High,Inundation Frequency >14 Times (1998-2023),Village Hazard Zone,"Flood Hazard Zonation Atlas of Assam (1998-2023), NRSC/ISRO & ASDMA"
FHZ_VIL_0652,Flood,Cachar,Katigora,Bhangarpar Pt. Ii,24.83,92.79,1998-2023 (Cumulative Assessment),Very High,Inundation Frequency >14 Times (1998-2023),Village Hazard Zone,"Flood Hazard Zonation Atlas of Assam (1998-2023), NRSC/ISRO & ASDMA"
FHZ_VIL_0653,Flood,Cachar,Katigora,Bhangarpar Pt. Iii,24.83,92.79,1998-2023 (Cumulative Assessment),Very High,Inundation Frequency >14 Times (1998-2023),Village Hazard Zone,"Flood Hazard Zonation Atlas of Assam (1998-2023), NRSC/ISRO & ASDMA"
FHZ_VIL_0654,Flood,Cachar,Katigora,Bhangarpar Pt. Iv,24.83,92.79,1998-2023 (Cumulative Assessment),Very High,Inundation Frequency >14 Times (1998-2023),Village Hazard Zone,"Flood Hazard Zonation Atlas of Assam (1998-2023), NRSC/ISRO & ASDMA"
FHZ_VIL_0655,Flood,Cachar,Katigora,Bhangarpar Pt. V,24.83,92.79,1998-2023 (Cumulative Assessment),Very High,Inundation Frequency >14 Times (1998-2023),Village Hazard Zone,"Flood Hazard Zonation Atlas of Assam (1998-2023), NRSC/ISRO & ASDMA"
FHZ_VIL_0656,Flood,Cachar,Katigora,Bhangarpur,24.83,92.79,1998-2023 (Cumulative Assessment),Very High,Inundation Frequency >14 Times (1998-2023),Village Hazard Zone,"Flood Hazard Zonation Atlas of Assam (1998-2023), NRSC/ISRO & ASDMA"
FHZ_VIL_0657,Flood,Cachar,Katigora,Bhatarchak,24.83,92.79,1998-2023 (Cumulative Assessment),Very High,Inundation Frequency >14 Times (1998-2023),Village Hazard Zone,"Flood Hazard Zonation Atlas of Assam (1998-2023), NRSC/ISRO & ASDMA"
FHZ_VIL_0658,Flood,Cachar,Katigora,Bhatgram,24.83,92.79,1998-2023 (Cumulative Assessment),Very High,Inundation Frequency >14 Times (1998-2023),Village Hazard Zone,"Flood Hazard Zonation Atlas of Assam (1998-2023), NRSC/ISRO & ASDMA"
FHZ_VIL_0659,Flood,Cachar,Katigora,Boraitali Pt. I,24.83,92.79,1998-2023 (Cumulative Assessment),Very High,Inundation Frequency >14 Times (1998-2023),Village Hazard Zone,"Flood Hazard Zonation Atlas of Assam (1998-2023), NRSC/ISRO & ASDMA"
FHZ_VIL_0660,Flood,Cachar,Katigora,Boraitali Pt. Ii,24.83,92.79,1998-2023 (Cumulative Assessment),Very High,Inundation Frequency >14 Times (1998-2023),Village Hazard Zone,"Flood Hazard Zonation Atlas of Assam (1998-2023), NRSC/ISRO & ASDMA"
FHZ_VIL_0661,Flood,Cachar,Katigora,Boraitali Pt. Iii,24.83,92.79,1998-2023 (Cumulative Assessment),Very High,Inundation Frequency >14 Times (1998-2023),Village Hazard Zone,"Flood Hazard Zonation Atlas of Assam (1998-2023), NRSC/ISRO & ASDMA"
FHZ_VIL_0662,Flood,Cachar,Katigora,Boraitali Pt. Iv,24.83,92.79,1998-2023 (Cumulative Assessment),Very High,Inundation Frequency >14 Times (1998-2023),Village Hazard Zone,"Flood Hazard Zonation Atlas of Assam (1998-2023), NRSC/ISRO & ASDMA"
FHZ_VIL_0663,Flood,Cachar,Katigora,Boraitali Pt. V,24.83,92.79,1998-2023 (Cumulative Assessment),Very High,Inundation Frequency >14 Times (1998-2023),Village Hazard Zone,"Flood Hazard Zonation Atlas of Assam (1998-2023), NRSC/ISRO & ASDMA"
FHZ_VIL_0664,Flood,Cachar,Katigora,Buribail Part I,24.83,92.79,1998-2023 (Cumulative Assessment),Very High,Inundation Frequency >14 Times (1998-2023),Village Hazard Zone,"Flood Hazard Zonation Atlas of Assam (1998-2023), NRSC/ISRO & ASDMA"
FHZ_VIL_0665,Flood,Cachar,Katigora,Buribail Part Ii,24.83,92.79,1998-2023 (Cumulative Assessment),Very High,Inundation Frequency >14 Times (1998-2023),Village Hazard Zone,"Flood Hazard Zonation Atlas of Assam (1998-2023), NRSC/ISRO & ASDMA"
FHZ_VIL_0666,Flood,Cachar,Katigora,Burunga Ii,24.83,92.79,1998-2023 (Cumulative Assessment),Very High,Inundation Frequency >14 Times (1998-2023),Village Hazard Zone,"Flood Hazard Zonation Atlas of Assam (1998-2023), NRSC/ISRO & ASDMA"
FHZ_VIL_0667,Flood,Cachar,Katigora,Chaliagram,24.83,92.79,1998-2023 (Cumulative Assessment),Very High,Inundation Frequency >14 Times (1998-2023),Village Hazard Zone,"Flood Hazard Zonation Atlas of Assam (1998-2023), NRSC/ISRO & ASDMA"
FHZ_VIL_0668,Flood,Cachar,Katigora,Chandinagarh Part I,24.83,92.79,1998-2023 (Cumulative Assessment),Very High,Inundation Frequency >14 Times (1998-2023),Village Hazard Zone,"Flood Hazard Zonation Atlas of Assam (1998-2023), NRSC/ISRO & ASDMA"
FHZ_VIL_0669,Flood,Cachar,Katigora,Chandinagarh Part Ii,24.83,92.79,1998-2023 (Cumulative Assessment),Very High,Inundation Frequency >14 Times (1998-2023),Village Hazard Zone,"Flood Hazard Zonation Atlas of Assam (1998-2023), NRSC/ISRO & ASDMA"
FHZ_VIL_0670,Flood,Cachar,Katigora,Chandinagarh Part Iii,24.83,92.79,1998-2023 (Cumulative Assessment),Very High,Inundation Frequency >14 Times (1998-2023),Village Hazard Zone,"Flood Hazard Zonation Atlas of Assam (1998-2023), NRSC/ISRO & ASDMA"
FHZ_VIL_0671,Flood,Cachar,Katigora,Chandinagarh Part Iv,24.83,92.79,1998-2023 (Cumulative Assessment),Very High,Inundation Frequency >14 Times (1998-2023),Village Hazard Zone,"Flood Hazard Zonation Atlas of Assam (1998-2023), NRSC/ISRO & ASDMA"
FHZ_VIL_0672,Flood,Cachar,Katigora,Chandinagarh Part V,24.83,92.79,1998-2023 (Cumulative Assessment),Very High,Inundation Frequency >14 Times (1998-2023),Village Hazard Zone,"Flood Hazard Zonation Atlas of Assam (1998-2023), NRSC/ISRO & ASDMA"
FHZ_VIL_0673,Flood,Cachar,Katigora,Chandinagarh Part Vi,24.83,92.79,1998-2023 (Cumulative Assessment),Very High,Inundation Frequency >14 Times (1998-2023),Village Hazard Zone,"Flood Hazard Zonation Atlas of Assam (1998-2023), NRSC/ISRO & ASDMA"
FHZ_VIL_0674,Flood,Cachar,Katigora,Chandipur,24.83,92.79,1998-2023 (Cumulative Assessment),Very High,Inundation Frequency >14 Times (1998-2023),Village Hazard Zone,"Flood Hazard Zonation Atlas of Assam (1998-2023), NRSC/ISRO & ASDMA"
FHZ_VIL_0675,Flood,Cachar,Katigora,Chandpur Part I,24.83,92.79,1998-2023 (Cumulative Assessment),Very High,Inundation Frequency >14 Times (1998-2023),Village Hazard Zone,"Flood Hazard Zonation Atlas of Assam (1998-2023), NRSC/ISRO & ASDMA"
FHZ_VIL_0676,Flood,Cachar,Katigora,Chandpur Pt. Ii,24.83,92.79,1998-2023 (Cumulative Assessment),Very High,Inundation Frequency >14 Times (1998-2023),Village Hazard Zone,"Flood Hazard Zonation Atlas of Assam (1998-2023), NRSC/ISRO & ASDMA"
FHZ_VIL_0677,Flood,Cachar,Katigora,Chandpur Pt. Iii,24.83,92.79,1998-2023 (Cumulative Assessment),Very High,Inundation Frequency >14 Times (1998-2023),Village Hazard Zone,"Flood Hazard Zonation Atlas of Assam (1998-2023), NRSC/ISRO & ASDMA"
FHZ_VIL_0678,Flood,Cachar,Katigora,Chandpur Pt. Iv,24.83,92.79,1998-2023 (Cumulative Assessment),Very High,Inundation Frequency >14 Times (1998-2023),Village Hazard Zone,"Flood Hazard Zonation Atlas of Assam (1998-2023), NRSC/ISRO & ASDMA"
FHZ_VIL_0679,Flood,Cachar,Katigora,Chandpur Pt. V,24.83,92.79,1998-2023 (Cumulative Assessment),Very High,Inundation Frequency >14 Times (1998-2023),Village Hazard Zone,"Flood Hazard Zonation Atlas of Assam (1998-2023), NRSC/ISRO & ASDMA"
FHZ_VIL_0680,Flood,Cachar,Katigora,Digabar T.e.,24.83,92.79,1998-2023 (Cumulative Assessment),Very High,Inundation Frequency >14 Times (1998-2023),Village Hazard Zone,"Flood Hazard Zonation Atlas of Assam (1998-2023), NRSC/ISRO & ASDMA"
FHZ_VIL_0681,Flood,Cachar,Katigora,Dudhpur Part I,24.83,92.79,1998-2023 (Cumulative Assessment),Very High,Inundation Frequency >14 Times (1998-2023),Village Hazard Zone,"Flood Hazard Zonation Atlas of Assam (1998-2023), NRSC/ISRO & ASDMA"
FHZ_VIL_0682,Flood,Cachar,Katigora,Dudhpur Part Ii,24.83,92.79,1998-2023 (Cumulative Assessment),Very High,Inundation Frequency >14 Times (1998-2023),Village Hazard Zone,"Flood Hazard Zonation Atlas of Assam (1998-2023), NRSC/ISRO & ASDMA"
FHZ_VIL_0683,Flood,Cachar,Katigora,Dudhpur Part Iii,24.83,92.79,1998-2023 (Cumulative Assessment),Very High,Inundation Frequency >14 Times (1998-2023),Village Hazard Zone,"Flood Hazard Zonation Atlas of Assam (1998-2023), NRSC/ISRO & ASDMA"
FHZ_VIL_0684,Flood,Cachar,Katigora,Gobindapur I,24.83,92.79,1998-2023 (Cumulative Assessment),Very High,Inundation Frequency >14 Times (1998-2023),Village Hazard Zone,"Flood Hazard Zonation Atlas of Assam (1998-2023), NRSC/ISRO & ASDMA"
FHZ_VIL_0685,Flood,Cachar,Katigora,Gobindapur Ii,24.83,92.79,1998-2023 (Cumulative Assessment),Very High,Inundation Frequency >14 Times (1998-2023),Village Hazard Zone,"Flood Hazard Zonation Atlas of Assam (1998-2023), NRSC/ISRO & ASDMA"
FHZ_VIL_0686,Flood,Cachar,Katigora,Gobindapur Iii,24.83,92.79,1998-2023 (Cumulative Assessment),Very High,Inundation Frequency >14 Times (1998-2023),Village Hazard Zone,"Flood Hazard Zonation Atlas of Assam (1998-2023), NRSC/ISRO & ASDMA"
FHZ_VIL_0687,Flood,Cachar,Katigora,Gohindakupa,24.83,92.79,1998-2023 (Cumulative Assessment),Very High,Inundation Frequency >14 Times (1998-2023),Village Hazard Zone,"Flood Hazard Zonation Atlas of Assam (1998-2023), NRSC/ISRO & ASDMA"
FHZ_VIL_0688,Flood,Cachar,Katigora,Gonirgram Pt. Iii,24.83,92.79,1998-2023 (Cumulative Assessment),Very High,Inundation Frequency >14 Times (1998-2023),Village Hazard Zone,"Flood Hazard Zonation Atlas of Assam (1998-2023), NRSC/ISRO & ASDMA"
FHZ_VIL_0689,Flood,Cachar,Katigora,Gonirgram Pt. Iv,24.83,92.79,1998-2023 (Cumulative Assessment),Very High,Inundation Frequency >14 Times (1998-2023),Village Hazard Zone,"Flood Hazard Zonation Atlas of Assam (1998-2023), NRSC/ISRO & ASDMA"
FHZ_VIL_0690,Flood,Cachar,Katigora,Gumragram,24.83,92.79,1998-2023 (Cumulative Assessment),Very High,Inundation Frequency >14 Times (1998-2023),Village Hazard Zone,"Flood Hazard Zonation Atlas of Assam (1998-2023), NRSC/ISRO & ASDMA"
FHZ_VIL_0691,Flood,Cachar,Katigora,Harinagar Pt. Iv,24.83,92.79,1998-2023 (Cumulative Assessment),Very High,Inundation Frequency >14 Times (1998-2023),Village Hazard Zone,"Flood Hazard Zonation Atlas of Assam (1998-2023), NRSC/ISRO & ASDMA"
FHZ_VIL_0692,Flood,Cachar,Katigora,Jagadishpur Pt. I,24.83,92.79,1998-2023 (Cumulative Assessment),Very High,Inundation Frequency >14 Times (1998-2023),Village Hazard Zone,"Flood Hazard Zonation Atlas of Assam (1998-2023), NRSC/ISRO & ASDMA"
FHZ_VIL_0693,Flood,Cachar,Katigora,Jagadishpur Pt. Ii,24.83,92.79,1998-2023 (Cumulative Assessment),Very High,Inundation Frequency >14 Times (1998-2023),Village Hazard Zone,"Flood Hazard Zonation Atlas of Assam (1998-2023), NRSC/ISRO & ASDMA"
FHZ_VIL_0694,Flood,Cachar,Katigora,Jagadishpur Pt. Iii,24.83,92.79,1998-2023 (Cumulative Assessment),Very High,Inundation Frequency >14 Times (1998-2023),Village Hazard Zone,"Flood Hazard Zonation Atlas of Assam (1998-2023), NRSC/ISRO & ASDMA"
FHZ_VIL_0695,Flood,Cachar,Katigora,Jagadishpur Pt. Iv,24.83,92.79,1998-2023 (Cumulative Assessment),Very High,Inundation Frequency >14 Times (1998-2023),Village Hazard Zone,"Flood Hazard Zonation Atlas of Assam (1998-2023), NRSC/ISRO & ASDMA"
FHZ_VIL_0696,Flood,Cachar,Katigora,Jagadishpur Pt. V,24.83,92.79,1998-2023 (Cumulative Assessment),Very High,Inundation Frequency >14 Times (1998-2023),Village Hazard Zone,"Flood Hazard Zonation Atlas of Assam (1998-2023), NRSC/ISRO & ASDMA"
FHZ_VIL_0697,Flood,Cachar,Katigora,Karaikandi Pt. I,24.83,92.79,1998-2023 (Cumulative Assessment),Very High,Inundation Frequency >14 Times (1998-2023),Village Hazard Zone,"Flood Hazard Zonation Atlas of Assam (1998-2023), NRSC/ISRO & ASDMA"
FHZ_VIL_0698,Flood,Cachar,Katigora,Karaikandi Pt. Ii,24.83,92.79,1998-2023 (Cumulative Assessment),Very High,Inundation Frequency >14 Times (1998-2023),Village Hazard Zone,"Flood Hazard Zonation Atlas of Assam (1998-2023), NRSC/ISRO & ASDMA"
FHZ_VIL_0699,Flood,Cachar,Katigora,Khelma Pt. I,24.83,92.79,1998-2023 (Cumulative Assessment),Very High,Inundation Frequency >14 Times (1998-2023),Village Hazard Zone,"Flood Hazard Zonation Atlas of Assam (1998-2023), NRSC/ISRO & ASDMA"
FHZ_VIL_0700,Flood,Cachar,Katigora,Khelma Pt. Ii,24.83,92.79,1998-2023 (Cumulative Assessment),Very High,Inundation Frequency >14 Times (1998-2023),Village Hazard Zone,"Flood Hazard Zonation Atlas of Assam (1998-2023), NRSC/ISRO & ASDMA"
FHZ_VIL_0701,Flood,Cachar,Katigora,Khelma Pt. Iii,24.83,92.79,1998-2023 (Cumulative Assessment),Very High,Inundation Frequency >14 Times (1998-2023),Village Hazard Zone,"Flood Hazard Zonation Atlas of Assam (1998-2023), NRSC/ISRO & ASDMA"
FHZ_VIL_0702,Flood,Cachar,Katigora,Khelma Pt. Iv,24.83,92.79,1998-2023 (Cumulative Assessment),Very High,Inundation Frequency >14 Times (1998-2023),Village Hazard Zone,"Flood Hazard Zonation Atlas of Assam (1998-2023), NRSC/ISRO & ASDMA"
FHZ_VIL_0703,Flood,Cachar,Katigora,Khelma Pt. V,24.83,92.79,1998-2023 (Cumulative Assessment),Very High,Inundation Frequency >14 Times (1998-2023),Village Hazard Zone,"Flood Hazard Zonation Atlas of Assam (1998-2023), NRSC/ISRO & ASDMA"
FHZ_VIL_0704,Flood,Cachar,Katigora,Khelma Pt. Vi,24.83,92.79,1998-2023 (Cumulative Assessment),Very High,Inundation Frequency >14 Times (1998-2023),Village Hazard Zone,"Flood Hazard Zonation Atlas of Assam (1998-2023), NRSC/ISRO & ASDMA"
FHZ_VIL_0705,Flood,Cachar,Katigora,Khelma Pt. Vii,24.83,92.79,1998-2023 (Cumulative Assessment),Very High,Inundation Frequency >14 Times (1998-2023),Village Hazard Zone,"Flood Hazard Zonation Atlas of Assam (1998-2023), NRSC/ISRO & ASDMA"
FHZ_VIL_0706,Flood,Cachar,Katigora,Kurkuri Pt. Ii,24.83,92.79,1998-2023 (Cumulative Assessment),Very High,Inundation Frequency >14 Times (1998-2023),Village Hazard Zone,"Flood Hazard Zonation Atlas of Assam (1998-2023), NRSC/ISRO & ASDMA"
FHZ_VIL_0707,Flood,Cachar,Katigora,Kurkuri Pt. Iii,24.83,92.79,1998-2023 (Cumulative Assessment),Very High,Inundation Frequency >14 Times (1998-2023),Village Hazard Zone,"Flood Hazard Zonation Atlas of Assam (1998-2023), NRSC/ISRO & ASDMA"
FHZ_VIL_0708,Flood,Cachar,Katigora,Lakhipur Pt. Ii,24.83,92.79,1998-2023 (Cumulative Assessment),Very High,Inundation Frequency >14 Times (1998-2023),Village Hazard Zone,"Flood Hazard Zonation Atlas of Assam (1998-2023), NRSC/ISRO & ASDMA"
FHZ_VIL_0709,Flood,Cachar,Katigora,Lakhipur Pt. Iii,24.83,92.79,1998-2023 (Cumulative Assessment),Very High,Inundation Frequency >14 Times (1998-2023),Village Hazard Zone,"Flood Hazard Zonation Atlas of Assam (1998-2023), NRSC/ISRO & ASDMA"
FHZ_VIL_0710,Flood,Cachar,Katigora,Lohomali,24.83,92.79,1998-2023 (Cumulative Assessment),Very High,Inundation Frequency >14 Times (1998-2023),Village Hazard Zone,"Flood Hazard Zonation Atlas of Assam (1998-2023), NRSC/ISRO & ASDMA"
FHZ_VIL_0711,Flood,Cachar,Katigora,Mahadebpur Pt. I,24.83,92.79,1998-2023 (Cumulative Assessment),Very High,Inundation Frequency >14 Times (1998-2023),Village Hazard Zone,"Flood Hazard Zonation Atlas of Assam (1998-2023), NRSC/ISRO & ASDMA"
FHZ_VIL_0712,Flood,Cachar,Katigora,Mahadebpur Pt. Ii,24.83,92.79,1998-2023 (Cumulative Assessment),Very High,Inundation Frequency >14 Times (1998-2023),Village Hazard Zone,"Flood Hazard Zonation Atlas of Assam (1998-2023), NRSC/ISRO & ASDMA"
FHZ_VIL_0713,Flood,Cachar,Katigora,Mahadebpur Pt. Iii,24.83,92.79,1998-2023 (Cumulative Assessment),Very High,Inundation Frequency >14 Times (1998-2023),Village Hazard Zone,"Flood Hazard Zonation Atlas of Assam (1998-2023), NRSC/ISRO & ASDMA"
FHZ_VIL_0714,Flood,Cachar,Katigora,Mahadebpur Pt. Iv,24.83,92.79,1998-2023 (Cumulative Assessment),Very High,Inundation Frequency >14 Times (1998-2023),Village Hazard Zone,"Flood Hazard Zonation Atlas of Assam (1998-2023), NRSC/ISRO & ASDMA"
FHZ_VIL_0715,Flood,Cachar,Katigora,Mohanpur Pt. I,24.83,92.79,1998-2023 (Cumulative Assessment),Very High,Inundation Frequency >14 Times (1998-2023),Village Hazard Zone,"Flood Hazard Zonation Atlas of Assam (1998-2023), NRSC/ISRO & ASDMA"
FHZ_VIL_0716,Flood,Cachar,Katigora,Mohanpur Pt. Ii,24.83,92.79,1998-2023 (Cumulative Assessment),Very High,Inundation Frequency >14 Times (1998-2023),Village Hazard Zone,"Flood Hazard Zonation Atlas of Assam (1998-2023), NRSC/ISRO & ASDMA"
FHZ_VIL_0717,Flood,Cachar,Katigora,Mongram,24.83,92.79,1998-2023 (Cumulative Assessment),Very High,Inundation Frequency >14 Times (1998-2023),Village Hazard Zone,"Flood Hazard Zonation Atlas of Assam (1998-2023), NRSC/ISRO & ASDMA"
FHZ_VIL_0718,Flood,Cachar,Katigora,Monipur Pt. I,24.83,92.79,1998-2023 (Cumulative Assessment),Very High,Inundation Frequency >14 Times (1998-2023),Village Hazard Zone,"Flood Hazard Zonation Atlas of Assam (1998-2023), NRSC/ISRO & ASDMA"
FHZ_VIL_0719,Flood,Cachar,Katigora,Monipur Pt. Ii,24.83,92.79,1998-2023 (Cumulative Assessment),Very High,Inundation Frequency >14 Times (1998-2023),Village Hazard Zone,"Flood Hazard Zonation Atlas of Assam (1998-2023), NRSC/ISRO & ASDMA"
FHZ_VIL_0720,Flood,Cachar,Katigora,Nichintapur,24.83,92.79,1998-2023 (Cumulative Assessment),Very High,Inundation Frequency >14 Times (1998-2023),Village Hazard Zone,"Flood Hazard Zonation Atlas of Assam (1998-2023), NRSC/ISRO & ASDMA"
FHZ_VIL_0721,Flood,Cachar,Katigora,Niz-fulbari Pt. Ii,24.83,92.79,1998-2023 (Cumulative Assessment),Very High,Inundation Frequency >14 Times (1998-2023),Village Hazard Zone,"Flood Hazard Zonation Atlas of Assam (1998-2023), NRSC/ISRO & ASDMA"
FHZ_VIL_0722,Flood,Cachar,Katigora,Niz-haritikar Pt. I,24.83,92.79,1998-2023 (Cumulative Assessment),Very High,Inundation Frequency >14 Times (1998-2023),Village Hazard Zone,"Flood Hazard Zonation Atlas of Assam (1998-2023), NRSC/ISRO & ASDMA"
FHZ_VIL_0723,Flood,Cachar,Katigora,Niz-jalalpur Pt. I,24.83,92.79,1998-2023 (Cumulative Assessment),Very High,Inundation Frequency >14 Times (1998-2023),Village Hazard Zone,"Flood Hazard Zonation Atlas of Assam (1998-2023), NRSC/ISRO & ASDMA"
FHZ_VIL_0724,Flood,Cachar,Katigora,Niz-jalalpur Pt. Ii,24.83,92.79,1998-2023 (Cumulative Assessment),Very High,Inundation Frequency >14 Times (1998-2023),Village Hazard Zone,"Flood Hazard Zonation Atlas of Assam (1998-2023), NRSC/ISRO & ASDMA"
FHZ_VIL_0725,Flood,Cachar,Katigora,Niz-katigorah Pt. I,24.83,92.79,1998-2023 (Cumulative Assessment),Very High,Inundation Frequency >14 Times (1998-2023),Village Hazard Zone,"Flood Hazard Zonation Atlas of Assam (1998-2023), NRSC/ISRO & ASDMA"
FHZ_VIL_0726,Flood,Cachar,Katigora,Niz-leverputa Pt. I,24.83,92.79,1998-2023 (Cumulative Assessment),Very High,Inundation Frequency >14 Times (1998-2023),Village Hazard Zone,"Flood Hazard Zonation Atlas of Assam (1998-2023), NRSC/ISRO & ASDMA"
FHZ_VIL_0727,Flood,Cachar,Katigora,Niz-leverputa Pt. Ii,24.83,92.79,1998-2023 (Cumulative Assessment),Very High,Inundation Frequency >14 Times (1998-2023),Village Hazard Zone,"Flood Hazard Zonation Atlas of Assam (1998-2023), NRSC/ISRO & ASDMA"
FHZ_VIL_0728,Flood,Cachar,Katigora,Paikon,24.83,92.79,1998-2023 (Cumulative Assessment),Very High,Inundation Frequency >14 Times (1998-2023),Village Hazard Zone,"Flood Hazard Zonation Atlas of Assam (1998-2023), NRSC/ISRO & ASDMA"
FHZ_VIL_0729,Flood,Bongaigaon,Katigora,Pirnagar,26.47,90.56,1998-2023 (Cumulative Assessment),Very High,Inundation Frequency >14 Times (1998-2023),Village Hazard Zone,"Flood Hazard Zonation Atlas of Assam (1998-2023), NRSC/ISRO & ASDMA"
FHZ_VIL_0730,Flood,Bongaigaon,Katigora,Pratapipara,26.47,90.56,1998-2023 (Cumulative Assessment),Very High,Inundation Frequency >14 Times (1998-2023),Village Hazard Zone,"Flood Hazard Zonation Atlas of Assam (1998-2023), NRSC/ISRO & ASDMA"
FHZ_VIL_0731,Flood,Bongaigaon,Katigora,Rajyeswarpur Pt. I,26.47,90.56,1998-2023 (Cumulative Assessment),Very High,Inundation Frequency >14 Times (1998-2023),Village Hazard Zone,"Flood Hazard Zonation Atlas of Assam (1998-2023), NRSC/ISRO & ASDMA"
FHZ_VIL_0732,Flood,Bongaigaon,Katigora,Rajyeswarpur Pt. Ii,26.47,90.56,1998-2023 (Cumulative Assessment),Very High,Inundation Frequency >14 Times (1998-2023),Village Hazard Zone,"Flood Hazard Zonation Atlas of Assam (1998-2023), NRSC/ISRO & ASDMA"
FHZ_VIL_0733,Flood,Bongaigaon,Katigora,Salimabad,26.47,90.56,1998-2023 (Cumulative Assessment),Very High,Inundation Frequency >14 Times (1998-2023),Village Hazard Zone,"Flood Hazard Zonation Atlas of Assam (1998-2023), NRSC/ISRO & ASDMA"
FHZ_VIL_0734,Flood,Bongaigaon,Katigora,Saraspur,26.47,90.56,1998-2023 (Cumulative Assessment),Very High,Inundation Frequency >14 Times (1998-2023),Village Hazard Zone,"Flood Hazard Zonation Atlas of Assam (1998-2023), NRSC/ISRO & ASDMA"
FHZ_VIL_0735,Flood,Bongaigaon,Katigora,Sewtigram Pt. Ii,26.47,90.56,1998-2023 (Cumulative Assessment),Very High,Inundation Frequency >14 Times (1998-2023),Village Hazard Zone,"Flood Hazard Zonation Atlas of Assam (1998-2023), NRSC/ISRO & ASDMA"
FHZ_VIL_0736,Flood,Bongaigaon,Katigora,Sewtigram Pt. Iii,26.47,90.56,1998-2023 (Cumulative Assessment),Very High,Inundation Frequency >14 Times (1998-2023),Village Hazard Zone,"Flood Hazard Zonation Atlas of Assam (1998-2023), NRSC/ISRO & ASDMA"
FHZ_VIL_0737,Flood,Bongaigaon,Katigora,Sewtigram Pt. Iv,26.47,90.56,1998-2023 (Cumulative Assessment),Very High,Inundation Frequency >14 Times (1998-2023),Village Hazard Zone,"Flood Hazard Zonation Atlas of Assam (1998-2023), NRSC/ISRO & ASDMA"
FHZ_VIL_0738,Flood,Bongaigaon,Katigora,Sibnarainpur,26.47,90.56,1998-2023 (Cumulative Assessment),Very High,Inundation Frequency >14 Times (1998-2023),Village Hazard Zone,"Flood Hazard Zonation Atlas of Assam (1998-2023), NRSC/ISRO & ASDMA"
FHZ_VIL_0739,Flood,Bongaigaon,Katigora,Sonapur Part I,26.47,90.56,1998-2023 (Cumulative Assessment),Very High,Inundation Frequency >14 Times (1998-2023),Village Hazard Zone,"Flood Hazard Zonation Atlas of Assam (1998-2023), NRSC/ISRO & ASDMA"
FHZ_VIL_0740,Flood,Bongaigaon,Katigora,Sonapur Part Iii,26.47,90.56,1998-2023 (Cumulative Assessment),Very High,Inundation Frequency >14 Times (1998-2023),Village Hazard Zone,"Flood Hazard Zonation Atlas of Assam (1998-2023), NRSC/ISRO & ASDMA"
FHZ_VIL_0741,Flood,Bongaigaon,Katigora,Syedpur Pt. I,26.47,90.56,1998-2023 (Cumulative Assessment),Very High,Inundation Frequency >14 Times (1998-2023),Village Hazard Zone,"Flood Hazard Zonation Atlas of Assam (1998-2023), NRSC/ISRO & ASDMA"
FHZ_VIL_0742,Flood,Bongaigaon,Katigora,Syedpur Pt. Ii,26.47,90.56,1998-2023 (Cumulative Assessment),Very High,Inundation Frequency >14 Times (1998-2023),Village Hazard Zone,"Flood Hazard Zonation Atlas of Assam (1998-2023), NRSC/ISRO & ASDMA"
FHZ_VIL_0743,Flood,Bongaigaon,Katigora,Syedpur Pt. Iii,26.47,90.56,1998-2023 (Cumulative Assessment),Very High,Inundation Frequency >14 Times (1998-2023),Village Hazard Zone,"Flood Hazard Zonation Atlas of Assam (1998-2023), NRSC/ISRO & ASDMA"
FHZ_VIL_0744,Flood,Bongaigaon,Katigora,Talkar Bill,26.47,90.56,1998-2023 (Cumulative Assessment),Very High,Inundation Frequency >14 Times (1998-2023),Village Hazard Zone,"Flood Hazard Zonation Atlas of Assam (1998-2023), NRSC/ISRO & ASDMA"
FHZ_VIL_0745,Flood,Bongaigaon,Katigora,Tarapur,26.47,90.56,1998-2023 (Cumulative Assessment),Very High,Inundation Frequency >14 Times (1998-2023),Village Hazard Zone,"Flood Hazard Zonation Atlas of Assam (1998-2023), NRSC/ISRO & ASDMA"
FHZ_VIL_0746,Flood,Bongaigaon,Katigora,Tarapur,26.47,90.56,1998-2023 (Cumulative Assessment),Very High,Inundation Frequency >14 Times (1998-2023),Village Hazard Zone,"Flood Hazard Zonation Atlas of Assam (1998-2023), NRSC/ISRO & ASDMA"
FHZ_VIL_0747,Flood,Bongaigaon,Katigora,Tarinipur Pt. I,26.47,90.56,1998-2023 (Cumulative Assessment),Very High,Inundation Frequency >14 Times (1998-2023),Village Hazard Zone,"Flood Hazard Zonation Atlas of Assam (1998-2023), NRSC/ISRO & ASDMA"
FHZ_VIL_0748,Flood,Bongaigaon,Katigora,Tarinipur Pt. Ii,26.47,90.56,1998-2023 (Cumulative Assessment),Very High,Inundation Frequency >14 Times (1998-2023),Village Hazard Zone,"Flood Hazard Zonation Atlas of Assam (1998-2023), NRSC/ISRO & ASDMA"
FHZ_VIL_0749,Flood,Bongaigaon,Katigora,Tarinipur Pt. Iii,26.47,90.56,1998-2023 (Cumulative Assessment),Very High,Inundation Frequency >14 Times (1998-2023),Village Hazard Zone,"Flood Hazard Zonation Atlas of Assam (1998-2023), NRSC/ISRO & ASDMA"
FHZ_VIL_0750,Flood,Bongaigaon,Katigora,Telitikar Pt. I,26.47,90.56,1998-2023 (Cumulative Assessment),Very High,Inundation Frequency >14 Times (1998-2023),Village Hazard Zone,"Flood Hazard Zonation Atlas of Assam (1998-2023), NRSC/ISRO & ASDMA"
FHZ_VIL_0751,Flood,Bongaigaon,Katigora,Telitikar Pt. Ii,26.47,90.56,1998-2023 (Cumulative Assessment),Very High,Inundation Frequency >14 Times (1998-2023),Village Hazard Zone,"Flood Hazard Zonation Atlas of Assam (1998-2023), NRSC/ISRO & ASDMA"
FHZ_VIL_0752,Flood,Bongaigaon,Katigora,Kurkuri Pt. Iv,26.47,90.56,1998-2023 (Cumulative Assessment),High,Inundation Frequency 11-14 Times (1998-2023),Village Hazard Zone,"Flood Hazard Zonation Atlas of Assam (1998-2023), NRSC/ISRO & ASDMA"
FHZ_VIL_0753,Flood,Bongaigaon,Katigora,Niz-fulbari Pt. Iii,26.47,90.56,1998-2023 (Cumulative Assessment),High,Inundation Frequency 11-14 Times (1998-2023),Village Hazard Zone,"Flood Hazard Zonation Atlas of Assam (1998-2023), NRSC/ISRO & ASDMA"
FHZ_VIL_0754,Flood,Bongaigaon,Katigora,Rangpur,26.47,90.56,1998-2023 (Cumulative Assessment),High,Inundation Frequency 11-14 Times (1998-2023),Village Hazard Zone,"Flood Hazard Zonation Atlas of Assam (1998-2023), NRSC/ISRO & ASDMA"
FHZ_VIL_0755,Flood,Bongaigaon,Katigora,Siddheswar Pt. Ii,26.47,90.56,1998-2023 (Cumulative Assessment),High,Inundation Frequency 11-14 Times (1998-2023),Village Hazard Zone,"Flood Hazard Zonation Atlas of Assam (1998-2023), NRSC/ISRO & ASDMA"
FHZ_VIL_0756,Flood,Bongaigaon,Katigora,Brahmangram,26.47,90.56,1998-2023 (Cumulative Assessment),Moderate,Inundation Frequency 7-10 Times (1998-2023),Village Hazard Zone,"Flood Hazard Zonation Atlas of Assam (1998-2023), NRSC/ISRO & ASDMA"
FHZ_VIL_0757,Flood,Bongaigaon,Katigora,Buribail Part Iii,26.47,90.56,1998-2023 (Cumulative Assessment),Moderate,Inundation Frequency 7-10 Times (1998-2023),Village Hazard Zone,"Flood Hazard Zonation Atlas of Assam (1998-2023), NRSC/ISRO & ASDMA"
FHZ_VIL_0758,Flood,Bongaigaon,Katigora,Burunga Iv,26.47,90.56,1998-2023 (Cumulative Assessment),Moderate,Inundation Frequency 7-10 Times (1998-2023),Village Hazard Zone,"Flood Hazard Zonation Atlas of Assam (1998-2023), NRSC/ISRO & ASDMA"
FHZ_VIL_0759,Flood,Bongaigaon,Katigora,Gonirgram Pt. I,26.47,90.56,1998-2023 (Cumulative Assessment),Moderate,Inundation Frequency 7-10 Times (1998-2023),Village Hazard Zone,"Flood Hazard Zonation Atlas of Assam (1998-2023), NRSC/ISRO & ASDMA"
FHZ_VIL_0760,Flood,Bongaigaon,Katigora,Gonirgram Pt. Ii,26.47,90.56,1998-2023 (Cumulative Assessment),Moderate,Inundation Frequency 7-10 Times (1998-2023),Village Hazard Zone,"Flood Hazard Zonation Atlas of Assam (1998-2023), NRSC/ISRO & ASDMA"
FHZ_VIL_0761,Flood,Bongaigaon,Katigora,Harinagar Pt. I,26.47,90.56,1998-2023 (Cumulative Assessment),Moderate,Inundation Frequency 7-10 Times (1998-2023),Village Hazard Zone,"Flood Hazard Zonation Atlas of Assam (1998-2023), NRSC/ISRO & ASDMA"
FHZ_VIL_0762,Flood,Bongaigaon,Katigora,Harinagar Pt. Ii,26.47,90.56,1998-2023 (Cumulative Assessment),Moderate,Inundation Frequency 7-10 Times (1998-2023),Village Hazard Zone,"Flood Hazard Zonation Atlas of Assam (1998-2023), NRSC/ISRO & ASDMA"
FHZ_VIL_0763,Flood,Bongaigaon,Katigora,Harinagar Pt. Iii,26.47,90.56,1998-2023 (Cumulative Assessment),Moderate,Inundation Frequency 7-10 Times (1998-2023),Village Hazard Zone,"Flood Hazard Zonation Atlas of Assam (1998-2023), NRSC/ISRO & ASDMA"
FHZ_VIL_0764,Flood,Bongaigaon,Katigora,Kurkuri T.e.,26.47,90.56,1998-2023 (Cumulative Assessment),Moderate,Inundation Frequency 7-10 Times (1998-2023),Village Hazard Zone,"Flood Hazard Zonation Atlas of Assam (1998-2023), NRSC/ISRO & ASDMA"
FHZ_VIL_0765,Flood,Bongaigaon,Katigora,Lathimara,26.47,90.56,1998-2023 (Cumulative Assessment),Moderate,Inundation Frequency 7-10 Times (1998-2023),Village Hazard Zone,"Flood Hazard Zonation Atlas of Assam (1998-2023), NRSC/ISRO & ASDMA"
FHZ_VIL_0766,Flood,Bongaigaon,Katigora,Nazatpur,26.47,90.56,1998-2023 (Cumulative Assessment),Moderate,Inundation Frequency 7-10 Times (1998-2023),Village Hazard Zone,"Flood Hazard Zonation Atlas of Assam (1998-2023), NRSC/ISRO & ASDMA"
FHZ_VIL_0767,Flood,Bongaigaon,Katigora,Niz-fulbari Pt. I,26.47,90.56,1998-2023 (Cumulative Assessment),Moderate,Inundation Frequency 7-10 Times (1998-2023),Village Hazard Zone,"Flood Hazard Zonation Atlas of Assam (1998-2023), NRSC/ISRO & ASDMA"
FHZ_VIL_0768,Flood,Bongaigaon,Katigora,Patharigram,26.47,90.56,1998-2023 (Cumulative Assessment),Moderate,Inundation Frequency 7-10 Times (1998-2023),Village Hazard Zone,"Flood Hazard Zonation Atlas of Assam (1998-2023), NRSC/ISRO & ASDMA"
FHZ_VIL_0769,Flood,Bongaigaon,Katigora,Raipur,26.47,90.56,1998-2023 (Cumulative Assessment),Moderate,Inundation Frequency 7-10 Times (1998-2023),Village Hazard Zone,"Flood Hazard Zonation Atlas of Assam (1998-2023), NRSC/ISRO & ASDMA"
FHZ_VIL_0770,Flood,Bongaigaon,Katigora,Ranghar Part Ii,26.47,90.56,1998-2023 (Cumulative Assessment),Moderate,Inundation Frequency 7-10 Times (1998-2023),Village Hazard Zone,"Flood Hazard Zonation Atlas of Assam (1998-2023), NRSC/ISRO & ASDMA"
FHZ_VIL_0771,Flood,Bongaigaon,Katigora,Sewtigram Pt. I,26.47,90.56,1998-2023 (Cumulative Assessment),Moderate,Inundation Frequency 7-10 Times (1998-2023),Village Hazard Zone,"Flood Hazard Zonation Atlas of Assam (1998-2023), NRSC/ISRO & ASDMA"
FHZ_VIL_0772,Flood,Bongaigaon,Katigora,Siddheswar Pt. I,26.47,90.56,1998-2023 (Cumulative Assessment),Moderate,Inundation Frequency 7-10 Times (1998-2023),Village Hazard Zone,"Flood Hazard Zonation Atlas of Assam (1998-2023), NRSC/ISRO & ASDMA"
FHZ_VIL_0773,Flood,Bongaigaon,Lakhipur_Cahar,Binnakandi Grant,26.47,90.56,1998-2023 (Cumulative Assessment),Very High,Inundation Frequency >14 Times (1998-2023),Village Hazard Zone,"Flood Hazard Zonation Atlas of Assam (1998-2023), NRSC/ISRO & ASDMA"
FHZ_VIL_0774,Flood,Bongaigaon,Lakhipur_Cahar,Boali Grant,26.47,90.56,1998-2023 (Cumulative Assessment),Very High,Inundation Frequency >14 Times (1998-2023),Village Hazard Zone,"Flood Hazard Zonation Atlas of Assam (1998-2023), NRSC/ISRO & ASDMA"
FHZ_VIL_0775,Flood,Bongaigaon,Lakhipur_Cahar,Chandrapur Pt. I,26.47,90.56,1998-2023 (Cumulative Assessment),Very High,Inundation Frequency >14 Times (1998-2023),Village Hazard Zone,"Flood Hazard Zonation Atlas of Assam (1998-2023), NRSC/ISRO & ASDMA"
FHZ_VIL_0776,Flood,Bongaigaon,Lakhipur_Cahar,Chandrapur Pt. Ii,26.47,90.56,1998-2023 (Cumulative Assessment),Very High,Inundation Frequency >14 Times (1998-2023),Village Hazard Zone,"Flood Hazard Zonation Atlas of Assam (1998-2023), NRSC/ISRO & ASDMA"
FHZ_VIL_0777,Flood,Bongaigaon,Lakhipur_Cahar,Chotomanda Grant,26.47,90.56,1998-2023 (Cumulative Assessment),Very High,Inundation Frequency >14 Times (1998-2023),Village Hazard Zone,"Flood Hazard Zonation Atlas of Assam (1998-2023), NRSC/ISRO & ASDMA"
FHZ_VIL_0778,Flood,Bongaigaon,Lakhipur_Cahar,Kaptanpur Iii,26.47,90.56,1998-2023 (Cumulative Assessment),Very High,Inundation Frequency >14 Times (1998-2023),Village Hazard Zone,"Flood Hazard Zonation Atlas of Assam (1998-2023), NRSC/ISRO & ASDMA"
FHZ_VIL_0779,Flood,Bongaigaon,Lakhipur_Cahar,Kaptanpur Xi,26.47,90.56,1998-2023 (Cumulative Assessment),Very High,Inundation Frequency >14 Times (1998-2023),Village Hazard Zone,"Flood Hazard Zonation Atlas of Assam (1998-2023), NRSC/ISRO & ASDMA"
FHZ_VIL_0780,Flood,Bongaigaon,Lakhipur_Cahar,Kaptanpur Xii,26.47,90.56,1998-2023 (Cumulative Assessment),Very High,Inundation Frequency >14 Times (1998-2023),Village Hazard Zone,"Flood Hazard Zonation Atlas of Assam (1998-2023), NRSC/ISRO & ASDMA"
FHZ_VIL_0781,Flood,Bongaigaon,Lakhipur_Cahar,Rubberpur,26.47,90.56,1998-2023 (Cumulative Assessment),Very High,Inundation Frequency >14 Times (1998-2023),Village Hazard Zone,"Flood Hazard Zonation Atlas of Assam (1998-2023), NRSC/ISRO & ASDMA"
FHZ_VIL_0782,Flood,Bongaigaon,Lakhipur_Cahar,Kaptanpur Vi,26.47,90.56,1998-2023 (Cumulative Assessment),High,Inundation Frequency 11-14 Times (1998-2023),Village Hazard Zone,"Flood Hazard Zonation Atlas of Assam (1998-2023), NRSC/ISRO & ASDMA"
FHZ_VIL_0783,Flood,Bongaigaon,Lakhipur_Cahar,Lakhipur Town,26.47,90.56,1998-2023 (Cumulative Assessment),High,Inundation Frequency 11-14 Times (1998-2023),Village Hazard Zone,"Flood Hazard Zonation Atlas of Assam (1998-2023), NRSC/ISRO & ASDMA"
FHZ_VIL_0784,Flood,Bongaigaon,Lakhipur_Cahar,Lalang Iii,26.47,90.56,1998-2023 (Cumulative Assessment),High,Inundation Frequency 11-14 Times (1998-2023),Village Hazard Zone,"Flood Hazard Zonation Atlas of Assam (1998-2023), NRSC/ISRO & ASDMA"
FHZ_VIL_0785,Flood,Bongaigaon,Lakhipur_Cahar,Niz Lakhipur Pt. Ii,26.47,90.56,1998-2023 (Cumulative Assessment),High,Inundation Frequency 11-14 Times (1998-2023),Village Hazard Zone,"Flood Hazard Zonation Atlas of Assam (1998-2023), NRSC/ISRO & ASDMA"
FHZ_VIL_0786,Flood,Bongaigaon,Lakhipur_Cahar,Niz Lakhipur Pt. Iii,26.47,90.56,1998-2023 (Cumulative Assessment),High,Inundation Frequency 11-14 Times (1998-2023),Village Hazard Zone,"Flood Hazard Zonation Atlas of Assam (1998-2023), NRSC/ISRO & ASDMA"
FHZ_VIL_0787,Flood,Bongaigaon,Lakhipur_Cahar,Ujan Tarapur,26.47,90.56,1998-2023 (Cumulative Assessment),High,Inundation Frequency 11-14 Times (1998-2023),Village Hazard Zone,"Flood Hazard Zonation Atlas of Assam (1998-2023), NRSC/ISRO & ASDMA"
FHZ_VIL_0788,Flood,Bongaigaon,Lakhipur_Cahar,Chengjur Grant,26.47,90.56,1998-2023 (Cumulative Assessment),Moderate,Inundation Frequency 7-10 Times (1998-2023),Village Hazard Zone,"Flood Hazard Zonation Atlas of Assam (1998-2023), NRSC/ISRO & ASDMA"
FHZ_VIL_0789,Flood,Bongaigaon,Lakhipur_Cahar,Cihirpar I,26.47,90.56,1998-2023 (Cumulative Assessment),Moderate,Inundation Frequency 7-10 Times (1998-2023),Village Hazard Zone,"Flood Hazard Zonation Atlas of Assam (1998-2023), NRSC/ISRO & ASDMA"
FHZ_VIL_0790,Flood,Bongaigaon,Lakhipur_Cahar,Hatikuri Grant,26.47,90.56,1998-2023 (Cumulative Assessment),Moderate,Inundation Frequency 7-10 Times (1998-2023),Village Hazard Zone,"Flood Hazard Zonation Atlas of Assam (1998-2023), NRSC/ISRO & ASDMA"
FHZ_VIL_0791,Flood,Bongaigaon,Lakhipur_Cahar,Lalang I,26.47,90.56,1998-2023 (Cumulative Assessment),Moderate,Inundation Frequency 7-10 Times (1998-2023),Village Hazard Zone,"Flood Hazard Zonation Atlas of Assam (1998-2023), NRSC/ISRO & ASDMA"
FHZ_VIL_0792,Flood,Bongaigaon,Lakhipur_Cahar,Nayagram,26.47,90.56,1998-2023 (Cumulative Assessment),Moderate,Inundation Frequency 7-10 Times (1998-2023),Village Hazard Zone,"Flood Hazard Zonation Atlas of Assam (1998-2023), NRSC/ISRO & ASDMA"
FHZ_VIL_0793,Flood,Bongaigaon,Lakhipur_Cahar,Niz Lakhipur Pt. I,26.47,90.56,1998-2023 (Cumulative Assessment),Moderate,Inundation Frequency 7-10 Times (1998-2023),Village Hazard Zone,"Flood Hazard Zonation Atlas of Assam (1998-2023), NRSC/ISRO & ASDMA"
FHZ_VIL_0794,Flood,Bongaigaon,Silchar,Ambikapur I,26.47,90.56,1998-2023 (Cumulative Assessment),Very High,Inundation Frequency >14 Times (1998-2023),Village Hazard Zone,"Flood Hazard Zonation Atlas of Assam (1998-2023), NRSC/ISRO & ASDMA"
FHZ_VIL_0795,Flood,Bongaigaon,Silchar,Ambikapur Ii,26.47,90.56,1998-2023 (Cumulative Assessment),Very High,Inundation Frequency >14 Times (1998-2023),Village Hazard Zone,"Flood Hazard Zonation Atlas of Assam (1998-2023), NRSC/ISRO & ASDMA"
FHZ_VIL_0796,Flood,Bongaigaon,Silchar,Ambikapur Iii,26.47,90.56,1998-2023 (Cumulative Assessment),Very High,Inundation Frequency >14 Times (1998-2023),Village Hazard Zone,"Flood Hazard Zonation Atlas of Assam (1998-2023), NRSC/ISRO & ASDMA"
FHZ_VIL_0797,Flood,Bongaigaon,Silchar,Ambikapur Iv,26.47,90.56,1998-2023 (Cumulative Assessment),Very High,Inundation Frequency >14 Times (1998-2023),Village Hazard Zone,"Flood Hazard Zonation Atlas of Assam (1998-2023), NRSC/ISRO & ASDMA"
FHZ_VIL_0798,Flood,Bongaigaon,Silchar,Ambikapur V,26.47,90.56,1998-2023 (Cumulative Assessment),Very High,Inundation Frequency >14 Times (1998-2023),Village Hazard Zone,"Flood Hazard Zonation Atlas of Assam (1998-2023), NRSC/ISRO & ASDMA"
FHZ_VIL_0799,Flood,Bongaigaon,Silchar,Ambikapur Vi,26.47,90.56,1998-2023 (Cumulative Assessment),Very High,Inundation Frequency >14 Times (1998-2023),Village Hazard Zone,"Flood Hazard Zonation Atlas of Assam (1998-2023), NRSC/ISRO & ASDMA"
FHZ_VIL_0800,Flood,Bongaigaon,Silchar,Badarpur Pt. Ii,26.47,90.56,1998-2023 (Cumulative Assessment),Very High,Inundation Frequency >14 Times (1998-2023),Village Hazard Zone,"Flood Hazard Zonation Atlas of Assam (1998-2023), NRSC/ISRO & ASDMA"
FHZ_VIL_0801,Flood,Bongaigaon,Silchar,Bariknagar I,26.47,90.56,1998-2023 (Cumulative Assessment),Very High,Inundation Frequency >14 Times (1998-2023),Village Hazard Zone,"Flood Hazard Zonation Atlas of Assam (1998-2023), NRSC/ISRO & ASDMA"
FHZ_VIL_0802,Flood,Bongaigaon,Silchar,Bariknagar T.e.,26.47,90.56,1998-2023 (Cumulative Assessment),Very High,Inundation Frequency >14 Times (1998-2023),Village Hazard Zone,"Flood Hazard Zonation Atlas of Assam (1998-2023), NRSC/ISRO & ASDMA"
FHZ_VIL_0803,Flood,Bongaigaon,Silchar,Bhajantipur Ii,26.47,90.56,1998-2023 (Cumulative Assessment),Very High,Inundation Frequency >14 Times (1998-2023),Village Hazard Zone,"Flood Hazard Zonation Atlas of Assam (1998-2023), NRSC/ISRO & ASDMA"
FHZ_VIL_0804,Flood,Bongaigaon,Silchar,Bhajantipur Iii,26.47,90.56,1998-2023 (Cumulative Assessment),Very High,Inundation Frequency >14 Times (1998-2023),Village Hazard Zone,"Flood Hazard Zonation Atlas of Assam (1998-2023), NRSC/ISRO & ASDMA"
FHZ_VIL_0805,Flood,Bongaigaon,Silchar,Bhitar Gangapur Pt. I,26.47,90.56,1998-2023 (Cumulative Assessment),Very High,Inundation Frequency >14 Times (1998-2023),Village Hazard Zone,"Flood Hazard Zonation Atlas of Assam (1998-2023), NRSC/ISRO & ASDMA"
FHZ_VIL_0806,Flood,Bongaigaon,Silchar,Borkhola Part I,26.47,90.56,1998-2023 (Cumulative Assessment),Very High,Inundation Frequency >14 Times (1998-2023),Village Hazard Zone,"Flood Hazard Zonation Atlas of Assam (1998-2023), NRSC/ISRO & ASDMA"
FHZ_VIL_0807,Flood,Bongaigaon,Silchar,Chengdowar Ii,26.47,90.56,1998-2023 (Cumulative Assessment),Very High,Inundation Frequency >14 Times (1998-2023),Village Hazard Zone,"Flood Hazard Zonation Atlas of Assam (1998-2023), NRSC/ISRO & ASDMA"
FHZ_VIL_0808,Flood,Bongaigaon,Silchar,Chotodudpatil Grant,26.47,90.56,1998-2023 (Cumulative Assessment),Very High,Inundation Frequency >14 Times (1998-2023),Village Hazard Zone,"Flood Hazard Zonation Atlas of Assam (1998-2023), NRSC/ISRO & ASDMA"
FHZ_VIL_0809,Flood,Bongaigaon,Silchar,Diogor Srikuna I,26.47,90.56,1998-2023 (Cumulative Assessment),Very High,Inundation Frequency >14 Times (1998-2023),Village Hazard Zone,"Flood Hazard Zonation Atlas of Assam (1998-2023), NRSC/ISRO & ASDMA"
FHZ_VIL_0810,Flood,Bongaigaon,Silchar,Diogor Srikuna Ii,26.47,90.56,1998-2023 (Cumulative Assessment),Very High,Inundation Frequency >14 Times (1998-2023),Village Hazard Zone,"Flood Hazard Zonation Atlas of Assam (1998-2023), NRSC/ISRO & ASDMA"
FHZ_VIL_0811,Flood,Bongaigaon,Silchar,Do-bag,26.47,90.56,1998-2023 (Cumulative Assessment),Very High,Inundation Frequency >14 Times (1998-2023),Village Hazard Zone,"Flood Hazard Zonation Atlas of Assam (1998-2023), NRSC/ISRO & ASDMA"
FHZ_VIL_0812,Flood,Bongaigaon,Silchar,Dudpatil I,26.47,90.56,1998-2023 (Cumulative Assessment),Very High,Inundation Frequency >14 Times (1998-2023),Village Hazard Zone,"Flood Hazard Zonation Atlas of Assam (1998-2023), NRSC/ISRO & ASDMA"
FHZ_VIL_0813,Flood,Bongaigaon,Silchar,Dudpatil Ii,26.47,90.56,1998-2023 (Cumulative Assessment),Very High,Inundation Frequency >14 Times (1998-2023),Village Hazard Zone,"Flood Hazard Zonation Atlas of Assam (1998-2023), NRSC/ISRO & ASDMA"
FHZ_VIL_0814,Flood,Bongaigaon,Silchar,Dudpatil Iii,26.47,90.56,1998-2023 (Cumulative Assessment),Very High,Inundation Frequency >14 Times (1998-2023),Village Hazard Zone,"Flood Hazard Zonation Atlas of Assam (1998-2023), NRSC/ISRO & ASDMA"
FHZ_VIL_0815,Flood,Bongaigaon,Silchar,Dudpatil Iv,26.47,90.56,1998-2023 (Cumulative Assessment),Very High,Inundation Frequency >14 Times (1998-2023),Village Hazard Zone,"Flood Hazard Zonation Atlas of Assam (1998-2023), NRSC/ISRO & ASDMA"
FHZ_VIL_0816,Flood,Bongaigaon,Silchar,Dudpatil V,26.47,90.56,1998-2023 (Cumulative Assessment),Very High,Inundation Frequency >14 Times (1998-2023),Village Hazard Zone,"Flood Hazard Zonation Atlas of Assam (1998-2023), NRSC/ISRO & ASDMA"
FHZ_VIL_0817,Flood,Bongaigaon,Silchar,Durgapur,26.47,90.56,1998-2023 (Cumulative Assessment),Very High,Inundation Frequency >14 Times (1998-2023),Village Hazard Zone,"Flood Hazard Zonation Atlas of Assam (1998-2023), NRSC/ISRO & ASDMA"
FHZ_VIL_0818,Flood,Bongaigaon,Silchar,Goverbond Ii,26.47,90.56,1998-2023 (Cumulative Assessment),Very High,Inundation Frequency >14 Times (1998-2023),Village Hazard Zone,"Flood Hazard Zonation Atlas of Assam (1998-2023), NRSC/ISRO & ASDMA"
FHZ_VIL_0819,Flood,Bongaigaon,Silchar,Haltia (kathal Grant),26.47,90.56,1998-2023 (Cumulative Assessment),Very High,Inundation Frequency >14 Times (1998-2023),Village Hazard Zone,"Flood Hazard Zonation Atlas of Assam (1998-2023), NRSC/ISRO & ASDMA"
FHZ_VIL_0820,Flood,Bongaigaon,Silchar,Harin Cherra T.e.,26.47,90.56,1998-2023 (Cumulative Assessment),Very High,Inundation Frequency >14 Times (1998-2023),Village Hazard Zone,"Flood Hazard Zonation Atlas of Assam (1998-2023), NRSC/ISRO & ASDMA"
FHZ_VIL_0821,Flood,Bongaigaon,Silchar,Hatirhar I,26.47,90.56,1998-2023 (Cumulative Assessment),Very High,Inundation Frequency >14 Times (1998-2023),Village Hazard Zone,"Flood Hazard Zonation Atlas of Assam (1998-2023), NRSC/ISRO & ASDMA"
FHZ_VIL_0822,Flood,Bongaigaon,Silchar,Hiairband Part I,26.47,90.56,1998-2023 (Cumulative Assessment),Very High,Inundation Frequency >14 Times (1998-2023),Village Hazard Zone,"Flood Hazard Zonation Atlas of Assam (1998-2023), NRSC/ISRO & ASDMA"
FHZ_VIL_0823,Flood,Bongaigaon,Silchar,Hiairband Part Ii,26.47,90.56,1998-2023 (Cumulative Assessment),Very High,Inundation Frequency >14 Times (1998-2023),Village Hazard Zone,"Flood Hazard Zonation Atlas of Assam (1998-2023), NRSC/ISRO & ASDMA"
FHZ_VIL_0824,Flood,Bongaigaon,Silchar,Irongmara,26.47,90.56,1998-2023 (Cumulative Assessment),Very High,Inundation Frequency >14 Times (1998-2023),Village Hazard Zone,"Flood Hazard Zonation Atlas of Assam (1998-2023), NRSC/ISRO & ASDMA"
FHZ_VIL_0825,Flood,Bongaigaon,Silchar,Jaiforpur,26.47,90.56,1998-2023 (Cumulative Assessment),Very High,Inundation Frequency >14 Times (1998-2023),Village Hazard Zone,"Flood Hazard Zonation Atlas of Assam (1998-2023), NRSC/ISRO & ASDMA"
FHZ_VIL_0826,Flood,Bongaigaon,Silchar,Jareiltala,26.47,90.56,1998-2023 (Cumulative Assessment),Very High,Inundation Frequency >14 Times (1998-2023),Village Hazard Zone,"Flood Hazard Zonation Atlas of Assam (1998-2023), NRSC/ISRO & ASDMA"
FHZ_VIL_0827,Flood,Bongaigaon,Silchar,Kumarpara,26.47,90.56,1998-2023 (Cumulative Assessment),Very High,Inundation Frequency >14 Times (1998-2023),Village Hazard Zone,"Flood Hazard Zonation Atlas of Assam (1998-2023), NRSC/ISRO & ASDMA"
FHZ_VIL_0828,Flood,Bongaigaon,Silchar,Massimpur Part I,26.47,90.56,1998-2023 (Cumulative Assessment),Very High,Inundation Frequency >14 Times (1998-2023),Village Hazard Zone,"Flood Hazard Zonation Atlas of Assam (1998-2023), NRSC/ISRO & ASDMA"
FHZ_VIL_0829,Flood,Bongaigaon,Silchar,Mulidhar Grant,26.47,90.56,1998-2023 (Cumulative Assessment),Very High,Inundation Frequency >14 Times (1998-2023),Village Hazard Zone,"Flood Hazard Zonation Atlas of Assam (1998-2023), NRSC/ISRO & ASDMA"
FHZ_VIL_0830,Flood,Bongaigaon,Silchar,Narainpur Iv,26.47,90.56,1998-2023 (Cumulative Assessment),Very High,Inundation Frequency >14 Times (1998-2023),Village Hazard Zone,"Flood Hazard Zonation Atlas of Assam (1998-2023), NRSC/ISRO & ASDMA"
FHZ_VIL_0831,Flood,Bongaigaon,Silchar,Nichintapur,26.47,90.56,1998-2023 (Cumulative Assessment),Very High,Inundation Frequency >14 Times (1998-2023),Village Hazard Zone,"Flood Hazard Zonation Atlas of Assam (1998-2023), NRSC/ISRO & ASDMA"
FHZ_VIL_0832,Flood,Bongaigaon,Silchar,Niz Borkhola Part Ii,26.47,90.56,1998-2023 (Cumulative Assessment),Very High,Inundation Frequency >14 Times (1998-2023),Village Hazard Zone,"Flood Hazard Zonation Atlas of Assam (1998-2023), NRSC/ISRO & ASDMA"
FHZ_VIL_0833,Flood,Bongaigaon,Silchar,Niz Joynagar,26.47,90.56,1998-2023 (Cumulative Assessment),Very High,Inundation Frequency >14 Times (1998-2023),Village Hazard Zone,"Flood Hazard Zonation Atlas of Assam (1998-2023), NRSC/ISRO & ASDMA"
FHZ_VIL_0834,Flood,Bongaigaon,Silchar,Paschim Biroin Haor,26.47,90.56,1998-2023 (Cumulative Assessment),Very High,Inundation Frequency >14 Times (1998-2023),Village Hazard Zone,"Flood Hazard Zonation Atlas of Assam (1998-2023), NRSC/ISRO & ASDMA"
FHZ_VIL_0835,Flood,Bongaigaon,Silchar,Rakhalkhalarpar Ii,26.47,90.56,1998-2023 (Cumulative Assessment),Very High,Inundation Frequency >14 Times (1998-2023),Village Hazard Zone,"Flood Hazard Zonation Atlas of Assam (1998-2023), NRSC/ISRO & ASDMA"
FHZ_VIL_0836,Flood,Bongaigaon,Silchar,Raninagar,26.47,90.56,1998-2023 (Cumulative Assessment),Very High,Inundation Frequency >14 Times (1998-2023),Village Hazard Zone,"Flood Hazard Zonation Atlas of Assam (1998-2023), NRSC/ISRO & ASDMA"
FHZ_VIL_0837,Flood,Bongaigaon,Silchar,Salchapara Grant,26.47,90.56,1998-2023 (Cumulative Assessment),Very High,Inundation Frequency >14 Times (1998-2023),Village Hazard Zone,"Flood Hazard Zonation Atlas of Assam (1998-2023), NRSC/ISRO & ASDMA"
FHZ_VIL_0838,Flood,Bongaigaon,Silchar,Silcooria T.e.,26.47,90.56,1998-2023 (Cumulative Assessment),Very High,Inundation Frequency >14 Times (1998-2023),Village Hazard Zone,"Flood Hazard Zonation Atlas of Assam (1998-2023), NRSC/ISRO & ASDMA"
FHZ_VIL_0839,Flood,Bongaigaon,Silchar,Sildubi,26.47,90.56,1998-2023 (Cumulative Assessment),Very High,Inundation Frequency >14 Times (1998-2023),Village Hazard Zone,"Flood Hazard Zonation Atlas of Assam (1998-2023), NRSC/ISRO & ASDMA"
FHZ_VIL_0840,Flood,Bongaigaon,Silchar,Srikuna I,26.47,90.56,1998-2023 (Cumulative Assessment),Very High,Inundation Frequency >14 Times (1998-2023),Village Hazard Zone,"Flood Hazard Zonation Atlas of Assam (1998-2023), NRSC/ISRO & ASDMA"
FHZ_VIL_0841,Flood,Bongaigaon,Silchar,Srikuna T.e.,26.47,90.56,1998-2023 (Cumulative Assessment),Very High,Inundation Frequency >14 Times (1998-2023),Village Hazard Zone,"Flood Hazard Zonation Atlas of Assam (1998-2023), NRSC/ISRO & ASDMA"
FHZ_VIL_0842,Flood,Bongaigaon,Silchar,Tapang I,26.47,90.56,1998-2023 (Cumulative Assessment),Very High,Inundation Frequency >14 Times (1998-2023),Village Hazard Zone,"Flood Hazard Zonation Atlas of Assam (1998-2023), NRSC/ISRO & ASDMA"
FHZ_VIL_0843,Flood,Bongaigaon,Silchar,Tarutazabari I,26.47,90.56,1998-2023 (Cumulative Assessment),Very High,Inundation Frequency >14 Times (1998-2023),Village Hazard Zone,"Flood Hazard Zonation Atlas of Assam (1998-2023), NRSC/ISRO & ASDMA"
FHZ_VIL_0844,Flood,Bongaigaon,Silchar,Tarutazabari Ii,26.47,90.56,1998-2023 (Cumulative Assessment),Very High,Inundation Frequency >14 Times (1998-2023),Village Hazard Zone,"Flood Hazard Zonation Atlas of Assam (1998-2023), NRSC/ISRO & ASDMA"
FHZ_VIL_0845,Flood,Bongaigaon,Silchar,Badarpur Pt. I,26.47,90.56,1998-2023 (Cumulative Assessment),High,Inundation Frequency 11-14 Times (1998-2023),Village Hazard Zone,"Flood Hazard Zonation Atlas of Assam (1998-2023), NRSC/ISRO & ASDMA"
FHZ_VIL_0846,Flood,Bongaigaon,Silchar,Hatirhar Ii,26.47,90.56,1998-2023 (Cumulative Assessment),High,Inundation Frequency 11-14 Times (1998-2023),Village Hazard Zone,"Flood Hazard Zonation Atlas of Assam (1998-2023), NRSC/ISRO & ASDMA"
FHZ_VIL_0847,Flood,Bongaigaon,Silchar,Kalinagar Part Ii,26.47,90.56,1998-2023 (Cumulative Assessment),High,Inundation Frequency 11-14 Times (1998-2023),Village Hazard Zone,"Flood Hazard Zonation Atlas of Assam (1998-2023), NRSC/ISRO & ASDMA"
FHZ_VIL_0848,Flood,Bongaigaon,Silchar,Natun Dayapur,26.47,90.56,1998-2023 (Cumulative Assessment),High,Inundation Frequency 11-14 Times (1998-2023),Village Hazard Zone,"Flood Hazard Zonation Atlas of Assam (1998-2023), NRSC/ISRO & ASDMA"
FHZ_VIL_0849,Flood,Bongaigaon,Silchar,Ujangram,26.47,90.56,1998-2023 (Cumulative Assessment),High,Inundation Frequency 11-14 Times (1998-2023),Village Hazard Zone,"Flood Hazard Zonation Atlas of Assam (1998-2023), NRSC/ISRO & ASDMA"
FHZ_VIL_0850,Flood,Bongaigaon,Silchar,Ujangram,26.47,90.56,1998-2023 (Cumulative Assessment),High,Inundation Frequency 11-14 Times (1998-2023),Village Hazard Zone,"Flood Hazard Zonation Atlas of Assam (1998-2023), NRSC/ISRO & ASDMA"
FHZ_VIL_0851,Flood,Bongaigaon,Silchar,Baglaghat I,26.47,90.56,1998-2023 (Cumulative Assessment),Moderate,Inundation Frequency 7-10 Times (1998-2023),Village Hazard Zone,"Flood Hazard Zonation Atlas of Assam (1998-2023), NRSC/ISRO & ASDMA"
FHZ_VIL_0852,Flood,Bongaigaon,Silchar,Bararampur,26.47,90.56,1998-2023 (Cumulative Assessment),Moderate,Inundation Frequency 7-10 Times (1998-2023),Village Hazard Zone,"Flood Hazard Zonation Atlas of Assam (1998-2023), NRSC/ISRO & ASDMA"
FHZ_VIL_0853,Flood,Bongaigaon,Silchar,Bhairabnagar,26.47,90.56,1998-2023 (Cumulative Assessment),Moderate,Inundation Frequency 7-10 Times (1998-2023),Village Hazard Zone,"Flood Hazard Zonation Atlas of Assam (1998-2023), NRSC/ISRO & ASDMA"
FHZ_VIL_0854,Flood,Bongaigaon,Silchar,Chesri,26.47,90.56,1998-2023 (Cumulative Assessment),Moderate,Inundation Frequency 7-10 Times (1998-2023),Village Hazard Zone,"Flood Hazard Zonation Atlas of Assam (1998-2023), NRSC/ISRO & ASDMA"
FHZ_VIL_0855,Flood,Bongaigaon,Silchar,Chincooria Grant,26.47,90.56,1998-2023 (Cumulative Assessment),Moderate,Inundation Frequency 7-10 Times (1998-2023),Village Hazard Zone,"Flood Hazard Zonation Atlas of Assam (1998-2023), NRSC/ISRO & ASDMA"
FHZ_VIL_0856,Flood,Bongaigaon,Silchar,Dadisonapur,26.47,90.56,1998-2023 (Cumulative Assessment),Moderate,Inundation Frequency 7-10 Times (1998-2023),Village Hazard Zone,"Flood Hazard Zonation Atlas of Assam (1998-2023), NRSC/ISRO & ASDMA"
FHZ_VIL_0857,Flood,Bongaigaon,Silchar,Dudpatil Viii,26.47,90.56,1998-2023 (Cumulative Assessment),Moderate,Inundation Frequency 7-10 Times (1998-2023),Village Hazard Zone,"Flood Hazard Zonation Atlas of Assam (1998-2023), NRSC/ISRO & ASDMA"
FHZ_VIL_0858,Flood,Bongaigaon,Silchar,Ghagrapar I,26.47,90.56,1998-2023 (Cumulative Assessment),Moderate,Inundation Frequency 7-10 Times (1998-2023),Village Hazard Zone,"Flood Hazard Zonation Atlas of Assam (1998-2023), NRSC/ISRO & ASDMA"
FHZ_VIL_0859,Flood,Bongaigaon,Silchar,Ghagrapar Ii,26.47,90.56,1998-2023 (Cumulative Assessment),Moderate,Inundation Frequency 7-10 Times (1998-2023),Village Hazard Zone,"Flood Hazard Zonation Atlas of Assam (1998-2023), NRSC/ISRO & ASDMA"
FHZ_VIL_0860,Flood,Bongaigaon,Silchar,Kalinagar T.e.,26.47,90.56,1998-2023 (Cumulative Assessment),Moderate,Inundation Frequency 7-10 Times (1998-2023),Village Hazard Zone,"Flood Hazard Zonation Atlas of Assam (1998-2023), NRSC/ISRO & ASDMA"
FHZ_VIL_0861,Flood,Bongaigaon,Silchar,Kashipur I,26.47,90.56,1998-2023 (Cumulative Assessment),Moderate,Inundation Frequency 7-10 Times (1998-2023),Village Hazard Zone,"Flood Hazard Zonation Atlas of Assam (1998-2023), NRSC/ISRO & ASDMA"
FHZ_VIL_0862,Flood,Bongaigaon,Silchar,Krishnapur,26.47,90.56,1998-2023 (Cumulative Assessment),Moderate,Inundation Frequency 7-10 Times (1998-2023),Village Hazard Zone,"Flood Hazard Zonation Atlas of Assam (1998-2023), NRSC/ISRO & ASDMA"
FHZ_VIL_0863,Flood,Bongaigaon,Silchar,Machughat,26.47,90.56,1998-2023 (Cumulative Assessment),Moderate,Inundation Frequency 7-10 Times (1998-2023),Village Hazard Zone,"Flood Hazard Zonation Atlas of Assam (1998-2023), NRSC/ISRO & ASDMA"
FHZ_VIL_0864,Flood,Bongaigaon,Silchar,Mahadebpur,26.47,90.56,1998-2023 (Cumulative Assessment),Moderate,Inundation Frequency 7-10 Times (1998-2023),Village Hazard Zone,"Flood Hazard Zonation Atlas of Assam (1998-2023), NRSC/ISRO & ASDMA"
FHZ_VIL_0865,Flood,Bongaigaon,Silchar,Narsingpur I,26.47,90.56,1998-2023 (Cumulative Assessment),Moderate,Inundation Frequency 7-10 Times (1998-2023),Village Hazard Zone,"Flood Hazard Zonation Atlas of Assam (1998-2023), NRSC/ISRO & ASDMA"
FHZ_VIL_0866,Flood,Bongaigaon,Silchar,Niz Chatla Tarapur,26.47,90.56,1998-2023 (Cumulative Assessment),Moderate,Inundation Frequency 7-10 Times (1998-2023),Village Hazard Zone,"Flood Hazard Zonation Atlas of Assam (1998-2023), NRSC/ISRO & ASDMA"
FHZ_VIL_0867,Flood,Bongaigaon,Silchar,Peladhar,26.47,90.56,1998-2023 (Cumulative Assessment),Moderate,Inundation Frequency 7-10 Times (1998-2023),Village Hazard Zone,"Flood Hazard Zonation Atlas of Assam (1998-2023), NRSC/ISRO & ASDMA"
FHZ_VIL_0868,Flood,Bongaigaon,Silchar,Purandarpur,26.47,90.56,1998-2023 (Cumulative Assessment),Moderate,Inundation Frequency 7-10 Times (1998-2023),Village Hazard Zone,"Flood Hazard Zonation Atlas of Assam (1998-2023), NRSC/ISRO & ASDMA"
FHZ_VIL_0869,Flood,Bongaigaon,Silchar,Rakhalkhalarpar I,26.47,90.56,1998-2023 (Cumulative Assessment),Moderate,Inundation Frequency 7-10 Times (1998-2023),Village Hazard Zone,"Flood Hazard Zonation Atlas of Assam (1998-2023), NRSC/ISRO & ASDMA"
FHZ_VIL_0870,Flood,Bongaigaon,Silchar,Salchapara I,26.47,90.56,1998-2023 (Cumulative Assessment),Moderate,Inundation Frequency 7-10 Times (1998-2023),Village Hazard Zone,"Flood Hazard Zonation Atlas of Assam (1998-2023), NRSC/ISRO & ASDMA"
FHZ_VIL_0871,Flood,Bongaigaon,Silchar,Sarail,26.47,90.56,1998-2023 (Cumulative Assessment),Moderate,Inundation Frequency 7-10 Times (1998-2023),Village Hazard Zone,"Flood Hazard Zonation Atlas of Assam (1998-2023), NRSC/ISRO & ASDMA"
FHZ_VIL_0872,Flood,Bongaigaon,Silchar,Shridharpur,26.47,90.56,1998-2023 (Cumulative Assessment),Moderate,Inundation Frequency 7-10 Times (1998-2023),Village Hazard Zone,"Flood Hazard Zonation Atlas of Assam (1998-2023), NRSC/ISRO & ASDMA"
FHZ_VIL_0873,Flood,Bongaigaon,Silchar,Srikuna Ii,26.47,90.56,1998-2023 (Cumulative Assessment),Moderate,Inundation Frequency 7-10 Times (1998-2023),Village Hazard Zone,"Flood Hazard Zonation Atlas of Assam (1998-2023), NRSC/ISRO & ASDMA"
FHZ_VIL_0874,Flood,Bongaigaon,Silchar,Srikuna Iii,26.47,90.56,1998-2023 (Cumulative Assessment),Moderate,Inundation Frequency 7-10 Times (1998-2023),Village Hazard Zone,"Flood Hazard Zonation Atlas of Assam (1998-2023), NRSC/ISRO & ASDMA"
FHZ_VIL_0875,Flood,Bongaigaon,Silchar,Tupkhana I,26.47,90.56,1998-2023 (Cumulative Assessment),Moderate,Inundation Frequency 7-10 Times (1998-2023),Village Hazard Zone,"Flood Hazard Zonation Atlas of Assam (1998-2023), NRSC/ISRO & ASDMA"
FHZ_VIL_0876,Flood,Bongaigaon,Sonai,Algapur I,26.47,90.56,1998-2023 (Cumulative Assessment),Very High,Inundation Frequency >14 Times (1998-2023),Village Hazard Zone,"Flood Hazard Zonation Atlas of Assam (1998-2023), NRSC/ISRO & ASDMA"
FHZ_VIL_0877,Flood,Bongaigaon,Sonai,Algapur Ii,26.47,90.56,1998-2023 (Cumulative Assessment),Very High,Inundation Frequency >14 Times (1998-2023),Village Hazard Zone,"Flood Hazard Zonation Atlas of Assam (1998-2023), NRSC/ISRO & ASDMA"
FHZ_VIL_0878,Flood,Bongaigaon,Sonai,Badripar Iii,26.47,90.56,1998-2023 (Cumulative Assessment),Very High,Inundation Frequency >14 Times (1998-2023),Village Hazard Zone,"Flood Hazard Zonation Atlas of Assam (1998-2023), NRSC/ISRO & ASDMA"
FHZ_VIL_0879,Flood,Bongaigaon,Sonai,Badripar V,26.47,90.56,1998-2023 (Cumulative Assessment),Very High,Inundation Frequency >14 Times (1998-2023),Village Hazard Zone,"Flood Hazard Zonation Atlas of Assam (1998-2023), NRSC/ISRO & ASDMA"
FHZ_VIL_0880,Flood,Bongaigaon,Sonai,Bagpur Iii,26.47,90.56,1998-2023 (Cumulative Assessment),Very High,Inundation Frequency >14 Times (1998-2023),Village Hazard Zone,"Flood Hazard Zonation Atlas of Assam (1998-2023), NRSC/ISRO & ASDMA"
FHZ_VIL_0881,Flood,Bongaigaon,Sonai,Balicherri F.v.,26.47,90.56,1998-2023 (Cumulative Assessment),Very High,Inundation Frequency >14 Times (1998-2023),Village Hazard Zone,"Flood Hazard Zonation Atlas of Assam (1998-2023), NRSC/ISRO & ASDMA"
FHZ_VIL_0882,Flood,Bongaigaon,Sonai,Bariknagar T.e.,26.47,90.56,1998-2023 (Cumulative Assessment),Very High,Inundation Frequency >14 Times (1998-2023),Village Hazard Zone,"Flood Hazard Zonation Atlas of Assam (1998-2023), NRSC/ISRO & ASDMA"
FHZ_VIL_0883,Flood,Bongaigaon,Sonai,Baurikandi I,26.47,90.56,1998-2023 (Cumulative Assessment),Very High,Inundation Frequency >14 Times (1998-2023),Village Hazard Zone,"Flood Hazard Zonation Atlas of Assam (1998-2023), NRSC/ISRO & ASDMA"
FHZ_VIL_0884,Flood,Bongaigaon,Sonai,Berabak Ii,26.47,90.56,1998-2023 (Cumulative Assessment),Very High,Inundation Frequency >14 Times (1998-2023),Village Hazard Zone,"Flood Hazard Zonation Atlas of Assam (1998-2023), NRSC/ISRO & ASDMA"
FHZ_VIL_0885,Flood,Bongaigaon,Sonai,Boalihowor,26.47,90.56,1998-2023 (Cumulative Assessment),Very High,Inundation Frequency >14 Times (1998-2023),Village Hazard Zone,"Flood Hazard Zonation Atlas of Assam (1998-2023), NRSC/ISRO & ASDMA"
FHZ_VIL_0886,Flood,Bongaigaon,Sonai,Dakhin Mohanpur Ii,26.47,90.56,1998-2023 (Cumulative Assessment),Very High,Inundation Frequency >14 Times (1998-2023),Village Hazard Zone,"Flood Hazard Zonation Atlas of Assam (1998-2023), NRSC/ISRO & ASDMA"
FHZ_VIL_0887,Flood,Bongaigaon,Sonai,Dakhin Mohanpur Iv,26.47,90.56,1998-2023 (Cumulative Assessment),Very High,Inundation Frequency >14 Times (1998-2023),Village Hazard Zone,"Flood Hazard Zonation Atlas of Assam (1998-2023), NRSC/ISRO & ASDMA"
FHZ_VIL_0888,Flood,Bongaigaon,Sonai,Dakhin Mohanpur Ix,26.47,90.56,1998-2023 (Cumulative Assessment),Very High,Inundation Frequency >14 Times (1998-2023),Village Hazard Zone,"Flood Hazard Zonation Atlas of Assam (1998-2023), NRSC/ISRO & ASDMA"
FHZ_VIL_0889,Flood,Bongaigaon,Sonai,Dakhin Mohanpur Vii,26.47,90.56,1998-2023 (Cumulative Assessment),Very High,Inundation Frequency >14 Times (1998-2023),Village Hazard Zone,"Flood Hazard Zonation Atlas of Assam (1998-2023), NRSC/ISRO & ASDMA"
FHZ_VIL_0890,Flood,Bongaigaon,Sonai,Dakhin Mohanpur Viii,26.47,90.56,1998-2023 (Cumulative Assessment),Very High,Inundation Frequency >14 Times (1998-2023),Village Hazard Zone,"Flood Hazard Zonation Atlas of Assam (1998-2023), NRSC/ISRO & ASDMA"
FHZ_VIL_0891,Flood,Bongaigaon,Sonai,Dakhin Mohanpur X,26.47,90.56,1998-2023 (Cumulative Assessment),Very High,Inundation Frequency >14 Times (1998-2023),Village Hazard Zone,"Flood Hazard Zonation Atlas of Assam (1998-2023), NRSC/ISRO & ASDMA"
FHZ_VIL_0892,Flood,Bongaigaon,Sonai,Dakhin Mohanpur Xi,26.47,90.56,1998-2023 (Cumulative Assessment),Very High,Inundation Frequency >14 Times (1998-2023),Village Hazard Zone,"Flood Hazard Zonation Atlas of Assam (1998-2023), NRSC/ISRO & ASDMA"
FHZ_VIL_0893,Flood,Bongaigaon,Sonai,Dhanipur,26.47,90.56,1998-2023 (Cumulative Assessment),Very High,Inundation Frequency >14 Times (1998-2023),Village Hazard Zone,"Flood Hazard Zonation Atlas of Assam (1998-2023), NRSC/ISRO & ASDMA"
FHZ_VIL_0894,Flood,Bongaigaon,Sonai,Didarkush I,26.47,90.56,1998-2023 (Cumulative Assessment),Very High,Inundation Frequency >14 Times (1998-2023),Village Hazard Zone,"Flood Hazard Zonation Atlas of Assam (1998-2023), NRSC/ISRO & ASDMA"
FHZ_VIL_0895,Flood,Bongaigaon,Sonai,Didarkush Ii,26.47,90.56,1998-2023 (Cumulative Assessment),Very High,Inundation Frequency >14 Times (1998-2023),Village Hazard Zone,"Flood Hazard Zonation Atlas of Assam (1998-2023), NRSC/ISRO & ASDMA"
FHZ_VIL_0896,Flood,Bongaigaon,Sonai,Durgapur,26.47,90.56,1998-2023 (Cumulative Assessment),Very High,Inundation Frequency >14 Times (1998-2023),Village Hazard Zone,"Flood Hazard Zonation Atlas of Assam (1998-2023), NRSC/ISRO & ASDMA"
FHZ_VIL_0897,Flood,Bongaigaon,Sonai,Gobinda Nagar,26.47,90.56,1998-2023 (Cumulative Assessment),Very High,Inundation Frequency >14 Times (1998-2023),Village Hazard Zone,"Flood Hazard Zonation Atlas of Assam (1998-2023), NRSC/ISRO & ASDMA"
FHZ_VIL_0898,Flood,Bongaigaon,Sonai,Gobindapur I,26.47,90.56,1998-2023 (Cumulative Assessment),Very High,Inundation Frequency >14 Times (1998-2023),Village Hazard Zone,"Flood Hazard Zonation Atlas of Assam (1998-2023), NRSC/ISRO & ASDMA"
FHZ_VIL_0899,Flood,Bongaigaon,Sonai,Gobindapur Ii,26.47,90.56,1998-2023 (Cumulative Assessment),Very High,Inundation Frequency >14 Times (1998-2023),Village Hazard Zone,"Flood Hazard Zonation Atlas of Assam (1998-2023), NRSC/ISRO & ASDMA"
FHZ_VIL_0900,Flood,Bongaigaon,Sonai,Gobindapur Iii,26.47,90.56,1998-2023 (Cumulative Assessment),Very High,Inundation Frequency >14 Times (1998-2023),Village Hazard Zone,"Flood Hazard Zonation Atlas of Assam (1998-2023), NRSC/ISRO & ASDMA"
FHZ_VIL_0901,Flood,Bongaigaon,Sonai,Kachudaram Pt. Ii,26.47,90.56,1998-2023 (Cumulative Assessment),Very High,Inundation Frequency >14 Times (1998-2023),Village Hazard Zone,"Flood Hazard Zonation Atlas of Assam (1998-2023), NRSC/ISRO & ASDMA"
FHZ_VIL_0902,Flood,Bongaigaon,Sonai,Kachudaram Pt. Iii,26.47,90.56,1998-2023 (Cumulative Assessment),Very High,Inundation Frequency >14 Times (1998-2023),Village Hazard Zone,"Flood Hazard Zonation Atlas of Assam (1998-2023), NRSC/ISRO & ASDMA"
FHZ_VIL_0903,Flood,Bongaigaon,Sonai,Kajidahar I,26.47,90.56,1998-2023 (Cumulative Assessment),Very High,Inundation Frequency >14 Times (1998-2023),Village Hazard Zone,"Flood Hazard Zonation Atlas of Assam (1998-2023), NRSC/ISRO & ASDMA"
FHZ_VIL_0904,Flood,Bongaigaon,Sonai,Kaptanpur Xiii,26.47,90.56,1998-2023 (Cumulative Assessment),Very High,Inundation Frequency >14 Times (1998-2023),Village Hazard Zone,"Flood Hazard Zonation Atlas of Assam (1998-2023), NRSC/ISRO & ASDMA"
FHZ_VIL_0905,Flood,Bongaigaon,Sonai,Kaptanpur Xiv,26.47,90.56,1998-2023 (Cumulative Assessment),Very High,Inundation Frequency >14 Times (1998-2023),Village Hazard Zone,"Flood Hazard Zonation Atlas of Assam (1998-2023), NRSC/ISRO & ASDMA"
FHZ_VIL_0906,Flood,Bongaigaon,Sonai,Kaptanpur Xv,26.47,90.56,1998-2023 (Cumulative Assessment),Very High,Inundation Frequency >14 Times (1998-2023),Village Hazard Zone,"Flood Hazard Zonation Atlas of Assam (1998-2023), NRSC/ISRO & ASDMA"
FHZ_VIL_0907,Flood,Bongaigaon,Sonai,Kaptanpur Xvi,26.47,90.56,1998-2023 (Cumulative Assessment),Very High,Inundation Frequency >14 Times (1998-2023),Village Hazard Zone,"Flood Hazard Zonation Atlas of Assam (1998-2023), NRSC/ISRO & ASDMA"
FHZ_VIL_0908,Flood,Bongaigaon,Sonai,Malugram,26.47,90.56,1998-2023 (Cumulative Assessment),Very High,Inundation Frequency >14 Times (1998-2023),Village Hazard Zone,"Flood Hazard Zonation Atlas of Assam (1998-2023), NRSC/ISRO & ASDMA"
FHZ_VIL_0909,Flood,Bongaigaon,Sonai,Nagadirgram Ii,26.47,90.56,1998-2023 (Cumulative Assessment),Very High,Inundation Frequency >14 Times (1998-2023),Village Hazard Zone,"Flood Hazard Zonation Atlas of Assam (1998-2023), NRSC/ISRO & ASDMA"
FHZ_VIL_0910,Flood,Bongaigaon,Sonai,Nagadirgram Iii,26.47,90.56,1998-2023 (Cumulative Assessment),Very High,Inundation Frequency >14 Times (1998-2023),Village Hazard Zone,"Flood Hazard Zonation Atlas of Assam (1998-2023), NRSC/ISRO & ASDMA"
FHZ_VIL_0911,Flood,Bongaigaon,Sonai,Narsingpur Ii,26.47,90.56,1998-2023 (Cumulative Assessment),Very High,Inundation Frequency >14 Times (1998-2023),Village Hazard Zone,"Flood Hazard Zonation Atlas of Assam (1998-2023), NRSC/ISRO & ASDMA"
FHZ_VIL_0912,Flood,Bongaigaon,Sonai,Nutan Kanchanpur,26.47,90.56,1998-2023 (Cumulative Assessment),Very High,Inundation Frequency >14 Times (1998-2023),Village Hazard Zone,"Flood Hazard Zonation Atlas of Assam (1998-2023), NRSC/ISRO & ASDMA"
FHZ_VIL_0913,Flood,Bongaigaon,Sonai,Nutan Ramnagar I,26.47,90.56,1998-2023 (Cumulative Assessment),Very High,Inundation Frequency >14 Times (1998-2023),Village Hazard Zone,"Flood Hazard Zonation Atlas of Assam (1998-2023), NRSC/ISRO & ASDMA"
FHZ_VIL_0914,Flood,Bongaigaon,Sonai,Nutan Ramnagar Ii,26.47,90.56,1998-2023 (Cumulative Assessment),Very High,Inundation Frequency >14 Times (1998-2023),Village Hazard Zone,"Flood Hazard Zonation Atlas of Assam (1998-2023), NRSC/ISRO & ASDMA"
FHZ_VIL_0915,Flood,Bongaigaon,Sonai,Nutan Ramnagar V,26.47,90.56,1998-2023 (Cumulative Assessment),Very High,Inundation Frequency >14 Times (1998-2023),Village Hazard Zone,"Flood Hazard Zonation Atlas of Assam (1998-2023), NRSC/ISRO & ASDMA"
FHZ_VIL_0916,Flood,Bongaigaon,Sonai,Punimukh,26.47,90.56,1998-2023 (Cumulative Assessment),Very High,Inundation Frequency >14 Times (1998-2023),Village Hazard Zone,"Flood Hazard Zonation Atlas of Assam (1998-2023), NRSC/ISRO & ASDMA"
FHZ_VIL_0917,Flood,Bongaigaon,Sonai,Rangirghat Ii,26.47,90.56,1998-2023 (Cumulative Assessment),Very High,Inundation Frequency >14 Times (1998-2023),Village Hazard Zone,"Flood Hazard Zonation Atlas of Assam (1998-2023), NRSC/ISRO & ASDMA"
FHZ_VIL_0918,Flood,Bongaigaon,Sonai,Rangirghat Iii,26.47,90.56,1998-2023 (Cumulative Assessment),Very High,Inundation Frequency >14 Times (1998-2023),Village Hazard Zone,"Flood Hazard Zonation Atlas of Assam (1998-2023), NRSC/ISRO & ASDMA"
FHZ_VIL_0919,Flood,Bongaigaon,Sonai,Rukni Iii,26.47,90.56,1998-2023 (Cumulative Assessment),Very High,Inundation Frequency >14 Times (1998-2023),Village Hazard Zone,"Flood Hazard Zonation Atlas of Assam (1998-2023), NRSC/ISRO & ASDMA"
FHZ_VIL_0920,Flood,Bongaigaon,Sonai,Saidpur Iii,26.47,90.56,1998-2023 (Cumulative Assessment),Very High,Inundation Frequency >14 Times (1998-2023),Village Hazard Zone,"Flood Hazard Zonation Atlas of Assam (1998-2023), NRSC/ISRO & ASDMA"
FHZ_VIL_0921,Flood,Bongaigaon,Sonai,Berabak I,26.47,90.56,1998-2023 (Cumulative Assessment),High,Inundation Frequency 11-14 Times (1998-2023),Village Hazard Zone,"Flood Hazard Zonation Atlas of Assam (1998-2023), NRSC/ISRO & ASDMA"
FHZ_VIL_0922,Flood,Bongaigaon,Sonai,Kachudaram Pt. I,26.47,90.56,1998-2023 (Cumulative Assessment),High,Inundation Frequency 11-14 Times (1998-2023),Village Hazard Zone,"Flood Hazard Zonation Atlas of Assam (1998-2023), NRSC/ISRO & ASDMA"
FHZ_VIL_0923,Flood,Cachar,Sonai,Kajidahar Ii,24.83,92.79,1998-2023 (Cumulative Assessment),High,Inundation Frequency 11-14 Times (1998-2023),Village Hazard Zone,"Flood Hazard Zonation Atlas of Assam (1998-2023), NRSC/ISRO & ASDMA"
FHZ_VIL_0924,Flood,Cachar,Sonai,Mohadebpur,24.83,92.79,1998-2023 (Cumulative Assessment),High,Inundation Frequency 11-14 Times (1998-2023),Village Hazard Zone,"Flood Hazard Zonation Atlas of Assam (1998-2023), NRSC/ISRO & ASDMA"
FHZ_VIL_0925,Flood,Cachar,Sonai,Niz Banskandi Pt. Ii,24.83,92.79,1998-2023 (Cumulative Assessment),High,Inundation Frequency 11-14 Times (1998-2023),Village Hazard Zone,"Flood Hazard Zonation Atlas of Assam (1998-2023), NRSC/ISRO & ASDMA"
FHZ_VIL_0926,Flood,Cachar,Sonai,Niz Banskandi Pt. Iii,24.83,92.79,1998-2023 (Cumulative Assessment),High,Inundation Frequency 11-14 Times (1998-2023),Village Hazard Zone,"Flood Hazard Zonation Atlas of Assam (1998-2023), NRSC/ISRO & ASDMA"
FHZ_VIL_0927,Flood,Cachar,Sonai,Sapatgram,24.83,92.79,1998-2023 (Cumulative Assessment),High,Inundation Frequency 11-14 Times (1998-2023),Village Hazard Zone,"Flood Hazard Zonation Atlas of Assam (1998-2023), NRSC/ISRO & ASDMA"
FHZ_VIL_0928,Flood,Cachar,Sonai,Satkarakandi Ii,24.83,92.79,1998-2023 (Cumulative Assessment),High,Inundation Frequency 11-14 Times (1998-2023),Village Hazard Zone,"Flood Hazard Zonation Atlas of Assam (1998-2023), NRSC/ISRO & ASDMA"
FHZ_VIL_0929,Flood,Cachar,Sonai,Thankim Nagar Iii,24.83,92.79,1998-2023 (Cumulative Assessment),High,Inundation Frequency 11-14 Times (1998-2023),Village Hazard Zone,"Flood Hazard Zonation Atlas of Assam (1998-2023), NRSC/ISRO & ASDMA"
FHZ_VIL_0930,Flood,Cachar,Sonai,Arjanpur,24.83,92.79,1998-2023 (Cumulative Assessment),Moderate,Inundation Frequency 7-10 Times (1998-2023),Village Hazard Zone,"Flood Hazard Zonation Atlas of Assam (1998-2023), NRSC/ISRO & ASDMA"
FHZ_VIL_0931,Flood,Cachar,Sonai,Berabak Iii,24.83,92.79,1998-2023 (Cumulative Assessment),Moderate,Inundation Frequency 7-10 Times (1998-2023),Village Hazard Zone,"Flood Hazard Zonation Atlas of Assam (1998-2023), NRSC/ISRO & ASDMA"
FHZ_VIL_0932,Flood,Cachar,Sonai,Bidruhipar,24.83,92.79,1998-2023 (Cumulative Assessment),Moderate,Inundation Frequency 7-10 Times (1998-2023),Village Hazard Zone,"Flood Hazard Zonation Atlas of Assam (1998-2023), NRSC/ISRO & ASDMA"
FHZ_VIL_0933,Flood,Cachar,Sonai,Dakhin Mohanpur V,24.83,92.79,1998-2023 (Cumulative Assessment),Moderate,Inundation Frequency 7-10 Times (1998-2023),Village Hazard Zone,"Flood Hazard Zonation Atlas of Assam (1998-2023), NRSC/ISRO & ASDMA"
FHZ_VIL_0934,Flood,Cachar,Sonai,Dhanehari I,24.83,92.79,1998-2023 (Cumulative Assessment),Moderate,Inundation Frequency 7-10 Times (1998-2023),Village Hazard Zone,"Flood Hazard Zonation Atlas of Assam (1998-2023), NRSC/ISRO & ASDMA"
FHZ_VIL_0935,Flood,Cachar,Sonai,Dhanehari Iii,24.83,92.79,1998-2023 (Cumulative Assessment),Moderate,Inundation Frequency 7-10 Times (1998-2023),Village Hazard Zone,"Flood Hazard Zonation Atlas of Assam (1998-2023), NRSC/ISRO & ASDMA"
FHZ_VIL_0936,Flood,Cachar,Sonai,Didarkosh Grant,24.83,92.79,1998-2023 (Cumulative Assessment),Moderate,Inundation Frequency 7-10 Times (1998-2023),Village Hazard Zone,"Flood Hazard Zonation Atlas of Assam (1998-2023), NRSC/ISRO & ASDMA"
FHZ_VIL_0937,Flood,Cachar,Sonai,Ganga Nagar Iii,24.83,92.79,1998-2023 (Cumulative Assessment),Moderate,Inundation Frequency 7-10 Times (1998-2023),Village Hazard Zone,"Flood Hazard Zonation Atlas of Assam (1998-2023), NRSC/ISRO & ASDMA"
FHZ_VIL_0938,Flood,Cachar,Sonai,Kachudaram Pt. Iv,24.83,92.79,1998-2023 (Cumulative Assessment),Moderate,Inundation Frequency 7-10 Times (1998-2023),Village Hazard Zone,"Flood Hazard Zonation Atlas of Assam (1998-2023), NRSC/ISRO & ASDMA"
FHZ_VIL_0939,Flood,Cachar,Sonai,Kaptanpur I,24.83,92.79,1998-2023 (Cumulative Assessment),Moderate,Inundation Frequency 7-10 Times (1998-2023),Village Hazard Zone,"Flood Hazard Zonation Atlas of Assam (1998-2023), NRSC/ISRO & ASDMA"
FHZ_VIL_0940,Flood,Cachar,Sonai,Kaptanpur Ii,24.83,92.79,1998-2023 (Cumulative Assessment),Moderate,Inundation Frequency 7-10 Times (1998-2023),Village Hazard Zone,"Flood Hazard Zonation Atlas of Assam (1998-2023), NRSC/ISRO & ASDMA"
FHZ_VIL_0941,Flood,Cachar,Sonai,Kaptanpur Xvii,24.83,92.79,1998-2023 (Cumulative Assessment),Moderate,Inundation Frequency 7-10 Times (1998-2023),Village Hazard Zone,"Flood Hazard Zonation Atlas of Assam (1998-2023), NRSC/ISRO & ASDMA"
FHZ_VIL_0942,Flood,Cachar,Sonai,Kaptanpur Xviii,24.83,92.79,1998-2023 (Cumulative Assessment),Moderate,Inundation Frequency 7-10 Times (1998-2023),Village Hazard Zone,"Flood Hazard Zonation Atlas of Assam (1998-2023), NRSC/ISRO & ASDMA"
FHZ_VIL_0943,Flood,Cachar,Sonai,Narsingpur Iv,24.83,92.79,1998-2023 (Cumulative Assessment),Moderate,Inundation Frequency 7-10 Times (1998-2023),Village Hazard Zone,"Flood Hazard Zonation Atlas of Assam (1998-2023), NRSC/ISRO & ASDMA"
FHZ_VIL_0944,Flood,Cachar,Sonai,Nayagram,24.83,92.79,1998-2023 (Cumulative Assessment),Moderate,Inundation Frequency 7-10 Times (1998-2023),Village Hazard Zone,"Flood Hazard Zonation Atlas of Assam (1998-2023), NRSC/ISRO & ASDMA"
FHZ_VIL_0945,Flood,Cachar,Sonai,Near Gram I,24.83,92.79,1998-2023 (Cumulative Assessment),Moderate,Inundation Frequency 7-10 Times (1998-2023),Village Hazard Zone,"Flood Hazard Zonation Atlas of Assam (1998-2023), NRSC/ISRO & ASDMA"
FHZ_VIL_0946,Flood,Cachar,Sonai,Near Gram Ii,24.83,92.79,1998-2023 (Cumulative Assessment),Moderate,Inundation Frequency 7-10 Times (1998-2023),Village Hazard Zone,"Flood Hazard Zonation Atlas of Assam (1998-2023), NRSC/ISRO & ASDMA"
FHZ_VIL_0947,Flood,Cachar,Sonai,Niz Rupai Bali,24.83,92.79,1998-2023 (Cumulative Assessment),Moderate,Inundation Frequency 7-10 Times (1998-2023),Village Hazard Zone,"Flood Hazard Zonation Atlas of Assam (1998-2023), NRSC/ISRO & ASDMA"
FHZ_VIL_0948,Flood,Cachar,Sonai,Nutan Ramnagar Iii,24.83,92.79,1998-2023 (Cumulative Assessment),Moderate,Inundation Frequency 7-10 Times (1998-2023),Village Hazard Zone,"Flood Hazard Zonation Atlas of Assam (1998-2023), NRSC/ISRO & ASDMA"
FHZ_VIL_0949,Flood,Cachar,Sonai,Rangirghat I,24.83,92.79,1998-2023 (Cumulative Assessment),Moderate,Inundation Frequency 7-10 Times (1998-2023),Village Hazard Zone,"Flood Hazard Zonation Atlas of Assam (1998-2023), NRSC/ISRO & ASDMA"
FHZ_VIL_0950,Flood,Cachar,Sonai,Rukni Ii,24.83,92.79,1998-2023 (Cumulative Assessment),Moderate,Inundation Frequency 7-10 Times (1998-2023),Village Hazard Zone,"Flood Hazard Zonation Atlas of Assam (1998-2023), NRSC/ISRO & ASDMA"
FHZ_VIL_0951,Flood,Cachar,Sonai,Singerbond Pt. I,24.83,92.79,1998-2023 (Cumulative Assessment),Moderate,Inundation Frequency 7-10 Times (1998-2023),Village Hazard Zone,"Flood Hazard Zonation Atlas of Assam (1998-2023), NRSC/ISRO & ASDMA"
FHZ_VIL_0952,Flood,Cachar,Udarbond,Dayapur Part Iv,24.83,92.79,1998-2023 (Cumulative Assessment),Very High,Inundation Frequency >14 Times (1998-2023),Village Hazard Zone,"Flood Hazard Zonation Atlas of Assam (1998-2023), NRSC/ISRO & ASDMA"
FHZ_VIL_0953,Flood,Cachar,Udarbond,Durganagar Part Iii,24.83,92.79,1998-2023 (Cumulative Assessment),Very High,Inundation Frequency >14 Times (1998-2023),Village Hazard Zone,"Flood Hazard Zonation Atlas of Assam (1998-2023), NRSC/ISRO & ASDMA"
FHZ_VIL_0954,Flood,Cachar,Udarbond,Durganagar Part Iv,24.83,92.79,1998-2023 (Cumulative Assessment),Very High,Inundation Frequency >14 Times (1998-2023),Village Hazard Zone,"Flood Hazard Zonation Atlas of Assam (1998-2023), NRSC/ISRO & ASDMA"
FHZ_VIL_0955,Flood,Cachar,Udarbond,Durganagar Part Vii,24.83,92.79,1998-2023 (Cumulative Assessment),Very High,Inundation Frequency >14 Times (1998-2023),Village Hazard Zone,"Flood Hazard Zonation Atlas of Assam (1998-2023), NRSC/ISRO & ASDMA"
FHZ_VIL_0956,Flood,Cachar,Udarbond,Gossaipur Part I,24.83,92.79,1998-2023 (Cumulative Assessment),Very High,Inundation Frequency >14 Times (1998-2023),Village Hazard Zone,"Flood Hazard Zonation Atlas of Assam (1998-2023), NRSC/ISRO & ASDMA"
FHZ_VIL_0957,Flood,Cachar,Udarbond,Gossaipur Part Iii,24.83,92.79,1998-2023 (Cumulative Assessment),Very High,Inundation Frequency >14 Times (1998-2023),Village Hazard Zone,"Flood Hazard Zonation Atlas of Assam (1998-2023), NRSC/ISRO & ASDMA"
FHZ_VIL_0958,Flood,Cachar,Udarbond,Gossaipur Part Ii,24.83,92.79,1998-2023 (Cumulative Assessment),Moderate,Inundation Frequency 7-10 Times (1998-2023),Village Hazard Zone,"Flood Hazard Zonation Atlas of Assam (1998-2023), NRSC/ISRO & ASDMA"
FHZ_VIL_0959,Flood,Cachar,Udarbond,Nayagram,24.83,92.79,1998-2023 (Cumulative Assessment),Moderate,Inundation Frequency 7-10 Times (1998-2023),Village Hazard Zone,"Flood Hazard Zonation Atlas of Assam (1998-2023), NRSC/ISRO & ASDMA"
FHZ_VIL_0960,Flood,Charaideo,Mahmora,Dakhin Barpathar,27.02,94.97,1998-2023 (Cumulative Assessment),Very High,Inundation Frequency >14 Times (1998-2023),Village Hazard Zone,"Flood Hazard Zonation Atlas of Assam (1998-2023), NRSC/ISRO & ASDMA"
FHZ_VIL_0961,Flood,Charaideo,Mahmora,Khargharia Deodhar,27.02,94.97,1998-2023 (Cumulative Assessment),Very High,Inundation Frequency >14 Times (1998-2023),Village Hazard Zone,"Flood Hazard Zonation Atlas of Assam (1998-2023), NRSC/ISRO & ASDMA"
FHZ_VIL_0962,Flood,Charaideo,Mahmora,Moranjan,27.02,94.97,1998-2023 (Cumulative Assessment),Very High,Inundation Frequency >14 Times (1998-2023),Village Hazard Zone,"Flood Hazard Zonation Atlas of Assam (1998-2023), NRSC/ISRO & ASDMA"
FHZ_VIL_0963,Flood,Charaideo,Mahmora,Moudumuni,27.02,94.97,1998-2023 (Cumulative Assessment),Very High,Inundation Frequency >14 Times (1998-2023),Village Hazard Zone,"Flood Hazard Zonation Atlas of Assam (1998-2023), NRSC/ISRO & ASDMA"
FHZ_VIL_0964,Flood,Charaideo,Mahmora,Torani F.v.,27.02,94.97,1998-2023 (Cumulative Assessment),High,Inundation Frequency 11-14 Times (1998-2023),Village Hazard Zone,"Flood Hazard Zonation Atlas of Assam (1998-2023), NRSC/ISRO & ASDMA"
FHZ_VIL_0965,Flood,Charaideo,Mahmora,Barpathar Gaon,27.02,94.97,1998-2023 (Cumulative Assessment),Moderate,Inundation Frequency 7-10 Times (1998-2023),Village Hazard Zone,"Flood Hazard Zonation Atlas of Assam (1998-2023), NRSC/ISRO & ASDMA"
FHZ_VIL_0966,Flood,Charaideo,Mahmora,Buragohainbari,27.02,94.97,1998-2023 (Cumulative Assessment),Moderate,Inundation Frequency 7-10 Times (1998-2023),Village Hazard Zone,"Flood Hazard Zonation Atlas of Assam (1998-2023), NRSC/ISRO & ASDMA"
FHZ_VIL_0967,Flood,Charaideo,Mahmora,Daba Grant,27.02,94.97,1998-2023 (Cumulative Assessment),Moderate,Inundation Frequency 7-10 Times (1998-2023),Village Hazard Zone,"Flood Hazard Zonation Atlas of Assam (1998-2023), NRSC/ISRO & ASDMA"
FHZ_VIL_0968,Flood,Charaideo,Mahmora,Garakochhabi,27.02,94.97,1998-2023 (Cumulative Assessment),Moderate,Inundation Frequency 7-10 Times (1998-2023),Village Hazard Zone,"Flood Hazard Zonation Atlas of Assam (1998-2023), NRSC/ISRO & ASDMA"
FHZ_VIL_0969,Flood,Charaideo,Mahmora,Hatibarua,27.02,94.97,1998-2023 (Cumulative Assessment),Moderate,Inundation Frequency 7-10 Times (1998-2023),Village Hazard Zone,"Flood Hazard Zonation Atlas of Assam (1998-2023), NRSC/ISRO & ASDMA"
FHZ_VIL_0970,Flood,Charaideo,Mahmora,Hatimara Pathar,27.02,94.97,1998-2023 (Cumulative Assessment),Moderate,Inundation Frequency 7-10 Times (1998-2023),Village Hazard Zone,"Flood Hazard Zonation Atlas of Assam (1998-2023), NRSC/ISRO & ASDMA"
FHZ_VIL_0971,Flood,Charaideo,Mahmora,Jajali Gaon,27.02,94.97,1998-2023 (Cumulative Assessment),Moderate,Inundation Frequency 7-10 Times (1998-2023),Village Hazard Zone,"Flood Hazard Zonation Atlas of Assam (1998-2023), NRSC/ISRO & ASDMA"
FHZ_VIL_0972,Flood,Charaideo,Mahmora,Jajalihabi,27.02,94.97,1998-2023 (Cumulative Assessment),Moderate,Inundation Frequency 7-10 Times (1998-2023),Village Hazard Zone,"Flood Hazard Zonation Atlas of Assam (1998-2023), NRSC/ISRO & ASDMA"
FHZ_VIL_0973,Flood,Charaideo,Mahmora,Kacharibam Pathar,27.02,94.97,1998-2023 (Cumulative Assessment),Moderate,Inundation Frequency 7-10 Times (1998-2023),Village Hazard Zone,"Flood Hazard Zonation Atlas of Assam (1998-2023), NRSC/ISRO & ASDMA"
FHZ_VIL_0974,Flood,Charaideo,Mahmora,Kakatybari Habi,27.02,94.97,1998-2023 (Cumulative Assessment),Moderate,Inundation Frequency 7-10 Times (1998-2023),Village Hazard Zone,"Flood Hazard Zonation Atlas of Assam (1998-2023), NRSC/ISRO & ASDMA"
FHZ_VIL_0975,Flood,Charaideo,Mahmora,Pahuchungi Gaon,27.02,94.97,1998-2023 (Cumulative Assessment),Moderate,Inundation Frequency 7-10 Times (1998-2023),Village Hazard Zone,"Flood Hazard Zonation Atlas of Assam (1998-2023), NRSC/ISRO & ASDMA"
FHZ_VIL_0976,Flood,Charaideo,Mahmora,Rangsual Pathar,27.02,94.97,1998-2023 (Cumulative Assessment),Moderate,Inundation Frequency 7-10 Times (1998-2023),Village Hazard Zone,"Flood Hazard Zonation Atlas of Assam (1998-2023), NRSC/ISRO & ASDMA"
FHZ_VIL_0977,Flood,Charaideo,Mahmora,Sarupathar No.2,27.02,94.97,1998-2023 (Cumulative Assessment),Moderate,Inundation Frequency 7-10 Times (1998-2023),Village Hazard Zone,"Flood Hazard Zonation Atlas of Assam (1998-2023), NRSC/ISRO & ASDMA"
FHZ_VIL_0978,Flood,Charaideo,Nazira_Charaideo,Bakupukhurihabi No.4,27.02,94.97,1998-2023 (Cumulative Assessment),Moderate,Inundation Frequency 7-10 Times (1998-2023),Village Hazard Zone,"Flood Hazard Zonation Atlas of Assam (1998-2023), NRSC/ISRO & ASDMA"
FHZ_VIL_0979,Flood,Charaideo,Sapekhati,Dhanekhana Habi Grant,27.02,94.97,1998-2023 (Cumulative Assessment),High,Inundation Frequency 11-14 Times (1998-2023),Village Hazard Zone,"Flood Hazard Zonation Atlas of Assam (1998-2023), NRSC/ISRO & ASDMA"
FHZ_VIL_0980,Flood,Charaideo,Sapekhati,Michajan,27.02,94.97,1998-2023 (Cumulative Assessment),High,Inundation Frequency 11-14 Times (1998-2023),Village Hazard Zone,"Flood Hazard Zonation Atlas of Assam (1998-2023), NRSC/ISRO & ASDMA"
FHZ_VIL_0981,Flood,Charaideo,Sapekhati,Rahan Pathar No.2,27.02,94.97,1998-2023 (Cumulative Assessment),High,Inundation Frequency 11-14 Times (1998-2023),Village Hazard Zone,"Flood Hazard Zonation Atlas of Assam (1998-2023), NRSC/ISRO & ASDMA"
FHZ_VIL_0982,Flood,Charaideo,Sapekhati,Sapekhati Rly. Station,27.02,94.97,1998-2023 (Cumulative Assessment),High,Inundation Frequency 11-14 Times (1998-2023),Village Hazard Zone,"Flood Hazard Zonation Atlas of Assam (1998-2023), NRSC/ISRO & ASDMA"
FHZ_VIL_0983,Flood,Charaideo,Sapekhati,Barhat Habi Gaon,27.02,94.97,1998-2023 (Cumulative Assessment),Moderate,Inundation Frequency 7-10 Times (1998-2023),Village Hazard Zone,"Flood Hazard Zonation Atlas of Assam (1998-2023), NRSC/ISRO & ASDMA"
FHZ_VIL_0984,Flood,Charaideo,Sapekhati,Nahar Pukhuri Khowar,27.02,94.97,1998-2023 (Cumulative Assessment),Moderate,Inundation Frequency 7-10 Times (1998-2023),Village Hazard Zone,"Flood Hazard Zonation Atlas of Assam (1998-2023), NRSC/ISRO & ASDMA"
FHZ_VIL_0985,Flood,Charaideo,Sapekhati,Pub Nalbari,27.02,94.97,1998-2023 (Cumulative Assessment),Moderate,Inundation Frequency 7-10 Times (1998-2023),Village Hazard Zone,"Flood Hazard Zonation Atlas of Assam (1998-2023), NRSC/ISRO & ASDMA"
FHZ_VIL_0986,Flood,Charaideo,Sonari_Charaideo,Bahbari Pathar,27.02,94.97,1998-2023 (Cumulative Assessment),Moderate,Inundation Frequency 7-10 Times (1998-2023),Village Hazard Zone,"Flood Hazard Zonation Atlas of Assam (1998-2023), NRSC/ISRO & ASDMA"
FHZ_VIL_0987,Flood,Charaideo,Sonari_Charaideo,Handigue Gaon,27.02,94.97,1998-2023 (Cumulative Assessment),Moderate,Inundation Frequency 7-10 Times (1998-2023),Village Hazard Zone,"Flood Hazard Zonation Atlas of Assam (1998-2023), NRSC/ISRO & ASDMA"
FHZ_VIL_0988,Flood,Charaideo,Sonari_Charaideo,Lakhan Pathar Habi,27.02,94.97,1998-2023 (Cumulative Assessment),Moderate,Inundation Frequency 7-10 Times (1998-2023),Village Hazard Zone,"Flood Hazard Zonation Atlas of Assam (1998-2023), NRSC/ISRO & ASDMA"
FHZ_VIL_0989,Flood,Charaideo,Sonari_Charaideo,Mathurapur Jungle,27.02,94.97,1998-2023 (Cumulative Assessment),Moderate,Inundation Frequency 7-10 Times (1998-2023),Village Hazard Zone,"Flood Hazard Zonation Atlas of Assam (1998-2023), NRSC/ISRO & ASDMA"
FHZ_VIL_0990,Flood,Charaideo,Sonari_Charaideo,Rajabari Gaon,27.02,94.97,1998-2023 (Cumulative Assessment),Moderate,Inundation Frequency 7-10 Times (1998-2023),Village Hazard Zone,"Flood Hazard Zonation Atlas of Assam (1998-2023), NRSC/ISRO & ASDMA"
FHZ_VIL_0991,Flood,Charaideo,Sonari_Charaideo,Sarupathar Gaon,27.02,94.97,1998-2023 (Cumulative Assessment),Moderate,Inundation Frequency 7-10 Times (1998-2023),Village Hazard Zone,"Flood Hazard Zonation Atlas of Assam (1998-2023), NRSC/ISRO & ASDMA"
FHZ_VIL_0992,Flood,Charaideo,Sonari_Charaideo,Solal Gaon,27.02,94.97,1998-2023 (Cumulative Assessment),Moderate,Inundation Frequency 7-10 Times (1998-2023),Village Hazard Zone,"Flood Hazard Zonation Atlas of Assam (1998-2023), NRSC/ISRO & ASDMA"
FHZ_VIL_0993,Flood,Charaideo,Bijni,Baldi No.2,27.02,94.97,1998-2023 (Cumulative Assessment),Very High,Inundation Frequency >14 Times (1998-2023),Village Hazard Zone,"Flood Hazard Zonation Atlas of Assam (1998-2023), NRSC/ISRO & ASDMA"
FHZ_VIL_0994,Flood,Charaideo,Bijni,Charpet No.1,27.02,94.97,1998-2023 (Cumulative Assessment),Very High,Inundation Frequency >14 Times (1998-2023),Village Hazard Zone,"Flood Hazard Zonation Atlas of Assam (1998-2023), NRSC/ISRO & ASDMA"
FHZ_VIL_0995,Flood,Charaideo,Bijni,Khajrabguri No.2,27.02,94.97,1998-2023 (Cumulative Assessment),Very High,Inundation Frequency >14 Times (1998-2023),Village Hazard Zone,"Flood Hazard Zonation Atlas of Assam (1998-2023), NRSC/ISRO & ASDMA"
FHZ_VIL_0996,Flood,Charaideo,Bijni,Narayanpur,27.02,94.97,1998-2023 (Cumulative Assessment),Very High,Inundation Frequency >14 Times (1998-2023),Village Hazard Zone,"Flood Hazard Zonation Atlas of Assam (1998-2023), NRSC/ISRO & ASDMA"
FHZ_VIL_0997,Flood,Charaideo,Bijni,Patalmari,27.02,94.97,1998-2023 (Cumulative Assessment),Very High,Inundation Frequency >14 Times (1998-2023),Village Hazard Zone,"Flood Hazard Zonation Atlas of Assam (1998-2023), NRSC/ISRO & ASDMA"
FHZ_VIL_0998,Flood,Charaideo,Bijni,Pub Amguri,27.02,94.97,1998-2023 (Cumulative Assessment),Very High,Inundation Frequency >14 Times (1998-2023),Village Hazard Zone,"Flood Hazard Zonation Atlas of Assam (1998-2023), NRSC/ISRO & ASDMA"
FHZ_VIL_0999,Flood,Charaideo,Bijni,Pub Baldi,27.02,94.97,1998-2023 (Cumulative Assessment),Very High,Inundation Frequency >14 Times (1998-2023),Village Hazard Zone,"Flood Hazard Zonation Atlas of Assam (1998-2023), NRSC/ISRO & ASDMA"
FHZ_VIL_1000,Flood,Charaideo,Bijni,Tangbari No.2,27.02,94.97,1998-2023 (Cumulative Assessment),Very High,Inundation Frequency >14 Times (1998-2023),Village Hazard Zone,"Flood Hazard Zonation Atlas of Assam (1998-2023), NRSC/ISRO & ASDMA"
FHZ_VIL_1001,Flood,Charaideo,Bijni,Uttar Baldi No.1,27.02,94.97,1998-2023 (Cumulative Assessment),Very High,Inundation Frequency >14 Times (1998-2023),Village Hazard Zone,"Flood Hazard Zonation Atlas of Assam (1998-2023), NRSC/ISRO & ASDMA"
FHZ_VIL_1002,Flood,Charaideo,Bijni,Durgapur,27.02,94.97,1998-2023 (Cumulative Assessment),High,Inundation Frequency 11-14 Times (1998-2023),Village Hazard Zone,"Flood Hazard Zonation Atlas of Assam (1998-2023), NRSC/ISRO & ASDMA"
FHZ_VIL_1003,Flood,Charaideo,Bijni,Odalguri,27.02,94.97,1998-2023 (Cumulative Assessment),High,Inundation Frequency 11-14 Times (1998-2023),Village Hazard Zone,"Flood Hazard Zonation Atlas of Assam (1998-2023), NRSC/ISRO & ASDMA"
FHZ_VIL_1004,Flood,Charaideo,Bijni,Bhatipara,27.02,94.97,1998-2023 (Cumulative Assessment),Moderate,Inundation Frequency 7-10 Times (1998-2023),Village Hazard Zone,"Flood Hazard Zonation Atlas of Assam (1998-2023), NRSC/ISRO & ASDMA"
FHZ_VIL_1005,Flood,Charaideo,Bijni,Chotolao Gaon No.2,27.02,94.97,1998-2023 (Cumulative Assessment),Moderate,Inundation Frequency 7-10 Times (1998-2023),Village Hazard Zone,"Flood Hazard Zonation Atlas of Assam (1998-2023), NRSC/ISRO & ASDMA"
FHZ_VIL_1006,Flood,Charaideo,Bijni,Faguna Gaon No.2,27.02,94.97,1998-2023 (Cumulative Assessment),Moderate,Inundation Frequency 7-10 Times (1998-2023),Village Hazard Zone,"Flood Hazard Zonation Atlas of Assam (1998-2023), NRSC/ISRO & ASDMA"
FHZ_VIL_1007,Flood,Charaideo,Forest Area,Malibhita F.v.,27.02,94.97,1998-2023 (Cumulative Assessment),Very High,Inundation Frequency >14 Times (1998-2023),Village Hazard Zone,"Flood Hazard Zonation Atlas of Assam (1998-2023), NRSC/ISRO & ASDMA"
FHZ_VIL_1008,Flood,Charaideo,Forest Area,Amtekatangga F.v.,27.02,94.97,1998-2023 (Cumulative Assessment),High,Inundation Frequency 11-14 Times (1998-2023),Village Hazard Zone,"Flood Hazard Zonation Atlas of Assam (1998-2023), NRSC/ISRO & ASDMA"
FHZ_VIL_1009,Flood,Darrang,Dalgaon,Bagaribari N.c.,26.45,92.03,1998-2023 (Cumulative Assessment),Very High,Inundation Frequency >14 Times (1998-2023),Village Hazard Zone,"Flood Hazard Zonation Atlas of Assam (1998-2023), NRSC/ISRO & ASDMA"
FHZ_VIL_1010,Flood,Darrang,Dalgaon,Gadhowa Chapari,26.45,92.03,1998-2023 (Cumulative Assessment),Very High,Inundation Frequency >14 Times (1998-2023),Village Hazard Zone,"Flood Hazard Zonation Atlas of Assam (1998-2023), NRSC/ISRO & ASDMA"
FHZ_VIL_1011,Flood,Darrang,Dalgaon,Gadhowa N.c.,26.45,92.03,1998-2023 (Cumulative Assessment),Very High,Inundation Frequency >14 Times (1998-2023),Village Hazard Zone,"Flood Hazard Zonation Atlas of Assam (1998-2023), NRSC/ISRO & ASDMA"
FHZ_VIL_1012,Flood,Darrang,Dalgaon,Kumarpara,26.45,92.03,1998-2023 (Cumulative Assessment),Very High,Inundation Frequency >14 Times (1998-2023),Village Hazard Zone,"Flood Hazard Zonation Atlas of Assam (1998-2023), NRSC/ISRO & ASDMA"
FHZ_VIL_1013,Flood,Darrang,Dalgaon,Barkhat,26.45,92.03,1998-2023 (Cumulative Assessment),Moderate,Inundation Frequency 7-10 Times (1998-2023),Village Hazard Zone,"Flood Hazard Zonation Atlas of Assam (1998-2023), NRSC/ISRO & ASDMA"
FHZ_VIL_1014,Flood,Darrang,Dalgaon,Bihdia,26.45,92.03,1998-2023 (Cumulative Assessment),Moderate,Inundation Frequency 7-10 Times (1998-2023),Village Hazard Zone,"Flood Hazard Zonation Atlas of Assam (1998-2023), NRSC/ISRO & ASDMA"
FHZ_VIL_1015,Flood,Darrang,Dalgaon,Chitalmari Chapari N.c.,26.45,92.03,1998-2023 (Cumulative Assessment),Moderate,Inundation Frequency 7-10 Times (1998-2023),Village Hazard Zone,"Flood Hazard Zonation Atlas of Assam (1998-2023), NRSC/ISRO & ASDMA"
FHZ_VIL_1016,Flood,Darrang,Dalgaon,Dhansiri Kakh,26.45,92.03,1998-2023 (Cumulative Assessment),Moderate,Inundation Frequency 7-10 Times (1998-2023),Village Hazard Zone,"Flood Hazard Zonation Atlas of Assam (1998-2023), NRSC/ISRO & ASDMA"
FHZ_VIL_1017,Flood,Darrang,Dalgaon,Keotchuba,26.45,92.03,1998-2023 (Cumulative Assessment),Moderate,Inundation Frequency 7-10 Times (1998-2023),Village Hazard Zone,"Flood Hazard Zonation Atlas of Assam (1998-2023), NRSC/ISRO & ASDMA"
FHZ_VIL_1018,Flood,Darrang,Dalgaon,Magurmari N.c. No.2,26.45,92.03,1998-2023 (Cumulative Assessment),Moderate,Inundation Frequency 7-10 Times (1998-2023),Village Hazard Zone,"Flood Hazard Zonation Atlas of Assam (1998-2023), NRSC/ISRO & ASDMA"
FHZ_VIL_1019,Flood,Darrang,Dalgaon,Mullapara No.1,26.45,92.03,1998-2023 (Cumulative Assessment),Moderate,Inundation Frequency 7-10 Times (1998-2023),Village Hazard Zone,"Flood Hazard Zonation Atlas of Assam (1998-2023), NRSC/ISRO & ASDMA"
FHZ_VIL_1020,Flood,Darrang,Dalgaon,Nadipar,26.45,92.03,1998-2023 (Cumulative Assessment),Moderate,Inundation Frequency 7-10 Times (1998-2023),Village Hazard Zone,"Flood Hazard Zonation Atlas of Assam (1998-2023), NRSC/ISRO & ASDMA"
FHZ_VIL_1021,Flood,Darrang,Mangaldoi,Bangalpota Chapari,26.45,92.03,1998-2023 (Cumulative Assessment),Very High,Inundation Frequency >14 Times (1998-2023),Village Hazard Zone,"Flood Hazard Zonation Atlas of Assam (1998-2023), NRSC/ISRO & ASDMA"
FHZ_VIL_1022,Flood,Darrang,Mangaldoi,Bezpara No.1,26.45,92.03,1998-2023 (Cumulative Assessment),Very High,Inundation Frequency >14 Times (1998-2023),Village Hazard Zone,"Flood Hazard Zonation Atlas of Assam (1998-2023), NRSC/ISRO & ASDMA"
FHZ_VIL_1023,Flood,Darrang,Mangaldoi,Bherpari Chapari,26.45,92.03,1998-2023 (Cumulative Assessment),Very High,Inundation Frequency >14 Times (1998-2023),Village Hazard Zone,"Flood Hazard Zonation Atlas of Assam (1998-2023), NRSC/ISRO & ASDMA"
FHZ_VIL_1024,Flood,Darrang,Mangaldoi,Bhokelikanda Chapari,26.45,92.03,1998-2023 (Cumulative Assessment),Very High,Inundation Frequency >14 Times (1998-2023),Village Hazard Zone,"Flood Hazard Zonation Atlas of Assam (1998-2023), NRSC/ISRO & ASDMA"
FHZ_VIL_1025,Flood,Darrang,Mangaldoi,Bhokelimara,26.45,92.03,1998-2023 (Cumulative Assessment),Very High,Inundation Frequency >14 Times (1998-2023),Village Hazard Zone,"Flood Hazard Zonation Atlas of Assam (1998-2023), NRSC/ISRO & ASDMA"
FHZ_VIL_1026,Flood,Darrang,Mangaldoi,Borolakhaiti Chapari,26.45,92.03,1998-2023 (Cumulative Assessment),Very High,Inundation Frequency >14 Times (1998-2023),Village Hazard Zone,"Flood Hazard Zonation Atlas of Assam (1998-2023), NRSC/ISRO & ASDMA"
FHZ_VIL_1027,Flood,Darrang,Mangaldoi,Choto Nagaon,26.45,92.03,1998-2023 (Cumulative Assessment),Very High,Inundation Frequency >14 Times (1998-2023),Village Hazard Zone,"Flood Hazard Zonation Atlas of Assam (1998-2023), NRSC/ISRO & ASDMA"
FHZ_VIL_1028,Flood,Darrang,Mangaldoi,Dariapara,26.45,92.03,1998-2023 (Cumulative Assessment),Very High,Inundation Frequency >14 Times (1998-2023),Village Hazard Zone,"Flood Hazard Zonation Atlas of Assam (1998-2023), NRSC/ISRO & ASDMA"
FHZ_VIL_1029,Flood,Darrang,Mangaldoi,Dharia Khaity Chapari,26.45,92.03,1998-2023 (Cumulative Assessment),Very High,Inundation Frequency >14 Times (1998-2023),Village Hazard Zone,"Flood Hazard Zonation Atlas of Assam (1998-2023), NRSC/ISRO & ASDMA"
FHZ_VIL_1030,Flood,Darrang,Mangaldoi,Dosotani,26.45,92.03,1998-2023 (Cumulative Assessment),Very High,Inundation Frequency >14 Times (1998-2023),Village Hazard Zone,"Flood Hazard Zonation Atlas of Assam (1998-2023), NRSC/ISRO & ASDMA"
FHZ_VIL_1031,Flood,Darrang,Mangaldoi,Ganakpara,26.45,92.03,1998-2023 (Cumulative Assessment),Very High,Inundation Frequency >14 Times (1998-2023),Village Hazard Zone,"Flood Hazard Zonation Atlas of Assam (1998-2023), NRSC/ISRO & ASDMA"
FHZ_VIL_1032,Flood,Darrang,Mangaldoi,Kacharipara,26.45,92.03,1998-2023 (Cumulative Assessment),Very High,Inundation Frequency >14 Times (1998-2023),Village Hazard Zone,"Flood Hazard Zonation Atlas of Assam (1998-2023), NRSC/ISRO & ASDMA"
FHZ_VIL_1033,Flood,Darrang,Mangaldoi,Kharpori Cbapari,26.45,92.03,1998-2023 (Cumulative Assessment),Very High,Inundation Frequency >14 Times (1998-2023),Village Hazard Zone,"Flood Hazard Zonation Atlas of Assam (1998-2023), NRSC/ISRO & ASDMA"
FHZ_VIL_1034,Flood,Darrang,Mangaldoi,Kumarpara,26.45,92.03,1998-2023 (Cumulative Assessment),Very High,Inundation Frequency >14 Times (1998-2023),Village Hazard Zone,"Flood Hazard Zonation Atlas of Assam (1998-2023), NRSC/ISRO & ASDMA"
FHZ_VIL_1035,Flood,Darrang,Mangaldoi,Mongaldai Gaon,26.45,92.03,1998-2023 (Cumulative Assessment),Very High,Inundation Frequency >14 Times (1998-2023),Village Hazard Zone,"Flood Hazard Zonation Atlas of Assam (1998-2023), NRSC/ISRO & ASDMA"
FHZ_VIL_1036,Flood,Darrang,Mangaldoi,Niz Rangamati,26.45,92.03,1998-2023 (Cumulative Assessment),Very High,Inundation Frequency >14 Times (1998-2023),Village Hazard Zone,"Flood Hazard Zonation Atlas of Assam (1998-2023), NRSC/ISRO & ASDMA"
FHZ_VIL_1037,Flood,Darrang,Mangaldoi,Bezpara,26.45,92.03,1998-2023 (Cumulative Assessment),High,Inundation Frequency 11-14 Times (1998-2023),Village Hazard Zone,"Flood Hazard Zonation Atlas of Assam (1998-2023), NRSC/ISRO & ASDMA"
FHZ_VIL_1038,Flood,Darrang,Mangaldoi,Ahoka,26.45,92.03,1998-2023 (Cumulative Assessment),Moderate,Inundation Frequency 7-10 Times (1998-2023),Village Hazard Zone,"Flood Hazard Zonation Atlas of Assam (1998-2023), NRSC/ISRO & ASDMA"
FHZ_VIL_1039,Flood,Darrang,Mangaldoi,Bezpara No.2,26.45,92.03,1998-2023 (Cumulative Assessment),Moderate,Inundation Frequency 7-10 Times (1998-2023),Village Hazard Zone,"Flood Hazard Zonation Atlas of Assam (1998-2023), NRSC/ISRO & ASDMA"
FHZ_VIL_1040,Flood,Darrang,Mangaldoi,Borachuba,26.45,92.03,1998-2023 (Cumulative Assessment),Moderate,Inundation Frequency 7-10 Times (1998-2023),Village Hazard Zone,"Flood Hazard Zonation Atlas of Assam (1998-2023), NRSC/ISRO & ASDMA"
FHZ_VIL_1041,Flood,Darrang,Mangaldoi,Dekargaon,26.45,92.03,1998-2023 (Cumulative Assessment),Moderate,Inundation Frequency 7-10 Times (1998-2023),Village Hazard Zone,"Flood Hazard Zonation Atlas of Assam (1998-2023), NRSC/ISRO & ASDMA"
FHZ_VIL_1042,Flood,Darrang,Mangaldoi,Ghatarag Chapari,26.45,92.03,1998-2023 (Cumulative Assessment),Moderate,Inundation Frequency 7-10 Times (1998-2023),Village Hazard Zone,"Flood Hazard Zonation Atlas of Assam (1998-2023), NRSC/ISRO & ASDMA"
FHZ_VIL_1043,Flood,Darrang,Mangaldoi,Kamarchuba,26.45,92.03,1998-2023 (Cumulative Assessment),Moderate,Inundation Frequency 7-10 Times (1998-2023),Village Hazard Zone,"Flood Hazard Zonation Atlas of Assam (1998-2023), NRSC/ISRO & ASDMA"
FHZ_VIL_1044,Flood,Darrang,Mangaldoi,Monitari,26.45,92.03,1998-2023 (Cumulative Assessment),Moderate,Inundation Frequency 7-10 Times (1998-2023),Village Hazard Zone,"Flood Hazard Zonation Atlas of Assam (1998-2023), NRSC/ISRO & ASDMA"
FHZ_VIL_1045,Flood,Darrang,Mangaldoi,Ruparikash,26.45,92.03,1998-2023 (Cumulative Assessment),Moderate,Inundation Frequency 7-10 Times (1998-2023),Village Hazard Zone,"Flood Hazard Zonation Atlas of Assam (1998-2023), NRSC/ISRO & ASDMA"
FHZ_VIL_1046,Flood,Darrang,Pathorighat,Chamukhudol,26.45,92.03,1998-2023 (Cumulative Assessment),Very High,Inundation Frequency >14 Times (1998-2023),Village Hazard Zone,"Flood Hazard Zonation Atlas of Assam (1998-2023), NRSC/ISRO & ASDMA"
FHZ_VIL_1047,Flood,Darrang,Pathorighat,Chengapara No.2,26.45,92.03,1998-2023 (Cumulative Assessment),Very High,Inundation Frequency >14 Times (1998-2023),Village Hazard Zone,"Flood Hazard Zonation Atlas of Assam (1998-2023), NRSC/ISRO & ASDMA"
FHZ_VIL_1048,Flood,Darrang,Pathorighat,Durduriapara,26.45,92.03,1998-2023 (Cumulative Assessment),Very High,Inundation Frequency >14 Times (1998-2023),Village Hazard Zone,"Flood Hazard Zonation Atlas of Assam (1998-2023), NRSC/ISRO & ASDMA"
FHZ_VIL_1049,Flood,Darrang,Pathorighat,Kharkhowapara,26.45,92.03,1998-2023 (Cumulative Assessment),Very High,Inundation Frequency >14 Times (1998-2023),Village Hazard Zone,"Flood Hazard Zonation Atlas of Assam (1998-2023), NRSC/ISRO & ASDMA"
FHZ_VIL_1050,Flood,Darrang,Pathorighat,Kumarpara,26.45,92.03,1998-2023 (Cumulative Assessment),Very High,Inundation Frequency >14 Times (1998-2023),Village Hazard Zone,"Flood Hazard Zonation Atlas of Assam (1998-2023), NRSC/ISRO & ASDMA"
FHZ_VIL_1051,Flood,Darrang,Pathorighat,Naodingadal,26.45,92.03,1998-2023 (Cumulative Assessment),Very High,Inundation Frequency >14 Times (1998-2023),Village Hazard Zone,"Flood Hazard Zonation Atlas of Assam (1998-2023), NRSC/ISRO & ASDMA"
FHZ_VIL_1052,Flood,Darrang,Pathorighat,Patidarang,26.45,92.03,1998-2023 (Cumulative Assessment),Very High,Inundation Frequency >14 Times (1998-2023),Village Hazard Zone,"Flood Hazard Zonation Atlas of Assam (1998-2023), NRSC/ISRO & ASDMA"
FHZ_VIL_1053,Flood,Darrang,Pathorighat,Baghmara Pukhuri,26.45,92.03,1998-2023 (Cumulative Assessment),High,Inundation Frequency 11-14 Times (1998-2023),Village Hazard Zone,"Flood Hazard Zonation Atlas of Assam (1998-2023), NRSC/ISRO & ASDMA"
FHZ_VIL_1054,Flood,Darrang,Pathorighat,Muslimghopa,26.45,92.03,1998-2023 (Cumulative Assessment),High,Inundation Frequency 11-14 Times (1998-2023),Village Hazard Zone,"Flood Hazard Zonation Atlas of Assam (1998-2023), NRSC/ISRO & ASDMA"
FHZ_VIL_1055,Flood,Darrang,Pathorighat,Chakarmukh,26.45,92.03,1998-2023 (Cumulative Assessment),Moderate,Inundation Frequency 7-10 Times (1998-2023),Village Hazard Zone,"Flood Hazard Zonation Atlas of Assam (1998-2023), NRSC/ISRO & ASDMA"
FHZ_VIL_1056,Flood,Darrang,Pathorighat,Haripur,26.45,92.03,1998-2023 (Cumulative Assessment),Moderate,Inundation Frequency 7-10 Times (1998-2023),Village Hazard Zone,"Flood Hazard Zonation Atlas of Assam (1998-2023), NRSC/ISRO & ASDMA"
FHZ_VIL_1057,Flood,Darrang,Pathorighat,Jayantipur,26.45,92.03,1998-2023 (Cumulative Assessment),Moderate,Inundation Frequency 7-10 Times (1998-2023),Village Hazard Zone,"Flood Hazard Zonation Atlas of Assam (1998-2023), NRSC/ISRO & ASDMA"
FHZ_VIL_1058,Flood,Darrang,Pub- Mangaldai,Nangelichar No.1,26.45,92.03,1998-2023 (Cumulative Assessment),Very High,Inundation Frequency >14 Times (1998-2023),Village Hazard Zone,"Flood Hazard Zonation Atlas of Assam (1998-2023), NRSC/ISRO & ASDMA"
FHZ_VIL_1059,Flood,Darrang,Pub- Mangaldai,Nangelichar No.2,26.45,92.03,1998-2023 (Cumulative Assessment),Very High,Inundation Frequency >14 Times (1998-2023),Village Hazard Zone,"Flood Hazard Zonation Atlas of Assam (1998-2023), NRSC/ISRO & ASDMA"
FHZ_VIL_1060,Flood,Darrang,Pub- Mangaldai,Nangelichar No.3,26.45,92.03,1998-2023 (Cumulative Assessment),Very High,Inundation Frequency >14 Times (1998-2023),Village Hazard Zone,"Flood Hazard Zonation Atlas of Assam (1998-2023), NRSC/ISRO & ASDMA"
FHZ_VIL_1061,Flood,Darrang,Pub- Mangaldai,Nangelichar No.4,26.45,92.03,1998-2023 (Cumulative Assessment),Very High,Inundation Frequency >14 Times (1998-2023),Village Hazard Zone,"Flood Hazard Zonation Atlas of Assam (1998-2023), NRSC/ISRO & ASDMA"
FHZ_VIL_1062,Flood,Darrang,Pub- Mangaldai,No 1 Gadhowa,26.45,92.03,1998-2023 (Cumulative Assessment),Very High,Inundation Frequency >14 Times (1998-2023),Village Hazard Zone,"Flood Hazard Zonation Atlas of Assam (1998-2023), NRSC/ISRO & ASDMA"
FHZ_VIL_1063,Flood,Darrang,Pub- Mangaldai,Kacharibari,26.45,92.03,1998-2023 (Cumulative Assessment),High,Inundation Frequency 11-14 Times (1998-2023),Village Hazard Zone,"Flood Hazard Zonation Atlas of Assam (1998-2023), NRSC/ISRO & ASDMA"
FHZ_VIL_1064,Flood,Darrang,Pub- Mangaldai,Rowmari Chapari,26.45,92.03,1998-2023 (Cumulative Assessment),High,Inundation Frequency 11-14 Times (1998-2023),Village Hazard Zone,"Flood Hazard Zonation Atlas of Assam (1998-2023), NRSC/ISRO & ASDMA"
FHZ_VIL_1065,Flood,Darrang,Pub- Mangaldai,Barkhat,26.45,92.03,1998-2023 (Cumulative Assessment),Moderate,Inundation Frequency 7-10 Times (1998-2023),Village Hazard Zone,"Flood Hazard Zonation Atlas of Assam (1998-2023), NRSC/ISRO & ASDMA"
FHZ_VIL_1066,Flood,Darrang,Pub- Mangaldai,No.2,26.45,92.03,1998-2023 (Cumulative Assessment),Moderate,Inundation Frequency 7-10 Times (1998-2023),Village Hazard Zone,"Flood Hazard Zonation Atlas of Assam (1998-2023), NRSC/ISRO & ASDMA"
FHZ_VIL_1067,Flood,Darrang,Pub- Mangaldai,Dhansiri Kakh,26.45,92.03,1998-2023 (Cumulative Assessment),Moderate,Inundation Frequency 7-10 Times (1998-2023),Village Hazard Zone,"Flood Hazard Zonation Atlas of Assam (1998-2023), NRSC/ISRO & ASDMA"
FHZ_VIL_1068,Flood,Darrang,Pub- Mangaldai,Islampur,26.45,92.03,1998-2023 (Cumulative Assessment),Moderate,Inundation Frequency 7-10 Times (1998-2023),Village Hazard Zone,"Flood Hazard Zonation Atlas of Assam (1998-2023), NRSC/ISRO & ASDMA"
FHZ_VIL_1069,Flood,Darrang,Pub- Mangaldai,Kachichar,26.45,92.03,1998-2023 (Cumulative Assessment),Moderate,Inundation Frequency 7-10 Times (1998-2023),Village Hazard Zone,"Flood Hazard Zonation Atlas of Assam (1998-2023), NRSC/ISRO & ASDMA"
FHZ_VIL_1070,Flood,Darrang,Pub- Mangaldai,Keotchuba,26.45,92.03,1998-2023 (Cumulative Assessment),Moderate,Inundation Frequency 7-10 Times (1998-2023),Village Hazard Zone,"Flood Hazard Zonation Atlas of Assam (1998-2023), NRSC/ISRO & ASDMA"
FHZ_VIL_1071,Flood,Darrang,Pub- Mangaldai,Kharupetia,26.45,92.03,1998-2023 (Cumulative Assessment),Moderate,Inundation Frequency 7-10 Times (1998-2023),Village Hazard Zone,"Flood Hazard Zonation Atlas of Assam (1998-2023), NRSC/ISRO & ASDMA"
FHZ_VIL_1072,Flood,Darrang,Pub- Mangaldai,Magurmari . No.2,26.45,92.03,1998-2023 (Cumulative Assessment),Moderate,Inundation Frequency 7-10 Times (1998-2023),Village Hazard Zone,"Flood Hazard Zonation Atlas of Assam (1998-2023), NRSC/ISRO & ASDMA"
FHZ_VIL_1073,Flood,Darrang,Pub- Mangaldai,Magurmari N.c. No.1,26.45,92.03,1998-2023 (Cumulative Assessment),Moderate,Inundation Frequency 7-10 Times (1998-2023),Village Hazard Zone,"Flood Hazard Zonation Atlas of Assam (1998-2023), NRSC/ISRO & ASDMA"
FHZ_VIL_1074,Flood,Darrang,Pub- Mangaldai,Pub Chuba,26.45,92.03,1998-2023 (Cumulative Assessment),Moderate,Inundation Frequency 7-10 Times (1998-2023),Village Hazard Zone,"Flood Hazard Zonation Atlas of Assam (1998-2023), NRSC/ISRO & ASDMA"
FHZ_VIL_1075,Flood,Darrang,River Brahmaputra,Chawlkhowa Chapari,26.45,92.03,1998-2023 (Cumulative Assessment),Very High,Inundation Frequency >14 Times (1998-2023),Village Hazard Zone,"Flood Hazard Zonation Atlas of Assam (1998-2023), NRSC/ISRO & ASDMA"
FHZ_VIL_1076,Flood,Darrang,Sipajhar,Chutiakatadol,26.45,92.03,1998-2023 (Cumulative Assessment),Very High,Inundation Frequency >14 Times (1998-2023),Village Hazard Zone,"Flood Hazard Zonation Atlas of Assam (1998-2023), NRSC/ISRO & ASDMA"
FHZ_VIL_1077,Flood,Darrang,Sipajhar,Dakhin Kurua Chapari,26.45,92.03,1998-2023 (Cumulative Assessment),Very High,Inundation Frequency >14 Times (1998-2023),Village Hazard Zone,"Flood Hazard Zonation Atlas of Assam (1998-2023), NRSC/ISRO & ASDMA"
FHZ_VIL_1078,Flood,Darrang,Sipajhar,Dhalpur3,26.45,92.03,1998-2023 (Cumulative Assessment),Very High,Inundation Frequency >14 Times (1998-2023),Village Hazard Zone,"Flood Hazard Zonation Atlas of Assam (1998-2023), NRSC/ISRO & ASDMA"
FHZ_VIL_1079,Flood,Darrang,Sipajhar,Ganakbari,26.45,92.03,1998-2023 (Cumulative Assessment),Very High,Inundation Frequency >14 Times (1998-2023),Village Hazard Zone,"Flood Hazard Zonation Atlas of Assam (1998-2023), NRSC/ISRO & ASDMA"
FHZ_VIL_1080,Flood,Darrang,Sipajhar,Khalihai Pathar,26.45,92.03,1998-2023 (Cumulative Assessment),Very High,Inundation Frequency >14 Times (1998-2023),Village Hazard Zone,"Flood Hazard Zonation Atlas of Assam (1998-2023), NRSC/ISRO & ASDMA"
FHZ_VIL_1081,Flood,Darrang,Sipajhar,Khatur Pathar,26.45,92.03,1998-2023 (Cumulative Assessment),Very High,Inundation Frequency >14 Times (1998-2023),Village Hazard Zone,"Flood Hazard Zonation Atlas of Assam (1998-2023), NRSC/ISRO & ASDMA"
FHZ_VIL_1082,Flood,Darrang,Sipajhar,Kuarizan,26.45,92.03,1998-2023 (Cumulative Assessment),Very High,Inundation Frequency >14 Times (1998-2023),Village Hazard Zone,"Flood Hazard Zonation Atlas of Assam (1998-2023), NRSC/ISRO & ASDMA"
FHZ_VIL_1083,Flood,Darrang,Sipajhar,Kurua Chapari,26.45,92.03,1998-2023 (Cumulative Assessment),Very High,Inundation Frequency >14 Times (1998-2023),Village Hazard Zone,"Flood Hazard Zonation Atlas of Assam (1998-2023), NRSC/ISRO & ASDMA"
FHZ_VIL_1084,Flood,Darrang,Sipajhar,Mahariardal,26.45,92.03,1998-2023 (Cumulative Assessment),Very High,Inundation Frequency >14 Times (1998-2023),Village Hazard Zone,"Flood Hazard Zonation Atlas of Assam (1998-2023), NRSC/ISRO & ASDMA"
FHZ_VIL_1085,Flood,Darrang,Sipajhar,Niz Sipajhar,26.45,92.03,1998-2023 (Cumulative Assessment),Very High,Inundation Frequency >14 Times (1998-2023),Village Hazard Zone,"Flood Hazard Zonation Atlas of Assam (1998-2023), NRSC/ISRO & ASDMA"
FHZ_VIL_1086,Flood,Darrang,Sipajhar,Pachim Kurua,26.45,92.03,1998-2023 (Cumulative Assessment),Very High,Inundation Frequency >14 Times (1998-2023),Village Hazard Zone,"Flood Hazard Zonation Atlas of Assam (1998-2023), NRSC/ISRO & ASDMA"
FHZ_VIL_1087,Flood,Darrang,Sipajhar,Phuhuratali N.c.,26.45,92.03,1998-2023 (Cumulative Assessment),Very High,Inundation Frequency >14 Times (1998-2023),Village Hazard Zone,"Flood Hazard Zonation Atlas of Assam (1998-2023), NRSC/ISRO & ASDMA"
FHZ_VIL_1088,Flood,Darrang,Sipajhar,Sanoatari,26.45,92.03,1998-2023 (Cumulative Assessment),Very High,Inundation Frequency >14 Times (1998-2023),Village Hazard Zone,"Flood Hazard Zonation Atlas of Assam (1998-2023), NRSC/ISRO & ASDMA"
FHZ_VIL_1089,Flood,Darrang,Sipajhar,Solmara,26.45,92.03,1998-2023 (Cumulative Assessment),Very High,Inundation Frequency >14 Times (1998-2023),Village Hazard Zone,"Flood Hazard Zonation Atlas of Assam (1998-2023), NRSC/ISRO & ASDMA"
FHZ_VIL_1090,Flood,Darrang,Sipajhar,Sonowagaon,26.45,92.03,1998-2023 (Cumulative Assessment),Very High,Inundation Frequency >14 Times (1998-2023),Village Hazard Zone,"Flood Hazard Zonation Atlas of Assam (1998-2023), NRSC/ISRO & ASDMA"
FHZ_VIL_1091,Flood,Darrang,Sipajhar,Upar Kurua,26.45,92.03,1998-2023 (Cumulative Assessment),Very High,Inundation Frequency >14 Times (1998-2023),Village Hazard Zone,"Flood Hazard Zonation Atlas of Assam (1998-2023), NRSC/ISRO & ASDMA"
FHZ_VIL_1092,Flood,Darrang,Sipajhar,Bamon Pathar,26.45,92.03,1998-2023 (Cumulative Assessment),High,Inundation Frequency 11-14 Times (1998-2023),Village Hazard Zone,"Flood Hazard Zonation Atlas of Assam (1998-2023), NRSC/ISRO & ASDMA"
FHZ_VIL_1093,Flood,Darrang,Sipajhar,Bherveri,26.45,92.03,1998-2023 (Cumulative Assessment),High,Inundation Frequency 11-14 Times (1998-2023),Village Hazard Zone,"Flood Hazard Zonation Atlas of Assam (1998-2023), NRSC/ISRO & ASDMA"
FHZ_VIL_1094,Flood,Darrang,Sipajhar,Bhotardol,26.45,92.03,1998-2023 (Cumulative Assessment),High,Inundation Frequency 11-14 Times (1998-2023),Village Hazard Zone,"Flood Hazard Zonation Atlas of Assam (1998-2023), NRSC/ISRO & ASDMA"
FHZ_VIL_1095,Flood,Darrang,Sipajhar,Bijulibari,26.45,92.03,1998-2023 (Cumulative Assessment),High,Inundation Frequency 11-14 Times (1998-2023),Village Hazard Zone,"Flood Hazard Zonation Atlas of Assam (1998-2023), NRSC/ISRO & ASDMA"
FHZ_VIL_1096,Flood,Darrang,Sipajhar,Chalardol,26.45,92.03,1998-2023 (Cumulative Assessment),High,Inundation Frequency 11-14 Times (1998-2023),Village Hazard Zone,"Flood Hazard Zonation Atlas of Assam (1998-2023), NRSC/ISRO & ASDMA"
FHZ_VIL_1097,Flood,Darrang,Sipajhar,Gandhia Pathar,26.45,92.03,1998-2023 (Cumulative Assessment),High,Inundation Frequency 11-14 Times (1998-2023),Village Hazard Zone,"Flood Hazard Zonation Atlas of Assam (1998-2023), NRSC/ISRO & ASDMA"
FHZ_VIL_1098,Flood,Darrang,Sipajhar,Hatimuria,26.45,92.03,1998-2023 (Cumulative Assessment),High,Inundation Frequency 11-14 Times (1998-2023),Village Hazard Zone,"Flood Hazard Zonation Atlas of Assam (1998-2023), NRSC/ISRO & ASDMA"
FHZ_VIL_1099,Flood,Darrang,Sipajhar,Hetemtola,26.45,92.03,1998-2023 (Cumulative Assessment),High,Inundation Frequency 11-14 Times (1998-2023),Village Hazard Zone,"Flood Hazard Zonation Atlas of Assam (1998-2023), NRSC/ISRO & ASDMA"
FHZ_VIL_1100,Flood,Darrang,Sipajhar,Kanidol,26.45,92.03,1998-2023 (Cumulative Assessment),High,Inundation Frequency 11-14 Times (1998-2023),Village Hazard Zone,"Flood Hazard Zonation Atlas of Assam (1998-2023), NRSC/ISRO & ASDMA"
FHZ_VIL_1101,Flood,Darrang,Sipajhar,Khalihai Gaon,26.45,92.03,1998-2023 (Cumulative Assessment),High,Inundation Frequency 11-14 Times (1998-2023),Village Hazard Zone,"Flood Hazard Zonation Atlas of Assam (1998-2023), NRSC/ISRO & ASDMA"
FHZ_VIL_1102,Flood,Darrang,Sipajhar,Khanapara No.1,26.45,92.03,1998-2023 (Cumulative Assessment),High,Inundation Frequency 11-14 Times (1998-2023),Village Hazard Zone,"Flood Hazard Zonation Atlas of Assam (1998-2023), NRSC/ISRO & ASDMA"
FHZ_VIL_1103,Flood,Darrang,Sipajhar,Kurua Chapari N.c.,26.45,92.03,1998-2023 (Cumulative Assessment),High,Inundation Frequency 11-14 Times (1998-2023),Village Hazard Zone,"Flood Hazard Zonation Atlas of Assam (1998-2023), NRSC/ISRO & ASDMA"
FHZ_VIL_1104,Flood,Darrang,Sipajhar,Niz Salmara,26.45,92.03,1998-2023 (Cumulative Assessment),High,Inundation Frequency 11-14 Times (1998-2023),Village Hazard Zone,"Flood Hazard Zonation Atlas of Assam (1998-2023), NRSC/ISRO & ASDMA"
FHZ_VIL_1105,Flood,Darrang,Sipajhar,Puniagaon,26.45,92.03,1998-2023 (Cumulative Assessment),High,Inundation Frequency 11-14 Times (1998-2023),Village Hazard Zone,"Flood Hazard Zonation Atlas of Assam (1998-2023), NRSC/ISRO & ASDMA"
FHZ_VIL_1106,Flood,Darrang,Sipajhar,Singiamari,26.45,92.03,1998-2023 (Cumulative Assessment),High,Inundation Frequency 11-14 Times (1998-2023),Village Hazard Zone,"Flood Hazard Zonation Atlas of Assam (1998-2023), NRSC/ISRO & ASDMA"
FHZ_VIL_1107,Flood,Darrang,Sipajhar,Suktaguri Pathar,26.45,92.03,1998-2023 (Cumulative Assessment),High,Inundation Frequency 11-14 Times (1998-2023),Village Hazard Zone,"Flood Hazard Zonation Atlas of Assam (1998-2023), NRSC/ISRO & ASDMA"
FHZ_VIL_1108,Flood,Darrang,Sipajhar,Swetmoder,26.45,92.03,1998-2023 (Cumulative Assessment),High,Inundation Frequency 11-14 Times (1998-2023),Village Hazard Zone,"Flood Hazard Zonation Atlas of Assam (1998-2023), NRSC/ISRO & ASDMA"
FHZ_VIL_1109,Flood,Darrang,Sipajhar,Tekeliakur Grant,26.45,92.03,1998-2023 (Cumulative Assessment),High,Inundation Frequency 11-14 Times (1998-2023),Village Hazard Zone,"Flood Hazard Zonation Atlas of Assam (1998-2023), NRSC/ISRO & ASDMA"
FHZ_VIL_1110,Flood,Darrang,Sipajhar,Bheheni Chapari,26.45,92.03,1998-2023 (Cumulative Assessment),Moderate,Inundation Frequency 7-10 Times (1998-2023),Village Hazard Zone,"Flood Hazard Zonation Atlas of Assam (1998-2023), NRSC/ISRO & ASDMA"
FHZ_VIL_1111,Flood,Darrang,Sipajhar,Dumuni Chowki,26.45,92.03,1998-2023 (Cumulative Assessment),Moderate,Inundation Frequency 7-10 Times (1998-2023),Village Hazard Zone,"Flood Hazard Zonation Atlas of Assam (1998-2023), NRSC/ISRO & ASDMA"
FHZ_VIL_1112,Flood,Darrang,Sipajhar,Khanapara No.2,26.45,92.03,1998-2023 (Cumulative Assessment),Moderate,Inundation Frequency 7-10 Times (1998-2023),Village Hazard Zone,"Flood Hazard Zonation Atlas of Assam (1998-2023), NRSC/ISRO & ASDMA"
FHZ_VIL_1113,Flood,Darrang,Sipajhar,Kuarigaon,26.45,92.03,1998-2023 (Cumulative Assessment),Moderate,Inundation Frequency 7-10 Times (1998-2023),Village Hazard Zone,"Flood Hazard Zonation Atlas of Assam (1998-2023), NRSC/ISRO & ASDMA"
FHZ_VIL_1114,Flood,Darrang,Sipajhar,Kurua N.c.,26.45,92.03,1998-2023 (Cumulative Assessment),Moderate,Inundation Frequency 7-10 Times (1998-2023),Village Hazard Zone,"Flood Hazard Zonation Atlas of Assam (1998-2023), NRSC/ISRO & ASDMA"
FHZ_VIL_1115,Flood,Darrang,Sipajhar,Malibari,26.45,92.03,1998-2023 (Cumulative Assessment),Moderate,Inundation Frequency 7-10 Times (1998-2023),Village Hazard Zone,"Flood Hazard Zonation Atlas of Assam (1998-2023), NRSC/ISRO & ASDMA"
FHZ_VIL_1116,Flood,Darrang,Sipajhar,Naljahi,26.45,92.03,1998-2023 (Cumulative Assessment),Moderate,Inundation Frequency 7-10 Times (1998-2023),Village Hazard Zone,"Flood Hazard Zonation Atlas of Assam (1998-2023), NRSC/ISRO & ASDMA"
FHZ_VIL_1117,Flood,Darrang,Sipajhar,Narikali,26.45,92.03,1998-2023 (Cumulative Assessment),Moderate,Inundation Frequency 7-10 Times (1998-2023),Village Hazard Zone,"Flood Hazard Zonation Atlas of Assam (1998-2023), NRSC/ISRO & ASDMA"
FHZ_VIL_1118,Flood,Darrang,Sipajhar,Pachim Chuburi,26.45,92.03,1998-2023 (Cumulative Assessment),Moderate,Inundation Frequency 7-10 Times (1998-2023),Village Hazard Zone,"Flood Hazard Zonation Atlas of Assam (1998-2023), NRSC/ISRO & ASDMA"
FHZ_VIL_1119,Flood,Darrang,Sipajhar,Pakabangi,26.45,92.03,1998-2023 (Cumulative Assessment),Moderate,Inundation Frequency 7-10 Times (1998-2023),Village Hazard Zone,"Flood Hazard Zonation Atlas of Assam (1998-2023), NRSC/ISRO & ASDMA"
FHZ_VIL_1120,Flood,Darrang,Sipajhar,Satkhali,26.45,92.03,1998-2023 (Cumulative Assessment),Moderate,Inundation Frequency 7-10 Times (1998-2023),Village Hazard Zone,"Flood Hazard Zonation Atlas of Assam (1998-2023), NRSC/ISRO & ASDMA"
FHZ_VIL_1121,Flood,Dhemaji,Dhemaji,Bhamuraguri Block No.1,27.48,94.58,1998-2023 (Cumulative Assessment),Very High,Inundation Frequency >14 Times (1998-2023),Village Hazard Zone,"Flood Hazard Zonation Atlas of Assam (1998-2023), NRSC/ISRO & ASDMA"
FHZ_VIL_1122,Flood,Dhemaji,Dhemaji,Bhehpara Gaon,27.48,94.58,1998-2023 (Cumulative Assessment),Very High,Inundation Frequency >14 Times (1998-2023),Village Hazard Zone,"Flood Hazard Zonation Atlas of Assam (1998-2023), NRSC/ISRO & ASDMA"
FHZ_VIL_1123,Flood,Dhemaji,Dhemaji,Jamukani Gaon,27.48,94.58,1998-2023 (Cumulative Assessment),Very High,Inundation Frequency >14 Times (1998-2023),Village Hazard Zone,"Flood Hazard Zonation Atlas of Assam (1998-2023), NRSC/ISRO & ASDMA"
FHZ_VIL_1124,Flood,Dhemaji,Dhemaji,Jorkota Koch,27.48,94.58,1998-2023 (Cumulative Assessment),Very High,Inundation Frequency >14 Times (1998-2023),Village Hazard Zone,"Flood Hazard Zonation Atlas of Assam (1998-2023), NRSC/ISRO & ASDMA"
FHZ_VIL_1125,Flood,Dhemaji,Dhemaji,Kaitong No.4,27.48,94.58,1998-2023 (Cumulative Assessment),Very High,Inundation Frequency >14 Times (1998-2023),Village Hazard Zone,"Flood Hazard Zonation Atlas of Assam (1998-2023), NRSC/ISRO & ASDMA"
FHZ_VIL_1126,Flood,Dhemaji,Dhemaji,Kapahowa Pathar,27.48,94.58,1998-2023 (Cumulative Assessment),Very High,Inundation Frequency >14 Times (1998-2023),Village Hazard Zone,"Flood Hazard Zonation Atlas of Assam (1998-2023), NRSC/ISRO & ASDMA"
FHZ_VIL_1127,Flood,Dhemaji,Dhemaji,Koaphala Gaon,27.48,94.58,1998-2023 (Cumulative Assessment),Very High,Inundation Frequency >14 Times (1998-2023),Village Hazard Zone,"Flood Hazard Zonation Atlas of Assam (1998-2023), NRSC/ISRO & ASDMA"
FHZ_VIL_1128,Flood,Dhemaji,Dhemaji,Phatihabam No.1,27.48,94.58,1998-2023 (Cumulative Assessment),Very High,Inundation Frequency >14 Times (1998-2023),Village Hazard Zone,"Flood Hazard Zonation Atlas of Assam (1998-2023), NRSC/ISRO & ASDMA"
FHZ_VIL_1129,Flood,Dhemaji,Dhemaji,Rajabari Gaon,27.48,94.58,1998-2023 (Cumulative Assessment),Very High,Inundation Frequency >14 Times (1998-2023),Village Hazard Zone,"Flood Hazard Zonation Atlas of Assam (1998-2023), NRSC/ISRO & ASDMA"
FHZ_VIL_1130,Flood,Dhemaji,Dhemaji,Solomora Gaon,27.48,94.58,1998-2023 (Cumulative Assessment),Very High,Inundation Frequency >14 Times (1998-2023),Village Hazard Zone,"Flood Hazard Zonation Atlas of Assam (1998-2023), NRSC/ISRO & ASDMA"
FHZ_VIL_1131,Flood,Dhemaji,Dhemaji,Batoamukhmuri,27.48,94.58,1998-2023 (Cumulative Assessment),High,Inundation Frequency 11-14 Times (1998-2023),Village Hazard Zone,"Flood Hazard Zonation Atlas of Assam (1998-2023), NRSC/ISRO & ASDMA"
FHZ_VIL_1132,Flood,Dhemaji,Dhemaji,Bhereki Chuke,27.48,94.58,1998-2023 (Cumulative Assessment),High,Inundation Frequency 11-14 Times (1998-2023),Village Hazard Zone,"Flood Hazard Zonation Atlas of Assam (1998-2023), NRSC/ISRO & ASDMA"
FHZ_VIL_1133,Flood,Dhemaji,Dhemaji,Chengamari Gaon,27.48,94.58,1998-2023 (Cumulative Assessment),High,Inundation Frequency 11-14 Times (1998-2023),Village Hazard Zone,"Flood Hazard Zonation Atlas of Assam (1998-2023), NRSC/ISRO & ASDMA"
FHZ_VIL_1134,Flood,Dhemaji,Dhemaji,Domkota Miri,27.48,94.58,1998-2023 (Cumulative Assessment),High,Inundation Frequency 11-14 Times (1998-2023),Village Hazard Zone,"Flood Hazard Zonation Atlas of Assam (1998-2023), NRSC/ISRO & ASDMA"
FHZ_VIL_1135,Flood,Dhemaji,Dhemaji,Jorkota Ahom,27.48,94.58,1998-2023 (Cumulative Assessment),High,Inundation Frequency 11-14 Times (1998-2023),Village Hazard Zone,"Flood Hazard Zonation Atlas of Assam (1998-2023), NRSC/ISRO & ASDMA"
FHZ_VIL_1136,Flood,Dhemaji,Dhemaji,Kholihamari Nepali,27.48,94.58,1998-2023 (Cumulative Assessment),High,Inundation Frequency 11-14 Times (1998-2023),Village Hazard Zone,"Flood Hazard Zonation Atlas of Assam (1998-2023), NRSC/ISRO & ASDMA"
FHZ_VIL_1137,Flood,Dhemaji,Dhemaji,Kholihamari Solmari,27.48,94.58,1998-2023 (Cumulative Assessment),High,Inundation Frequency 11-14 Times (1998-2023),Village Hazard Zone,"Flood Hazard Zonation Atlas of Assam (1998-2023), NRSC/ISRO & ASDMA"
FHZ_VIL_1138,Flood,Dhemaji,Dhemaji,Koaphalahabi,27.48,94.58,1998-2023 (Cumulative Assessment),High,Inundation Frequency 11-14 Times (1998-2023),Village Hazard Zone,"Flood Hazard Zonation Atlas of Assam (1998-2023), NRSC/ISRO & ASDMA"
FHZ_VIL_1139,Flood,Dhemaji,Dhemaji,Laguabara Gaon,27.48,94.58,1998-2023 (Cumulative Assessment),High,Inundation Frequency 11-14 Times (1998-2023),Village Hazard Zone,"Flood Hazard Zonation Atlas of Assam (1998-2023), NRSC/ISRO & ASDMA"
FHZ_VIL_1140,Flood,Dhemaji,Dhemaji,Shingia Pathar,27.48,94.58,1998-2023 (Cumulative Assessment),High,Inundation Frequency 11-14 Times (1998-2023),Village Hazard Zone,"Flood Hazard Zonation Atlas of Assam (1998-2023), NRSC/ISRO & ASDMA"
FHZ_VIL_1141,Flood,Dhemaji,Dhemaji,Solomora N.c.,27.48,94.58,1998-2023 (Cumulative Assessment),High,Inundation Frequency 11-14 Times (1998-2023),Village Hazard Zone,"Flood Hazard Zonation Atlas of Assam (1998-2023), NRSC/ISRO & ASDMA"
FHZ_VIL_1142,Flood,Dhemaji,Dhemaji,Bakal Gaon,27.48,94.58,1998-2023 (Cumulative Assessment),Moderate,Inundation Frequency 7-10 Times (1998-2023),Village Hazard Zone,"Flood Hazard Zonation Atlas of Assam (1998-2023), NRSC/ISRO & ASDMA"
FHZ_VIL_1143,Flood,Dhemaji,Dhemaji,Bali Gaon No.1,27.48,94.58,1998-2023 (Cumulative Assessment),Moderate,Inundation Frequency 7-10 Times (1998-2023),Village Hazard Zone,"Flood Hazard Zonation Atlas of Assam (1998-2023), NRSC/ISRO & ASDMA"
FHZ_VIL_1144,Flood,Dhemaji,Dhemaji,Banglamari Gaon,27.48,94.58,1998-2023 (Cumulative Assessment),Moderate,Inundation Frequency 7-10 Times (1998-2023),Village Hazard Zone,"Flood Hazard Zonation Atlas of Assam (1998-2023), NRSC/ISRO & ASDMA"
FHZ_VIL_1145,Flood,Dhemaji,Dhemaji,Bhehpara Nopam,27.48,94.58,1998-2023 (Cumulative Assessment),Moderate,Inundation Frequency 7-10 Times (1998-2023),Village Hazard Zone,"Flood Hazard Zonation Atlas of Assam (1998-2023), NRSC/ISRO & ASDMA"
FHZ_VIL_1146,Flood,Dhemaji,Dhemaji,Bihdia N.c.,27.48,94.58,1998-2023 (Cumulative Assessment),Moderate,Inundation Frequency 7-10 Times (1998-2023),Village Hazard Zone,"Flood Hazard Zonation Atlas of Assam (1998-2023), NRSC/ISRO & ASDMA"
FHZ_VIL_1147,Flood,Dhemaji,Dhemaji,Boradhakat,27.48,94.58,1998-2023 (Cumulative Assessment),Moderate,Inundation Frequency 7-10 Times (1998-2023),Village Hazard Zone,"Flood Hazard Zonation Atlas of Assam (1998-2023), NRSC/ISRO & ASDMA"
FHZ_VIL_1148,Flood,Dhemaji,Dhemaji,Buti Kur,27.48,94.58,1998-2023 (Cumulative Assessment),Moderate,Inundation Frequency 7-10 Times (1998-2023),Village Hazard Zone,"Flood Hazard Zonation Atlas of Assam (1998-2023), NRSC/ISRO & ASDMA"
FHZ_VIL_1149,Flood,Dhemaji,Dhemaji,Chakala Dhalani,27.48,94.58,1998-2023 (Cumulative Assessment),Moderate,Inundation Frequency 7-10 Times (1998-2023),Village Hazard Zone,"Flood Hazard Zonation Atlas of Assam (1998-2023), NRSC/ISRO & ASDMA"
FHZ_VIL_1150,Flood,Dhemaji,Dhemaji,Chawria Gaon,27.48,94.58,1998-2023 (Cumulative Assessment),Moderate,Inundation Frequency 7-10 Times (1998-2023),Village Hazard Zone,"Flood Hazard Zonation Atlas of Assam (1998-2023), NRSC/ISRO & ASDMA"
FHZ_VIL_1151,Flood,Dhemaji,Dhemaji,Dakhin Jorkota,27.48,94.58,1998-2023 (Cumulative Assessment),Moderate,Inundation Frequency 7-10 Times (1998-2023),Village Hazard Zone,"Flood Hazard Zonation Atlas of Assam (1998-2023), NRSC/ISRO & ASDMA"
FHZ_VIL_1152,Flood,Dhemaji,Dhemaji,Deori Gaon,27.48,94.58,1998-2023 (Cumulative Assessment),Moderate,Inundation Frequency 7-10 Times (1998-2023),Village Hazard Zone,"Flood Hazard Zonation Atlas of Assam (1998-2023), NRSC/ISRO & ASDMA"
FHZ_VIL_1153,Flood,Dhemaji,Dhemaji,Garaimari Pathar,27.48,94.58,1998-2023 (Cumulative Assessment),Moderate,Inundation Frequency 7-10 Times (1998-2023),Village Hazard Zone,"Flood Hazard Zonation Atlas of Assam (1998-2023), NRSC/ISRO & ASDMA"
FHZ_VIL_1154,Flood,Dhemaji,Dhemaji,Gheari Gaon,27.48,94.58,1998-2023 (Cumulative Assessment),Moderate,Inundation Frequency 7-10 Times (1998-2023),Village Hazard Zone,"Flood Hazard Zonation Atlas of Assam (1998-2023), NRSC/ISRO & ASDMA"
FHZ_VIL_1155,Flood,Dhemaji,Dhemaji,Ghila Guri Gaon,27.48,94.58,1998-2023 (Cumulative Assessment),Moderate,Inundation Frequency 7-10 Times (1998-2023),Village Hazard Zone,"Flood Hazard Zonation Atlas of Assam (1998-2023), NRSC/ISRO & ASDMA"
FHZ_VIL_1156,Flood,Dhemaji,Dhemaji,Goraimari Gaon,27.48,94.58,1998-2023 (Cumulative Assessment),Moderate,Inundation Frequency 7-10 Times (1998-2023),Village Hazard Zone,"Flood Hazard Zonation Atlas of Assam (1998-2023), NRSC/ISRO & ASDMA"
FHZ_VIL_1157,Flood,Dhemaji,Dhemaji,Goriajan Gaon,27.48,94.58,1998-2023 (Cumulative Assessment),Moderate,Inundation Frequency 7-10 Times (1998-2023),Village Hazard Zone,"Flood Hazard Zonation Atlas of Assam (1998-2023), NRSC/ISRO & ASDMA"
FHZ_VIL_1158,Flood,Dhemaji,Dhemaji,Haitha Pathar,27.48,94.58,1998-2023 (Cumulative Assessment),Moderate,Inundation Frequency 7-10 Times (1998-2023),Village Hazard Zone,"Flood Hazard Zonation Atlas of Assam (1998-2023), NRSC/ISRO & ASDMA"
FHZ_VIL_1159,Flood,Dhemaji,Dhemaji,Jamuguri Gohain,27.48,94.58,1998-2023 (Cumulative Assessment),Moderate,Inundation Frequency 7-10 Times (1998-2023),Village Hazard Zone,"Flood Hazard Zonation Atlas of Assam (1998-2023), NRSC/ISRO & ASDMA"
FHZ_VIL_1160,Flood,Dhemaji,Dhemaji,Jiadhai Miri Pathar,27.48,94.58,1998-2023 (Cumulative Assessment),Moderate,Inundation Frequency 7-10 Times (1998-2023),Village Hazard Zone,"Flood Hazard Zonation Atlas of Assam (1998-2023), NRSC/ISRO & ASDMA"
FHZ_VIL_1161,Flood,Dhemaji,Dhemaji,Jorkota Bongali,27.48,94.58,1998-2023 (Cumulative Assessment),Moderate,Inundation Frequency 7-10 Times (1998-2023),Village Hazard Zone,"Flood Hazard Zonation Atlas of Assam (1998-2023), NRSC/ISRO & ASDMA"
FHZ_VIL_1162,Flood,Dhemaji,Dhemaji,Kachari Pathar,27.48,94.58,1998-2023 (Cumulative Assessment),Moderate,Inundation Frequency 7-10 Times (1998-2023),Village Hazard Zone,"Flood Hazard Zonation Atlas of Assam (1998-2023), NRSC/ISRO & ASDMA"
FHZ_VIL_1163,Flood,Dhemaji,Dhemaji,Kalakara Block,27.48,94.58,1998-2023 (Cumulative Assessment),Moderate,Inundation Frequency 7-10 Times (1998-2023),Village Hazard Zone,"Flood Hazard Zonation Atlas of Assam (1998-2023), NRSC/ISRO & ASDMA"
FHZ_VIL_1164,Flood,Dhemaji,Dhemaji,Kari Chuk Miri Pathar,27.48,94.58,1998-2023 (Cumulative Assessment),Moderate,Inundation Frequency 7-10 Times (1998-2023),Village Hazard Zone,"Flood Hazard Zonation Atlas of Assam (1998-2023), NRSC/ISRO & ASDMA"
FHZ_VIL_1165,Flood,Dhemaji,Dhemaji,Kawaimari Block,27.48,94.58,1998-2023 (Cumulative Assessment),Moderate,Inundation Frequency 7-10 Times (1998-2023),Village Hazard Zone,"Flood Hazard Zonation Atlas of Assam (1998-2023), NRSC/ISRO & ASDMA"
FHZ_VIL_1166,Flood,Dhemaji,Dhemaji,Khalihamari N.c.,27.48,94.58,1998-2023 (Cumulative Assessment),Moderate,Inundation Frequency 7-10 Times (1998-2023),Village Hazard Zone,"Flood Hazard Zonation Atlas of Assam (1998-2023), NRSC/ISRO & ASDMA"
FHZ_VIL_1167,Flood,Dhemaji,Dhemaji,Kholihamari Gaon,27.48,94.58,1998-2023 (Cumulative Assessment),Moderate,Inundation Frequency 7-10 Times (1998-2023),Village Hazard Zone,"Flood Hazard Zonation Atlas of Assam (1998-2023), NRSC/ISRO & ASDMA"
FHZ_VIL_1168,Flood,Dhemaji,Dhemaji,Lorachu,27.48,94.58,1998-2023 (Cumulative Assessment),Moderate,Inundation Frequency 7-10 Times (1998-2023),Village Hazard Zone,"Flood Hazard Zonation Atlas of Assam (1998-2023), NRSC/ISRO & ASDMA"
FHZ_VIL_1169,Flood,Dhemaji,Dhemaji,Nagakhelia Gaon,27.48,94.58,1998-2023 (Cumulative Assessment),Moderate,Inundation Frequency 7-10 Times (1998-2023),Village Hazard Zone,"Flood Hazard Zonation Atlas of Assam (1998-2023), NRSC/ISRO & ASDMA"
FHZ_VIL_1170,Flood,Dhemaji,Dhemaji,Napam Gaon,27.48,94.58,1998-2023 (Cumulative Assessment),Moderate,Inundation Frequency 7-10 Times (1998-2023),Village Hazard Zone,"Flood Hazard Zonation Atlas of Assam (1998-2023), NRSC/ISRO & ASDMA"
FHZ_VIL_1171,Flood,Dhemaji,Dhemaji,Pavamari Pather,27.48,94.58,1998-2023 (Cumulative Assessment),Moderate,Inundation Frequency 7-10 Times (1998-2023),Village Hazard Zone,"Flood Hazard Zonation Atlas of Assam (1998-2023), NRSC/ISRO & ASDMA"
FHZ_VIL_1172,Flood,Dhemaji,Dhemaji,Phatihabam No.2,27.48,94.58,1998-2023 (Cumulative Assessment),Moderate,Inundation Frequency 7-10 Times (1998-2023),Village Hazard Zone,"Flood Hazard Zonation Atlas of Assam (1998-2023), NRSC/ISRO & ASDMA"
FHZ_VIL_1173,Flood,Dhemaji,Dhemaji,Takjuri No.4,27.48,94.58,1998-2023 (Cumulative Assessment),Moderate,Inundation Frequency 7-10 Times (1998-2023),Village Hazard Zone,"Flood Hazard Zonation Atlas of Assam (1998-2023), NRSC/ISRO & ASDMA"
FHZ_VIL_1174,Flood,Dhemaji,Dhemaji,Takjuri No.5,27.48,94.58,1998-2023 (Cumulative Assessment),Moderate,Inundation Frequency 7-10 Times (1998-2023),Village Hazard Zone,"Flood Hazard Zonation Atlas of Assam (1998-2023), NRSC/ISRO & ASDMA"
FHZ_VIL_1175,Flood,Dhemaji,Sisibargaon,Banglamari Miri Gaon,27.48,94.58,1998-2023 (Cumulative Assessment),Very High,Inundation Frequency >14 Times (1998-2023),Village Hazard Zone,"Flood Hazard Zonation Atlas of Assam (1998-2023), NRSC/ISRO & ASDMA"
FHZ_VIL_1176,Flood,Dhemaji,Sisibargaon,Belong Chahaki Chuke,27.48,94.58,1998-2023 (Cumulative Assessment),Very High,Inundation Frequency >14 Times (1998-2023),Village Hazard Zone,"Flood Hazard Zonation Atlas of Assam (1998-2023), NRSC/ISRO & ASDMA"
FHZ_VIL_1177,Flood,Dhemaji,Sisibargaon,Bhangidia Gaon No.2,27.48,94.58,1998-2023 (Cumulative Assessment),Very High,Inundation Frequency >14 Times (1998-2023),Village Hazard Zone,"Flood Hazard Zonation Atlas of Assam (1998-2023), NRSC/ISRO & ASDMA"
FHZ_VIL_1178,Flood,Dhemaji,Sisibargaon,Burihuti Khuti,27.48,94.58,1998-2023 (Cumulative Assessment),Very High,Inundation Frequency >14 Times (1998-2023),Village Hazard Zone,"Flood Hazard Zonation Atlas of Assam (1998-2023), NRSC/ISRO & ASDMA"
FHZ_VIL_1179,Flood,Dhemaji,Sisibargaon,Sirikali Block,27.48,94.58,1998-2023 (Cumulative Assessment),Very High,Inundation Frequency >14 Times (1998-2023),Village Hazard Zone,"Flood Hazard Zonation Atlas of Assam (1998-2023), NRSC/ISRO & ASDMA"
FHZ_VIL_1180,Flood,Dhemaji,Sisibargaon,Amguri Block No.2,27.48,94.58,1998-2023 (Cumulative Assessment),High,Inundation Frequency 11-14 Times (1998-2023),Village Hazard Zone,"Flood Hazard Zonation Atlas of Assam (1998-2023), NRSC/ISRO & ASDMA"
FHZ_VIL_1181,Flood,Dhemaji,Sisibargaon,Amlakhi Pait No.1,27.48,94.58,1998-2023 (Cumulative Assessment),High,Inundation Frequency 11-14 Times (1998-2023),Village Hazard Zone,"Flood Hazard Zonation Atlas of Assam (1998-2023), NRSC/ISRO & ASDMA"
FHZ_VIL_1182,Flood,Dhemaji,Sisibargaon,Barchapari,27.48,94.58,1998-2023 (Cumulative Assessment),High,Inundation Frequency 11-14 Times (1998-2023),Village Hazard Zone,"Flood Hazard Zonation Atlas of Assam (1998-2023), NRSC/ISRO & ASDMA"
FHZ_VIL_1183,Flood,Dhemaji,Sisibargaon,Chengajan N.c.,27.48,94.58,1998-2023 (Cumulative Assessment),High,Inundation Frequency 11-14 Times (1998-2023),Village Hazard Zone,"Flood Hazard Zonation Atlas of Assam (1998-2023), NRSC/ISRO & ASDMA"
FHZ_VIL_1184,Flood,Dhemaji,Sisibargaon,Damkata Block No.2,27.48,94.58,1998-2023 (Cumulative Assessment),High,Inundation Frequency 11-14 Times (1998-2023),Village Hazard Zone,"Flood Hazard Zonation Atlas of Assam (1998-2023), NRSC/ISRO & ASDMA"
FHZ_VIL_1185,Flood,Dhemaji,Sisibargaon,Namgharia No.2,27.48,94.58,1998-2023 (Cumulative Assessment),High,Inundation Frequency 11-14 Times (1998-2023),Village Hazard Zone,"Flood Hazard Zonation Atlas of Assam (1998-2023), NRSC/ISRO & ASDMA"
FHZ_VIL_1186,Flood,Dhemaji,Sisibargaon,Sitalmari Gaon,27.48,94.58,1998-2023 (Cumulative Assessment),High,Inundation Frequency 11-14 Times (1998-2023),Village Hazard Zone,"Flood Hazard Zonation Atlas of Assam (1998-2023), NRSC/ISRO & ASDMA"
FHZ_VIL_1187,Flood,Dhemaji,Sisibargaon,Abar Ali,27.48,94.58,1998-2023 (Cumulative Assessment),Moderate,Inundation Frequency 7-10 Times (1998-2023),Village Hazard Zone,"Flood Hazard Zonation Atlas of Assam (1998-2023), NRSC/ISRO & ASDMA"
FHZ_VIL_1188,Flood,Dhemaji,Sisibargaon,Amlakhi Jatia No.2,27.48,94.58,1998-2023 (Cumulative Assessment),Moderate,Inundation Frequency 7-10 Times (1998-2023),Village Hazard Zone,"Flood Hazard Zonation Atlas of Assam (1998-2023), NRSC/ISRO & ASDMA"
FHZ_VIL_1189,Flood,Dhemaji,Sisibargaon,Aranya Chapari,27.48,94.58,1998-2023 (Cumulative Assessment),Moderate,Inundation Frequency 7-10 Times (1998-2023),Village Hazard Zone,"Flood Hazard Zonation Atlas of Assam (1998-2023), NRSC/ISRO & ASDMA"
FHZ_VIL_1190,Flood,Dhemaji,Sisibargaon,Balijan N.c.,27.48,94.58,1998-2023 (Cumulative Assessment),Moderate,Inundation Frequency 7-10 Times (1998-2023),Village Hazard Zone,"Flood Hazard Zonation Atlas of Assam (1998-2023), NRSC/ISRO & ASDMA"
FHZ_VIL_1191,Flood,Dhemaji,Sisibargaon,Barselek Gaon,27.48,94.58,1998-2023 (Cumulative Assessment),Moderate,Inundation Frequency 7-10 Times (1998-2023),Village Hazard Zone,"Flood Hazard Zonation Atlas of Assam (1998-2023), NRSC/ISRO & ASDMA"
FHZ_VIL_1192,Flood,Dhemaji,Sisibargaon,Bhangidia Gaon No.1,27.48,94.58,1998-2023 (Cumulative Assessment),Moderate,Inundation Frequency 7-10 Times (1998-2023),Village Hazard Zone,"Flood Hazard Zonation Atlas of Assam (1998-2023), NRSC/ISRO & ASDMA"
FHZ_VIL_1193,Flood,Dhemaji,Sisibargaon,Bhangidia Pathar,27.48,94.58,1998-2023 (Cumulative Assessment),Moderate,Inundation Frequency 7-10 Times (1998-2023),Village Hazard Zone,"Flood Hazard Zonation Atlas of Assam (1998-2023), NRSC/ISRO & ASDMA"
FHZ_VIL_1194,Flood,Dhemaji,Sisibargaon,Bhekeliranagari,27.48,94.58,1998-2023 (Cumulative Assessment),Moderate,Inundation Frequency 7-10 Times (1998-2023),Village Hazard Zone,"Flood Hazard Zonation Atlas of Assam (1998-2023), NRSC/ISRO & ASDMA"
FHZ_VIL_1195,Flood,Dhemaji,Sisibargaon,Bhereki Kasamari,27.48,94.58,1998-2023 (Cumulative Assessment),Moderate,Inundation Frequency 7-10 Times (1998-2023),Village Hazard Zone,"Flood Hazard Zonation Atlas of Assam (1998-2023), NRSC/ISRO & ASDMA"
FHZ_VIL_1196,Flood,Dhemaji,Sisibargaon,Borgayan Deori No.4,27.48,94.58,1998-2023 (Cumulative Assessment),Moderate,Inundation Frequency 7-10 Times (1998-2023),Village Hazard Zone,"Flood Hazard Zonation Atlas of Assam (1998-2023), NRSC/ISRO & ASDMA"
FHZ_VIL_1197,Flood,Dhemaji,Sisibargaon,Chekaibali Napam,27.48,94.58,1998-2023 (Cumulative Assessment),Moderate,Inundation Frequency 7-10 Times (1998-2023),Village Hazard Zone,"Flood Hazard Zonation Atlas of Assam (1998-2023), NRSC/ISRO & ASDMA"
FHZ_VIL_1198,Flood,Dhemaji,Sisibargaon,Chekaimukh Barghuli,27.48,94.58,1998-2023 (Cumulative Assessment),Moderate,Inundation Frequency 7-10 Times (1998-2023),Village Hazard Zone,"Flood Hazard Zonation Atlas of Assam (1998-2023), NRSC/ISRO & ASDMA"
FHZ_VIL_1199,Flood,Dhemaji,Sisibargaon,Chkaimaj Gaon No.1,27.48,94.58,1998-2023 (Cumulative Assessment),Moderate,Inundation Frequency 7-10 Times (1998-2023),Village Hazard Zone,"Flood Hazard Zonation Atlas of Assam (1998-2023), NRSC/ISRO & ASDMA"
FHZ_VIL_1200,Flood,Dhemaji,Sisibargaon,Chkaimaj Gaon No.1,27.48,94.58,1998-2023 (Cumulative Assessment),Moderate,Inundation Frequency 7-10 Times (1998-2023),Village Hazard Zone,"Flood Hazard Zonation Atlas of Assam (1998-2023), NRSC/ISRO & ASDMA"
FHZ_VIL_1201,Flood,Dhemaji,Sisibargaon,Chungamia,27.48,94.58,1998-2023 (Cumulative Assessment),Moderate,Inundation Frequency 7-10 Times (1998-2023),Village Hazard Zone,"Flood Hazard Zonation Atlas of Assam (1998-2023), NRSC/ISRO & ASDMA"
FHZ_VIL_1202,Flood,Dhemaji,Sisibargaon,Dambuk Kalabari,27.48,94.58,1998-2023 (Cumulative Assessment),Moderate,Inundation Frequency 7-10 Times (1998-2023),Village Hazard Zone,"Flood Hazard Zonation Atlas of Assam (1998-2023), NRSC/ISRO & ASDMA"
FHZ_VIL_1203,Flood,Dhemaji,Sisibargaon,Deori Gaon,27.48,94.58,1998-2023 (Cumulative Assessment),Moderate,Inundation Frequency 7-10 Times (1998-2023),Village Hazard Zone,"Flood Hazard Zonation Atlas of Assam (1998-2023), NRSC/ISRO & ASDMA"
FHZ_VIL_1204,Flood,Dhemaji,Sisibargaon,Deorighat No.1,27.48,94.58,1998-2023 (Cumulative Assessment),Moderate,Inundation Frequency 7-10 Times (1998-2023),Village Hazard Zone,"Flood Hazard Zonation Atlas of Assam (1998-2023), NRSC/ISRO & ASDMA"
FHZ_VIL_1205,Flood,Dhemaji,Sisibargaon,Dhunaguri Gaon,27.48,94.58,1998-2023 (Cumulative Assessment),Moderate,Inundation Frequency 7-10 Times (1998-2023),Village Hazard Zone,"Flood Hazard Zonation Atlas of Assam (1998-2023), NRSC/ISRO & ASDMA"
FHZ_VIL_1206,Flood,Dhemaji,Sisibargaon,Dighalidevera,27.48,94.58,1998-2023 (Cumulative Assessment),Moderate,Inundation Frequency 7-10 Times (1998-2023),Village Hazard Zone,"Flood Hazard Zonation Atlas of Assam (1998-2023), NRSC/ISRO & ASDMA"
FHZ_VIL_1207,Flood,Dhemaji,Sisibargaon,Kathalguri,27.48,94.58,1998-2023 (Cumulative Assessment),Moderate,Inundation Frequency 7-10 Times (1998-2023),Village Hazard Zone,"Flood Hazard Zonation Atlas of Assam (1998-2023), NRSC/ISRO & ASDMA"
FHZ_VIL_1208,Flood,Dhemaji,Sisibargaon,Kebaranga,27.48,94.58,1998-2023 (Cumulative Assessment),Moderate,Inundation Frequency 7-10 Times (1998-2023),Village Hazard Zone,"Flood Hazard Zonation Atlas of Assam (1998-2023), NRSC/ISRO & ASDMA"
FHZ_VIL_1209,Flood,Dhemaji,Sisibargaon,Kulajan Pather,27.48,94.58,1998-2023 (Cumulative Assessment),Moderate,Inundation Frequency 7-10 Times (1998-2023),Village Hazard Zone,"Flood Hazard Zonation Atlas of Assam (1998-2023), NRSC/ISRO & ASDMA"
FHZ_VIL_1210,Flood,Dhemaji,Sisibargaon,Laramkhuti,27.48,94.58,1998-2023 (Cumulative Assessment),Moderate,Inundation Frequency 7-10 Times (1998-2023),Village Hazard Zone,"Flood Hazard Zonation Atlas of Assam (1998-2023), NRSC/ISRO & ASDMA"
FHZ_VIL_1211,Flood,Dhemaji,Sisibargaon,Muktiar Kherkata No.3,27.48,94.58,1998-2023 (Cumulative Assessment),Moderate,Inundation Frequency 7-10 Times (1998-2023),Village Hazard Zone,"Flood Hazard Zonation Atlas of Assam (1998-2023), NRSC/ISRO & ASDMA"
FHZ_VIL_1212,Flood,Dhemaji,Sisibargaon,Namgharia No.1,27.48,94.58,1998-2023 (Cumulative Assessment),Moderate,Inundation Frequency 7-10 Times (1998-2023),Village Hazard Zone,"Flood Hazard Zonation Atlas of Assam (1998-2023), NRSC/ISRO & ASDMA"
FHZ_VIL_1213,Flood,Dhemaji,Sisibargaon,Piyang Gaon,27.48,94.58,1998-2023 (Cumulative Assessment),Moderate,Inundation Frequency 7-10 Times (1998-2023),Village Hazard Zone,"Flood Hazard Zonation Atlas of Assam (1998-2023), NRSC/ISRO & ASDMA"
FHZ_VIL_1214,Flood,Dhemaji,Sisibargaon,Punai,27.48,94.58,1998-2023 (Cumulative Assessment),Moderate,Inundation Frequency 7-10 Times (1998-2023),Village Hazard Zone,"Flood Hazard Zonation Atlas of Assam (1998-2023), NRSC/ISRO & ASDMA"
FHZ_VIL_1215,Flood,Dhemaji,Sisibargaon,Singibil,27.48,94.58,1998-2023 (Cumulative Assessment),Moderate,Inundation Frequency 7-10 Times (1998-2023),Village Hazard Zone,"Flood Hazard Zonation Atlas of Assam (1998-2023), NRSC/ISRO & ASDMA"
FHZ_VIL_1216,Flood,Dhemaji,Sisibargaon,Sonarighat No.1,27.48,94.58,1998-2023 (Cumulative Assessment),Moderate,Inundation Frequency 7-10 Times (1998-2023),Village Hazard Zone,"Flood Hazard Zonation Atlas of Assam (1998-2023), NRSC/ISRO & ASDMA"
FHZ_VIL_1217,Flood,Dhemaji,Sisibargaon,Sonarighat No.2,27.48,94.58,1998-2023 (Cumulative Assessment),Moderate,Inundation Frequency 7-10 Times (1998-2023),Village Hazard Zone,"Flood Hazard Zonation Atlas of Assam (1998-2023), NRSC/ISRO & ASDMA"
FHZ_VIL_1218,Flood,Dhemaji,Sisibargaon,Tangani Majgaon No.1,27.48,94.58,1998-2023 (Cumulative Assessment),Moderate,Inundation Frequency 7-10 Times (1998-2023),Village Hazard Zone,"Flood Hazard Zonation Atlas of Assam (1998-2023), NRSC/ISRO & ASDMA"
FHZ_VIL_1219,Flood,Dhemaji,Sisibargaon,Tangani Majgaon No.2,27.48,94.58,1998-2023 (Cumulative Assessment),Moderate,Inundation Frequency 7-10 Times (1998-2023),Village Hazard Zone,"Flood Hazard Zonation Atlas of Assam (1998-2023), NRSC/ISRO & ASDMA"
FHZ_VIL_1220,Flood,Dhemaji,Sisibargaon,Udmara Biock No.1,27.48,94.58,1998-2023 (Cumulative Assessment),Moderate,Inundation Frequency 7-10 Times (1998-2023),Village Hazard Zone,"Flood Hazard Zonation Atlas of Assam (1998-2023), NRSC/ISRO & ASDMA"
FHZ_VIL_1221,Flood,Dhemaji,Sisibargaon,Udmara Dighali,27.48,94.58,1998-2023 (Cumulative Assessment),Moderate,Inundation Frequency 7-10 Times (1998-2023),Village Hazard Zone,"Flood Hazard Zonation Atlas of Assam (1998-2023), NRSC/ISRO & ASDMA"
FHZ_VIL_1222,Flood,Dhemaji,Sisibargaon,Udmara Gaon,27.48,94.58,1998-2023 (Cumulative Assessment),Moderate,Inundation Frequency 7-10 Times (1998-2023),Village Hazard Zone,"Flood Hazard Zonation Atlas of Assam (1998-2023), NRSC/ISRO & ASDMA"
FHZ_VIL_1223,Flood,Dhemaji,Gogamukh,Adut Miri,27.48,94.58,1998-2023 (Cumulative Assessment),High,Inundation Frequency 11-14 Times (1998-2023),Village Hazard Zone,"Flood Hazard Zonation Atlas of Assam (1998-2023), NRSC/ISRO & ASDMA"
FHZ_VIL_1224,Flood,Dhemaji,Gogamukh,Kalyam,27.48,94.58,1998-2023 (Cumulative Assessment),High,Inundation Frequency 11-14 Times (1998-2023),Village Hazard Zone,"Flood Hazard Zonation Atlas of Assam (1998-2023), NRSC/ISRO & ASDMA"
FHZ_VIL_1225,Flood,Dhemaji,Gogamukh,Bahaktika Pathar,27.48,94.58,1998-2023 (Cumulative Assessment),Moderate,Inundation Frequency 7-10 Times (1998-2023),Village Hazard Zone,"Flood Hazard Zonation Atlas of Assam (1998-2023), NRSC/ISRO & ASDMA"
FHZ_VIL_1226,Flood,Dhemaji,Gogamukh,Berbhonga,27.48,94.58,1998-2023 (Cumulative Assessment),Moderate,Inundation Frequency 7-10 Times (1998-2023),Village Hazard Zone,"Flood Hazard Zonation Atlas of Assam (1998-2023), NRSC/ISRO & ASDMA"
FHZ_VIL_1227,Flood,Dhemaji,Gogamukh,Boraguri,27.48,94.58,1998-2023 (Cumulative Assessment),Moderate,Inundation Frequency 7-10 Times (1998-2023),Village Hazard Zone,"Flood Hazard Zonation Atlas of Assam (1998-2023), NRSC/ISRO & ASDMA"
FHZ_VIL_1228,Flood,Dhemaji,Gogamukh,Chutiakari,27.48,94.58,1998-2023 (Cumulative Assessment),Moderate,Inundation Frequency 7-10 Times (1998-2023),Village Hazard Zone,"Flood Hazard Zonation Atlas of Assam (1998-2023), NRSC/ISRO & ASDMA"
FHZ_VIL_1229,Flood,Dhemaji,Gogamukh,Goimari Banguli,27.48,94.58,1998-2023 (Cumulative Assessment),Moderate,Inundation Frequency 7-10 Times (1998-2023),Village Hazard Zone,"Flood Hazard Zonation Atlas of Assam (1998-2023), NRSC/ISRO & ASDMA"
FHZ_VIL_1230,Flood,Dhemaji,Gogamukh,Majgaon,27.48,94.58,1998-2023 (Cumulative Assessment),Moderate,Inundation Frequency 7-10 Times (1998-2023),Village Hazard Zone,"Flood Hazard Zonation Atlas of Assam (1998-2023), NRSC/ISRO & ASDMA"
FHZ_VIL_1231,Flood,Dhemaji,Gogamukh,Padumoni,27.48,94.58,1998-2023 (Cumulative Assessment),Moderate,Inundation Frequency 7-10 Times (1998-2023),Village Hazard Zone,"Flood Hazard Zonation Atlas of Assam (1998-2023), NRSC/ISRO & ASDMA"
FHZ_VIL_1232,Flood,Dhubri,Agamoni,Kaimari Part Vi,26.02,89.97,1998-2023 (Cumulative Assessment),Moderate,Inundation Frequency 7-10 Times (1998-2023),Village Hazard Zone,"Flood Hazard Zonation Atlas of Assam (1998-2023), NRSC/ISRO & ASDMA"
FHZ_VIL_1233,Flood,Dhubri,Athani,Bherakhowa,26.02,89.97,1998-2023 (Cumulative Assessment),Very High,Inundation Frequency >14 Times (1998-2023),Village Hazard Zone,"Flood Hazard Zonation Atlas of Assam (1998-2023), NRSC/ISRO & ASDMA"
FHZ_VIL_1234,Flood,Dhubri,Athani,Bondihona,26.02,89.97,1998-2023 (Cumulative Assessment),Very High,Inundation Frequency >14 Times (1998-2023),Village Hazard Zone,"Flood Hazard Zonation Atlas of Assam (1998-2023), NRSC/ISRO & ASDMA"
FHZ_VIL_1235,Flood,Dhubri,Athani,Boyjer Alga Part I,26.02,89.97,1998-2023 (Cumulative Assessment),Very High,Inundation Frequency >14 Times (1998-2023),Village Hazard Zone,"Flood Hazard Zonation Atlas of Assam (1998-2023), NRSC/ISRO & ASDMA"
FHZ_VIL_1236,Flood,Dhubri,Athani,Boyjer Alga Part X,26.02,89.97,1998-2023 (Cumulative Assessment),Very High,Inundation Frequency >14 Times (1998-2023),Village Hazard Zone,"Flood Hazard Zonation Atlas of Assam (1998-2023), NRSC/ISRO & ASDMA"
FHZ_VIL_1237,Flood,Dhubri,Athani,Boyjer Alga Part Xi,26.02,89.97,1998-2023 (Cumulative Assessment),Very High,Inundation Frequency >14 Times (1998-2023),Village Hazard Zone,"Flood Hazard Zonation Atlas of Assam (1998-2023), NRSC/ISRO & ASDMA"
FHZ_VIL_1238,Flood,Dhubri,Athani,Chirakhowa Part Iv,26.02,89.97,1998-2023 (Cumulative Assessment),Very High,Inundation Frequency >14 Times (1998-2023),Village Hazard Zone,"Flood Hazard Zonation Atlas of Assam (1998-2023), NRSC/ISRO & ASDMA"
FHZ_VIL_1239,Flood,Dhubri,Athani,Choudhurir Char Part Ii,26.02,89.97,1998-2023 (Cumulative Assessment),Very High,Inundation Frequency >14 Times (1998-2023),Village Hazard Zone,"Flood Hazard Zonation Atlas of Assam (1998-2023), NRSC/ISRO & ASDMA"
FHZ_VIL_1240,Flood,Dhubri,Athani,Choutara,26.02,89.97,1998-2023 (Cumulative Assessment),Very High,Inundation Frequency >14 Times (1998-2023),Village Hazard Zone,"Flood Hazard Zonation Atlas of Assam (1998-2023), NRSC/ISRO & ASDMA"
FHZ_VIL_1241,Flood,Dhubri,Athani,Dimatola Payastir Char,26.02,89.97,1998-2023 (Cumulative Assessment),Very High,Inundation Frequency >14 Times (1998-2023),Village Hazard Zone,"Flood Hazard Zonation Atlas of Assam (1998-2023), NRSC/ISRO & ASDMA"
FHZ_VIL_1242,Flood,Dhubri,Athani,Fakirer Char,26.02,89.97,1998-2023 (Cumulative Assessment),Very High,Inundation Frequency >14 Times (1998-2023),Village Hazard Zone,"Flood Hazard Zonation Atlas of Assam (1998-2023), NRSC/ISRO & ASDMA"
FHZ_VIL_1243,Flood,Dhubri,Athani,Fulkatari,26.02,89.97,1998-2023 (Cumulative Assessment),Very High,Inundation Frequency >14 Times (1998-2023),Village Hazard Zone,"Flood Hazard Zonation Atlas of Assam (1998-2023), NRSC/ISRO & ASDMA"
FHZ_VIL_1244,Flood,Dhubri,Athani,Jhapurchar N.C.,26.02,89.97,1998-2023 (Cumulative Assessment),Very High,Inundation Frequency >14 Times (1998-2023),Village Hazard Zone,"Flood Hazard Zonation Atlas of Assam (1998-2023), NRSC/ISRO & ASDMA"
FHZ_VIL_1245,Flood,Dhubri,Athani,Katlamari Part I,26.02,89.97,1998-2023 (Cumulative Assessment),Very High,Inundation Frequency >14 Times (1998-2023),Village Hazard Zone,"Flood Hazard Zonation Atlas of Assam (1998-2023), NRSC/ISRO & ASDMA"
FHZ_VIL_1246,Flood,Dhubri,Athani,Katlamari Part Ii,26.02,89.97,1998-2023 (Cumulative Assessment),Very High,Inundation Frequency >14 Times (1998-2023),Village Hazard Zone,"Flood Hazard Zonation Atlas of Assam (1998-2023), NRSC/ISRO & ASDMA"
FHZ_VIL_1247,Flood,Dhubri,Athani,Katlamari Part Iii,26.02,89.97,1998-2023 (Cumulative Assessment),Very High,Inundation Frequency >14 Times (1998-2023),Village Hazard Zone,"Flood Hazard Zonation Atlas of Assam (1998-2023), NRSC/ISRO & ASDMA"
FHZ_VIL_1248,Flood,Dhubri,Athani,Katlamari Part Iv,26.02,89.97,1998-2023 (Cumulative Assessment),Very High,Inundation Frequency >14 Times (1998-2023),Village Hazard Zone,"Flood Hazard Zonation Atlas of Assam (1998-2023), NRSC/ISRO & ASDMA"
FHZ_VIL_1249,Flood,Dhubri,Athani,Rangamati Part I,26.02,89.97,1998-2023 (Cumulative Assessment),Very High,Inundation Frequency >14 Times (1998-2023),Village Hazard Zone,"Flood Hazard Zonation Atlas of Assam (1998-2023), NRSC/ISRO & ASDMA"
FHZ_VIL_1250,Flood,Dhubri,Athani,Rangamati Part Ii,26.02,89.97,1998-2023 (Cumulative Assessment),Very High,Inundation Frequency >14 Times (1998-2023),Village Hazard Zone,"Flood Hazard Zonation Atlas of Assam (1998-2023), NRSC/ISRO & ASDMA"
FHZ_VIL_1251,Flood,Dhubri,Athani,Rangamati Part Iii,26.02,89.97,1998-2023 (Cumulative Assessment),Very High,Inundation Frequency >14 Times (1998-2023),Village Hazard Zone,"Flood Hazard Zonation Atlas of Assam (1998-2023), NRSC/ISRO & ASDMA"
FHZ_VIL_1252,Flood,Dhubri,Athani,River Block No.3 N.C.,26.02,89.97,1998-2023 (Cumulative Assessment),Very High,Inundation Frequency >14 Times (1998-2023),Village Hazard Zone,"Flood Hazard Zonation Atlas of Assam (1998-2023), NRSC/ISRO & ASDMA"
FHZ_VIL_1253,Flood,Dhubri,Athani,River Block No.4 N.C.,26.02,89.97,1998-2023 (Cumulative Assessment),Very High,Inundation Frequency >14 Times (1998-2023),Village Hazard Zone,"Flood Hazard Zonation Atlas of Assam (1998-2023), NRSC/ISRO & ASDMA"
FHZ_VIL_1254,Flood,Dhubri,Athani,River Block No.5 N.C.,26.02,89.97,1998-2023 (Cumulative Assessment),Very High,Inundation Frequency >14 Times (1998-2023),Village Hazard Zone,"Flood Hazard Zonation Atlas of Assam (1998-2023), NRSC/ISRO & ASDMA"
FHZ_VIL_1255,Flood,Dhubri,Athani,Salmara Part Iv,26.02,89.97,1998-2023 (Cumulative Assessment),Very High,Inundation Frequency >14 Times (1998-2023),Village Hazard Zone,"Flood Hazard Zonation Atlas of Assam (1998-2023), NRSC/ISRO & ASDMA"
FHZ_VIL_1256,Flood,Dhubri,Athani,Bagulamari Part I,26.02,89.97,1998-2023 (Cumulative Assessment),High,Inundation Frequency 11-14 Times (1998-2023),Village Hazard Zone,"Flood Hazard Zonation Atlas of Assam (1998-2023), NRSC/ISRO & ASDMA"
FHZ_VIL_1257,Flood,Dhubri,Athani,Bagulamarl Part Ii,26.02,89.97,1998-2023 (Cumulative Assessment),High,Inundation Frequency 11-14 Times (1998-2023),Village Hazard Zone,"Flood Hazard Zonation Atlas of Assam (1998-2023), NRSC/ISRO & ASDMA"
FHZ_VIL_1258,Flood,Dhubri,Athani,Chirakhowa Part V,26.02,89.97,1998-2023 (Cumulative Assessment),High,Inundation Frequency 11-14 Times (1998-2023),Village Hazard Zone,"Flood Hazard Zonation Atlas of Assam (1998-2023), NRSC/ISRO & ASDMA"
FHZ_VIL_1259,Flood,Dhubri,Athani,Choudhurir Char Part I,26.02,89.97,1998-2023 (Cumulative Assessment),High,Inundation Frequency 11-14 Times (1998-2023),Village Hazard Zone,"Flood Hazard Zonation Atlas of Assam (1998-2023), NRSC/ISRO & ASDMA"
FHZ_VIL_1260,Flood,Dhubri,Athani,Dalaner Alga Part I,26.02,89.97,1998-2023 (Cumulative Assessment),High,Inundation Frequency 11-14 Times (1998-2023),Village Hazard Zone,"Flood Hazard Zonation Atlas of Assam (1998-2023), NRSC/ISRO & ASDMA"
FHZ_VIL_1261,Flood,Dhubri,Athani,Dalaner Alga Part Ii,26.02,89.97,1998-2023 (Cumulative Assessment),High,Inundation Frequency 11-14 Times (1998-2023),Village Hazard Zone,"Flood Hazard Zonation Atlas of Assam (1998-2023), NRSC/ISRO & ASDMA"
FHZ_VIL_1262,Flood,Dhubri,Athani,Fasatpur,26.02,89.97,1998-2023 (Cumulative Assessment),High,Inundation Frequency 11-14 Times (1998-2023),Village Hazard Zone,"Flood Hazard Zonation Atlas of Assam (1998-2023), NRSC/ISRO & ASDMA"
FHZ_VIL_1263,Flood,Dhubri,Athani,Gutipara Part Vii,26.02,89.97,1998-2023 (Cumulative Assessment),High,Inundation Frequency 11-14 Times (1998-2023),Village Hazard Zone,"Flood Hazard Zonation Atlas of Assam (1998-2023), NRSC/ISRO & ASDMA"
FHZ_VIL_1264,Flood,Dhubri,Athani,Kaunbari,26.02,89.97,1998-2023 (Cumulative Assessment),High,Inundation Frequency 11-14 Times (1998-2023),Village Hazard Zone,"Flood Hazard Zonation Atlas of Assam (1998-2023), NRSC/ISRO & ASDMA"
FHZ_VIL_1265,Flood,Dhubri,Athani,Patkata Part Ii,26.02,89.97,1998-2023 (Cumulative Assessment),High,Inundation Frequency 11-14 Times (1998-2023),Village Hazard Zone,"Flood Hazard Zonation Atlas of Assam (1998-2023), NRSC/ISRO & ASDMA"
FHZ_VIL_1266,Flood,Dhubri,Athani,Sadhubhasa Part Ii,26.02,89.97,1998-2023 (Cumulative Assessment),High,Inundation Frequency 11-14 Times (1998-2023),Village Hazard Zone,"Flood Hazard Zonation Atlas of Assam (1998-2023), NRSC/ISRO & ASDMA"
FHZ_VIL_1267,Flood,Dhubri,Athani,Salmara Part Vi,26.02,89.97,1998-2023 (Cumulative Assessment),High,Inundation Frequency 11-14 Times (1998-2023),Village Hazard Zone,"Flood Hazard Zonation Atlas of Assam (1998-2023), NRSC/ISRO & ASDMA"
FHZ_VIL_1268,Flood,Dhubri,Athani,Salmara Part Vii,26.02,89.97,1998-2023 (Cumulative Assessment),High,Inundation Frequency 11-14 Times (1998-2023),Village Hazard Zone,"Flood Hazard Zonation Atlas of Assam (1998-2023), NRSC/ISRO & ASDMA"
FHZ_VIL_1269,Flood,Dhubri,Athani,Sand Block,26.02,89.97,1998-2023 (Cumulative Assessment),High,Inundation Frequency 11-14 Times (1998-2023),Village Hazard Zone,"Flood Hazard Zonation Atlas of Assam (1998-2023), NRSC/ISRO & ASDMA"
FHZ_VIL_1270,Flood,Dhubri,Athani,Baniamari Part Vii,26.02,89.97,1998-2023 (Cumulative Assessment),Moderate,Inundation Frequency 7-10 Times (1998-2023),Village Hazard Zone,"Flood Hazard Zonation Atlas of Assam (1998-2023), NRSC/ISRO & ASDMA"
FHZ_VIL_1271,Flood,Dhubri,Athani,Baniamari Part Viii,26.02,89.97,1998-2023 (Cumulative Assessment),Moderate,Inundation Frequency 7-10 Times (1998-2023),Village Hazard Zone,"Flood Hazard Zonation Atlas of Assam (1998-2023), NRSC/ISRO & ASDMA"
FHZ_VIL_1272,Flood,Dhubri,Athani,Chirakhowa Part Ii,26.02,89.97,1998-2023 (Cumulative Assessment),Moderate,Inundation Frequency 7-10 Times (1998-2023),Village Hazard Zone,"Flood Hazard Zonation Atlas of Assam (1998-2023), NRSC/ISRO & ASDMA"
FHZ_VIL_1273,Flood,Dhubri,Athani,Dimatola Part I,26.02,89.97,1998-2023 (Cumulative Assessment),Moderate,Inundation Frequency 7-10 Times (1998-2023),Village Hazard Zone,"Flood Hazard Zonation Atlas of Assam (1998-2023), NRSC/ISRO & ASDMA"
FHZ_VIL_1274,Flood,Dhubri,Athani,Gutipara Part Ii,26.02,89.97,1998-2023 (Cumulative Assessment),Moderate,Inundation Frequency 7-10 Times (1998-2023),Village Hazard Zone,"Flood Hazard Zonation Atlas of Assam (1998-2023), NRSC/ISRO & ASDMA"
FHZ_VIL_1275,Flood,Dhubri,Athani,Gutipara Part Iv,26.02,89.97,1998-2023 (Cumulative Assessment),Moderate,Inundation Frequency 7-10 Times (1998-2023),Village Hazard Zone,"Flood Hazard Zonation Atlas of Assam (1998-2023), NRSC/ISRO & ASDMA"
FHZ_VIL_1276,Flood,Dhubri,Athani,Gutipara Part V,26.02,89.97,1998-2023 (Cumulative Assessment),Moderate,Inundation Frequency 7-10 Times (1998-2023),Village Hazard Zone,"Flood Hazard Zonation Atlas of Assam (1998-2023), NRSC/ISRO & ASDMA"
FHZ_VIL_1277,Flood,Dhubri,Athani,Guttipara Part Vi,26.02,89.97,1998-2023 (Cumulative Assessment),Moderate,Inundation Frequency 7-10 Times (1998-2023),Village Hazard Zone,"Flood Hazard Zonation Atlas of Assam (1998-2023), NRSC/ISRO & ASDMA"
FHZ_VIL_1278,Flood,Dhubri,Athani,Jaharmura,26.02,89.97,1998-2023 (Cumulative Assessment),Moderate,Inundation Frequency 7-10 Times (1998-2023),Village Hazard Zone,"Flood Hazard Zonation Atlas of Assam (1998-2023), NRSC/ISRO & ASDMA"
FHZ_VIL_1279,Flood,Dhubri,Athani,Jhilturchar Part Iii,26.02,89.97,1998-2023 (Cumulative Assessment),Moderate,Inundation Frequency 7-10 Times (1998-2023),Village Hazard Zone,"Flood Hazard Zonation Atlas of Assam (1998-2023), NRSC/ISRO & ASDMA"
FHZ_VIL_1280,Flood,Dhubri,Athani,Jhornarchar Part I,26.02,89.97,1998-2023 (Cumulative Assessment),Moderate,Inundation Frequency 7-10 Times (1998-2023),Village Hazard Zone,"Flood Hazard Zonation Atlas of Assam (1998-2023), NRSC/ISRO & ASDMA"
FHZ_VIL_1281,Flood,Dhubri,Athani,Jhornarchar Part Ii,26.02,89.97,1998-2023 (Cumulative Assessment),Moderate,Inundation Frequency 7-10 Times (1998-2023),Village Hazard Zone,"Flood Hazard Zonation Atlas of Assam (1998-2023), NRSC/ISRO & ASDMA"
FHZ_VIL_1282,Flood,Dhubri,Athani,Khanabari Punenyani,26.02,89.97,1998-2023 (Cumulative Assessment),Moderate,Inundation Frequency 7-10 Times (1998-2023),Village Hazard Zone,"Flood Hazard Zonation Atlas of Assam (1998-2023), NRSC/ISRO & ASDMA"
FHZ_VIL_1283,Flood,Dhubri,Athani,Machipara Part I,26.02,89.97,1998-2023 (Cumulative Assessment),Moderate,Inundation Frequency 7-10 Times (1998-2023),Village Hazard Zone,"Flood Hazard Zonation Atlas of Assam (1998-2023), NRSC/ISRO & ASDMA"
FHZ_VIL_1284,Flood,Dhubri,Athani,Machipara Part Ii,26.02,89.97,1998-2023 (Cumulative Assessment),Moderate,Inundation Frequency 7-10 Times (1998-2023),Village Hazard Zone,"Flood Hazard Zonation Atlas of Assam (1998-2023), NRSC/ISRO & ASDMA"
FHZ_VIL_1285,Flood,Dhemaji,Athani,Naichardhap,27.48,94.58,1998-2023 (Cumulative Assessment),Moderate,Inundation Frequency 7-10 Times (1998-2023),Village Hazard Zone,"Flood Hazard Zonation Atlas of Assam (1998-2023), NRSC/ISRO & ASDMA"
FHZ_VIL_1286,Flood,Dhemaji,Athani,Patkata Part Iii,27.48,94.58,1998-2023 (Cumulative Assessment),Moderate,Inundation Frequency 7-10 Times (1998-2023),Village Hazard Zone,"Flood Hazard Zonation Atlas of Assam (1998-2023), NRSC/ISRO & ASDMA"
FHZ_VIL_1287,Flood,Dhemaji,Athani,Piazbari Part I,27.48,94.58,1998-2023 (Cumulative Assessment),Moderate,Inundation Frequency 7-10 Times (1998-2023),Village Hazard Zone,"Flood Hazard Zonation Atlas of Assam (1998-2023), NRSC/ISRO & ASDMA"
FHZ_VIL_1288,Flood,Dhemaji,Athani,Piazbari Part Ii,27.48,94.58,1998-2023 (Cumulative Assessment),Moderate,Inundation Frequency 7-10 Times (1998-2023),Village Hazard Zone,"Flood Hazard Zonation Atlas of Assam (1998-2023), NRSC/ISRO & ASDMA"
FHZ_VIL_1289,Flood,Dhemaji,Athani,Sadhubhasa No.2,27.48,94.58,1998-2023 (Cumulative Assessment),Moderate,Inundation Frequency 7-10 Times (1998-2023),Village Hazard Zone,"Flood Hazard Zonation Atlas of Assam (1998-2023), NRSC/ISRO & ASDMA"
FHZ_VIL_1290,Flood,Dhemaji,Athani,Sadhubhasa Part Iii,27.48,94.58,1998-2023 (Cumulative Assessment),Moderate,Inundation Frequency 7-10 Times (1998-2023),Village Hazard Zone,"Flood Hazard Zonation Atlas of Assam (1998-2023), NRSC/ISRO & ASDMA"
FHZ_VIL_1291,Flood,Dhemaji,Athani,Sadhubhasa Part Iv,27.48,94.58,1998-2023 (Cumulative Assessment),Moderate,Inundation Frequency 7-10 Times (1998-2023),Village Hazard Zone,"Flood Hazard Zonation Atlas of Assam (1998-2023), NRSC/ISRO & ASDMA"
FHZ_VIL_1292,Flood,Dhemaji,Athani,Salmara Part Ii,27.48,94.58,1998-2023 (Cumulative Assessment),Moderate,Inundation Frequency 7-10 Times (1998-2023),Village Hazard Zone,"Flood Hazard Zonation Atlas of Assam (1998-2023), NRSC/ISRO & ASDMA"
FHZ_VIL_1293,Flood,Dhemaji,Athani,Salmara Part Viii,27.48,94.58,1998-2023 (Cumulative Assessment),Moderate,Inundation Frequency 7-10 Times (1998-2023),Village Hazard Zone,"Flood Hazard Zonation Atlas of Assam (1998-2023), NRSC/ISRO & ASDMA"
FHZ_VIL_1294,Flood,Dhemaji,Athani,Shiber Alga,27.48,94.58,1998-2023 (Cumulative Assessment),Moderate,Inundation Frequency 7-10 Times (1998-2023),Village Hazard Zone,"Flood Hazard Zonation Atlas of Assam (1998-2023), NRSC/ISRO & ASDMA"
FHZ_VIL_1295,Flood,Dhemaji,Bilasipara,Gourangtari Pt-I,27.48,94.58,1998-2023 (Cumulative Assessment),Very High,Inundation Frequency >14 Times (1998-2023),Village Hazard Zone,"Flood Hazard Zonation Atlas of Assam (1998-2023), NRSC/ISRO & ASDMA"
FHZ_VIL_1296,Flood,Dhemaji,Bilasipara,Hakama Pt-I (Town),27.48,94.58,1998-2023 (Cumulative Assessment),Very High,Inundation Frequency >14 Times (1998-2023),Village Hazard Zone,"Flood Hazard Zonation Atlas of Assam (1998-2023), NRSC/ISRO & ASDMA"
FHZ_VIL_1297,Flood,Dhemaji,Bilasipara,Hakama Pt-Ii (T),27.48,94.58,1998-2023 (Cumulative Assessment),Very High,Inundation Frequency >14 Times (1998-2023),Village Hazard Zone,"Flood Hazard Zonation Atlas of Assam (1998-2023), NRSC/ISRO & ASDMA"
FHZ_VIL_1298,Flood,Dhemaji,Bilasipara,Hakama Pt-V (Town),27.48,94.58,1998-2023 (Cumulative Assessment),Very High,Inundation Frequency >14 Times (1998-2023),Village Hazard Zone,"Flood Hazard Zonation Atlas of Assam (1998-2023), NRSC/ISRO & ASDMA"
FHZ_VIL_1299,Flood,Dhemaji,Bilasipara,Kadomtola Pt-Ii,27.48,94.58,1998-2023 (Cumulative Assessment),Very High,Inundation Frequency >14 Times (1998-2023),Village Hazard Zone,"Flood Hazard Zonation Atlas of Assam (1998-2023), NRSC/ISRO & ASDMA"
FHZ_VIL_1300,Flood,Dhemaji,Bilasipara,Pasuarkhal Pt-Ii,27.48,94.58,1998-2023 (Cumulative Assessment),Very High,Inundation Frequency >14 Times (1998-2023),Village Hazard Zone,"Flood Hazard Zonation Atlas of Assam (1998-2023), NRSC/ISRO & ASDMA"
FHZ_VIL_1301,Flood,Dhemaji,Bilasipara,Sagunmari Pt-Ii,27.48,94.58,1998-2023 (Cumulative Assessment),Very High,Inundation Frequency >14 Times (1998-2023),Village Hazard Zone,"Flood Hazard Zonation Atlas of Assam (1998-2023), NRSC/ISRO & ASDMA"
FHZ_VIL_1302,Flood,Dhemaji,Bilasipara,Suapata Pt-I,27.48,94.58,1998-2023 (Cumulative Assessment),Very High,Inundation Frequency >14 Times (1998-2023),Village Hazard Zone,"Flood Hazard Zonation Atlas of Assam (1998-2023), NRSC/ISRO & ASDMA"
FHZ_VIL_1303,Flood,Dhemaji,Bilasipara,Suapata Pt-Ii,27.48,94.58,1998-2023 (Cumulative Assessment),Very High,Inundation Frequency >14 Times (1998-2023),Village Hazard Zone,"Flood Hazard Zonation Atlas of Assam (1998-2023), NRSC/ISRO & ASDMA"
FHZ_VIL_1304,Flood,Dhemaji,Bilasipara,Bangalipara Part Ii,27.48,94.58,1998-2023 (Cumulative Assessment),Very High,Inundation Frequency >14 Times (1998-2023),Village Hazard Zone,"Flood Hazard Zonation Atlas of Assam (1998-2023), NRSC/ISRO & ASDMA"
FHZ_VIL_1305,Flood,Dhemaji,Bilasipara,Boalkamuri Part I,27.48,94.58,1998-2023 (Cumulative Assessment),Very High,Inundation Frequency >14 Times (1998-2023),Village Hazard Zone,"Flood Hazard Zonation Atlas of Assam (1998-2023), NRSC/ISRO & ASDMA"
FHZ_VIL_1306,Flood,Dhemaji,Bilasipara,Boalkamuri Part Iii,27.48,94.58,1998-2023 (Cumulative Assessment),Very High,Inundation Frequency >14 Times (1998-2023),Village Hazard Zone,"Flood Hazard Zonation Atlas of Assam (1998-2023), NRSC/ISRO & ASDMA"
FHZ_VIL_1307,Flood,Dhemaji,Bilasipara,Dubachuri Part I,27.48,94.58,1998-2023 (Cumulative Assessment),Very High,Inundation Frequency >14 Times (1998-2023),Village Hazard Zone,"Flood Hazard Zonation Atlas of Assam (1998-2023), NRSC/ISRO & ASDMA"
FHZ_VIL_1308,Flood,Dhemaji,Bilasipara,Dubachuri Part Ii,27.48,94.58,1998-2023 (Cumulative Assessment),Very High,Inundation Frequency >14 Times (1998-2023),Village Hazard Zone,"Flood Hazard Zonation Atlas of Assam (1998-2023), NRSC/ISRO & ASDMA"
FHZ_VIL_1309,Flood,Dhemaji,Bilasipara,Lutapara,27.48,94.58,1998-2023 (Cumulative Assessment),Very High,Inundation Frequency >14 Times (1998-2023),Village Hazard Zone,"Flood Hazard Zonation Atlas of Assam (1998-2023), NRSC/ISRO & ASDMA"
FHZ_VIL_1310,Flood,Dhemaji,Bilasipara,Maspara,27.48,94.58,1998-2023 (Cumulative Assessment),High,Inundation Frequency 11-14 Times (1998-2023),Village Hazard Zone,"Flood Hazard Zonation Atlas of Assam (1998-2023), NRSC/ISRO & ASDMA"
FHZ_VIL_1311,Flood,Dhemaji,Bilasipara,Pakrirtal.,27.48,94.58,1998-2023 (Cumulative Assessment),High,Inundation Frequency 11-14 Times (1998-2023),Village Hazard Zone,"Flood Hazard Zonation Atlas of Assam (1998-2023), NRSC/ISRO & ASDMA"
FHZ_VIL_1312,Flood,Dhemaji,Bilasipara,Andurjhar Part Ii,27.48,94.58,1998-2023 (Cumulative Assessment),High,Inundation Frequency 11-14 Times (1998-2023),Village Hazard Zone,"Flood Hazard Zonation Atlas of Assam (1998-2023), NRSC/ISRO & ASDMA"
FHZ_VIL_1313,Flood,Dhemaji,Bilasipara,Baghmari,27.48,94.58,1998-2023 (Cumulative Assessment),High,Inundation Frequency 11-14 Times (1998-2023),Village Hazard Zone,"Flood Hazard Zonation Atlas of Assam (1998-2023), NRSC/ISRO & ASDMA"
FHZ_VIL_1314,Flood,Dhemaji,Bilasipara,Baghmari,27.48,94.58,1998-2023 (Cumulative Assessment),High,Inundation Frequency 11-14 Times (1998-2023),Village Hazard Zone,"Flood Hazard Zonation Atlas of Assam (1998-2023), NRSC/ISRO & ASDMA"
FHZ_VIL_1315,Flood,Dhemaji,Bilasipara,Boalkamuri Part Ii,27.48,94.58,1998-2023 (Cumulative Assessment),High,Inundation Frequency 11-14 Times (1998-2023),Village Hazard Zone,"Flood Hazard Zonation Atlas of Assam (1998-2023), NRSC/ISRO & ASDMA"
FHZ_VIL_1316,Flood,Dhemaji,Bilasipara,Gutipara Part I,27.48,94.58,1998-2023 (Cumulative Assessment),High,Inundation Frequency 11-14 Times (1998-2023),Village Hazard Zone,"Flood Hazard Zonation Atlas of Assam (1998-2023), NRSC/ISRO & ASDMA"
FHZ_VIL_1317,Flood,Dhemaji,Bilasipara,Kurshakati,27.48,94.58,1998-2023 (Cumulative Assessment),High,Inundation Frequency 11-14 Times (1998-2023),Village Hazard Zone,"Flood Hazard Zonation Atlas of Assam (1998-2023), NRSC/ISRO & ASDMA"
FHZ_VIL_1318,Flood,Dhemaji,Bilasipara,Kurshakati,27.48,94.58,1998-2023 (Cumulative Assessment),High,Inundation Frequency 11-14 Times (1998-2023),Village Hazard Zone,"Flood Hazard Zonation Atlas of Assam (1998-2023), NRSC/ISRO & ASDMA"
FHZ_VIL_1319,Flood,Dhemaji,Bilasipara,Gopigaon Pt-I,27.48,94.58,1998-2023 (Cumulative Assessment),Moderate,Inundation Frequency 7-10 Times (1998-2023),Village Hazard Zone,"Flood Hazard Zonation Atlas of Assam (1998-2023), NRSC/ISRO & ASDMA"
FHZ_VIL_1320,Flood,Dhemaji,Bilasipara,Gopigaon Pt-Ii,27.48,94.58,1998-2023 (Cumulative Assessment),Moderate,Inundation Frequency 7-10 Times (1998-2023),Village Hazard Zone,"Flood Hazard Zonation Atlas of Assam (1998-2023), NRSC/ISRO & ASDMA"
FHZ_VIL_1321,Flood,Dhemaji,Bilasipara,Haldibari Pt-I,27.48,94.58,1998-2023 (Cumulative Assessment),Moderate,Inundation Frequency 7-10 Times (1998-2023),Village Hazard Zone,"Flood Hazard Zonation Atlas of Assam (1998-2023), NRSC/ISRO & ASDMA"
FHZ_VIL_1322,Flood,Dhemaji,Bilasipara,Jhelturchar Pt-I,27.48,94.58,1998-2023 (Cumulative Assessment),Moderate,Inundation Frequency 7-10 Times (1998-2023),Village Hazard Zone,"Flood Hazard Zonation Atlas of Assam (1998-2023), NRSC/ISRO & ASDMA"
FHZ_VIL_1323,Flood,Dhemaji,Bilasipara,Jhelturchar Pt-Ii,27.48,94.58,1998-2023 (Cumulative Assessment),Moderate,Inundation Frequency 7-10 Times (1998-2023),Village Hazard Zone,"Flood Hazard Zonation Atlas of Assam (1998-2023), NRSC/ISRO & ASDMA"
FHZ_VIL_1324,Flood,Dhemaji,Bilasipara,Kajaikata Pt-I,27.48,94.58,1998-2023 (Cumulative Assessment),Moderate,Inundation Frequency 7-10 Times (1998-2023),Village Hazard Zone,"Flood Hazard Zonation Atlas of Assam (1998-2023), NRSC/ISRO & ASDMA"
FHZ_VIL_1325,Flood,Dhemaji,Bilasipara,Kajaikata Pt-Ii,27.48,94.58,1998-2023 (Cumulative Assessment),Moderate,Inundation Frequency 7-10 Times (1998-2023),Village Hazard Zone,"Flood Hazard Zonation Atlas of Assam (1998-2023), NRSC/ISRO & ASDMA"
FHZ_VIL_1326,Flood,Dhemaji,Bilasipara,Kajaikata Pt-V,27.48,94.58,1998-2023 (Cumulative Assessment),Moderate,Inundation Frequency 7-10 Times (1998-2023),Village Hazard Zone,"Flood Hazard Zonation Atlas of Assam (1998-2023), NRSC/ISRO & ASDMA"
FHZ_VIL_1327,Flood,Dhemaji,Bilasipara,Nayeralga Pt- Iii,27.48,94.58,1998-2023 (Cumulative Assessment),Moderate,Inundation Frequency 7-10 Times (1998-2023),Village Hazard Zone,"Flood Hazard Zonation Atlas of Assam (1998-2023), NRSC/ISRO & ASDMA"
FHZ_VIL_1328,Flood,Dhemaji,Bilasipara,Noyapara,27.48,94.58,1998-2023 (Cumulative Assessment),Moderate,Inundation Frequency 7-10 Times (1998-2023),Village Hazard Zone,"Flood Hazard Zonation Atlas of Assam (1998-2023), NRSC/ISRO & ASDMA"
FHZ_VIL_1329,Flood,Dhemaji,Bilasipara,Paikandara Pt-Ii,27.48,94.58,1998-2023 (Cumulative Assessment),Moderate,Inundation Frequency 7-10 Times (1998-2023),Village Hazard Zone,"Flood Hazard Zonation Atlas of Assam (1998-2023), NRSC/ISRO & ASDMA"
FHZ_VIL_1330,Flood,Dhemaji,Bilasipara,Pasuarkhal Pt-Iii,27.48,94.58,1998-2023 (Cumulative Assessment),Moderate,Inundation Frequency 7-10 Times (1998-2023),Village Hazard Zone,"Flood Hazard Zonation Atlas of Assam (1998-2023), NRSC/ISRO & ASDMA"
FHZ_VIL_1331,Flood,Dhemaji,Bilasipara,Sagunmari Pt-I,27.48,94.58,1998-2023 (Cumulative Assessment),Moderate,Inundation Frequency 7-10 Times (1998-2023),Village Hazard Zone,"Flood Hazard Zonation Atlas of Assam (1998-2023), NRSC/ISRO & ASDMA"
FHZ_VIL_1332,Flood,Dhemaji,Bilasipara,Sasargaon Pt-I,27.48,94.58,1998-2023 (Cumulative Assessment),Moderate,Inundation Frequency 7-10 Times (1998-2023),Village Hazard Zone,"Flood Hazard Zonation Atlas of Assam (1998-2023), NRSC/ISRO & ASDMA"
FHZ_VIL_1333,Flood,Dhemaji,Bilasipara,Suapata Pt-Iii,27.48,94.58,1998-2023 (Cumulative Assessment),Moderate,Inundation Frequency 7-10 Times (1998-2023),Village Hazard Zone,"Flood Hazard Zonation Atlas of Assam (1998-2023), NRSC/ISRO & ASDMA"
FHZ_VIL_1334,Flood,Dhemaji,Bilasipara,Suapata Pt-Iv,27.48,94.58,1998-2023 (Cumulative Assessment),Moderate,Inundation Frequency 7-10 Times (1998-2023),Village Hazard Zone,"Flood Hazard Zonation Atlas of Assam (1998-2023), NRSC/ISRO & ASDMA"
FHZ_VIL_1335,Flood,Dhemaji,Bilasipara,Suapata Pt-V,27.48,94.58,1998-2023 (Cumulative Assessment),Moderate,Inundation Frequency 7-10 Times (1998-2023),Village Hazard Zone,"Flood Hazard Zonation Atlas of Assam (1998-2023), NRSC/ISRO & ASDMA"
FHZ_VIL_1336,Flood,Dhemaji,Bilasipara,Hazaripara,27.48,94.58,1998-2023 (Cumulative Assessment),Moderate,Inundation Frequency 7-10 Times (1998-2023),Village Hazard Zone,"Flood Hazard Zonation Atlas of Assam (1998-2023), NRSC/ISRO & ASDMA"
FHZ_VIL_1337,Flood,Dhemaji,Bilasipara,Helaguri,27.48,94.58,1998-2023 (Cumulative Assessment),Moderate,Inundation Frequency 7-10 Times (1998-2023),Village Hazard Zone,"Flood Hazard Zonation Atlas of Assam (1998-2023), NRSC/ISRO & ASDMA"
FHZ_VIL_1338,Flood,Dhemaji,Bilasipara,Singimari,27.48,94.58,1998-2023 (Cumulative Assessment),Moderate,Inundation Frequency 7-10 Times (1998-2023),Village Hazard Zone,"Flood Hazard Zonation Atlas of Assam (1998-2023), NRSC/ISRO & ASDMA"
FHZ_VIL_1339,Flood,Dhemaji,Bilasipara,Sukratari,27.48,94.58,1998-2023 (Cumulative Assessment),Moderate,Inundation Frequency 7-10 Times (1998-2023),Village Hazard Zone,"Flood Hazard Zonation Atlas of Assam (1998-2023), NRSC/ISRO & ASDMA"
FHZ_VIL_1340,Flood,Dhemaji,Chapar,Aklapara,27.48,94.58,1998-2023 (Cumulative Assessment),Very High,Inundation Frequency >14 Times (1998-2023),Village Hazard Zone,"Flood Hazard Zonation Atlas of Assam (1998-2023), NRSC/ISRO & ASDMA"
FHZ_VIL_1341,Flood,Dhemaji,Chapar,Arearjhar Pt-Ii,27.48,94.58,1998-2023 (Cumulative Assessment),Very High,Inundation Frequency >14 Times (1998-2023),Village Hazard Zone,"Flood Hazard Zonation Atlas of Assam (1998-2023), NRSC/ISRO & ASDMA"
FHZ_VIL_1342,Flood,Dhemaji,Chapar,Arearjhar Pt-Iii(Town),27.48,94.58,1998-2023 (Cumulative Assessment),Very High,Inundation Frequency >14 Times (1998-2023),Village Hazard Zone,"Flood Hazard Zonation Atlas of Assam (1998-2023), NRSC/ISRO & ASDMA"
FHZ_VIL_1343,Flood,Dhemaji,Chapar,Velupara Pt-I,27.48,94.58,1998-2023 (Cumulative Assessment),Very High,Inundation Frequency >14 Times (1998-2023),Village Hazard Zone,"Flood Hazard Zonation Atlas of Assam (1998-2023), NRSC/ISRO & ASDMA"
FHZ_VIL_1344,Flood,Dhemaji,Chapar,Velupara Pt-Ii,27.48,94.58,1998-2023 (Cumulative Assessment),Very High,Inundation Frequency >14 Times (1998-2023),Village Hazard Zone,"Flood Hazard Zonation Atlas of Assam (1998-2023), NRSC/ISRO & ASDMA"
FHZ_VIL_1345,Flood,Dhemaji,Chapar,Baniapara Part Ii,27.48,94.58,1998-2023 (Cumulative Assessment),Very High,Inundation Frequency >14 Times (1998-2023),Village Hazard Zone,"Flood Hazard Zonation Atlas of Assam (1998-2023), NRSC/ISRO & ASDMA"
FHZ_VIL_1346,Flood,Dhemaji,Chapar,Bholapara,27.48,94.58,1998-2023 (Cumulative Assessment),Very High,Inundation Frequency >14 Times (1998-2023),Village Hazard Zone,"Flood Hazard Zonation Atlas of Assam (1998-2023), NRSC/ISRO & ASDMA"
FHZ_VIL_1347,Flood,Dhemaji,Chapar,Block,27.48,94.58,1998-2023 (Cumulative Assessment),Very High,Inundation Frequency >14 Times (1998-2023),Village Hazard Zone,"Flood Hazard Zonation Atlas of Assam (1998-2023), NRSC/ISRO & ASDMA"
FHZ_VIL_1348,Flood,Dhemaji,Chapar,Dawaguri,27.48,94.58,1998-2023 (Cumulative Assessment),Very High,Inundation Frequency >14 Times (1998-2023),Village Hazard Zone,"Flood Hazard Zonation Atlas of Assam (1998-2023), NRSC/ISRO & ASDMA"
FHZ_VIL_1349,Flood,Dhemaji,Chapar,Dhireschar Part Ii,27.48,94.58,1998-2023 (Cumulative Assessment),Very High,Inundation Frequency >14 Times (1998-2023),Village Hazard Zone,"Flood Hazard Zonation Atlas of Assam (1998-2023), NRSC/ISRO & ASDMA"
FHZ_VIL_1350,Flood,Dhemaji,Chapar,Falimari,27.48,94.58,1998-2023 (Cumulative Assessment),Very High,Inundation Frequency >14 Times (1998-2023),Village Hazard Zone,"Flood Hazard Zonation Atlas of Assam (1998-2023), NRSC/ISRO & ASDMA"
FHZ_VIL_1351,Flood,Dhemaji,Chapar,Gaurangtari Part I,27.48,94.58,1998-2023 (Cumulative Assessment),Very High,Inundation Frequency >14 Times (1998-2023),Village Hazard Zone,"Flood Hazard Zonation Atlas of Assam (1998-2023), NRSC/ISRO & ASDMA"
FHZ_VIL_1352,Flood,Dhemaji,Chapar,Gerabhita,27.48,94.58,1998-2023 (Cumulative Assessment),Very High,Inundation Frequency >14 Times (1998-2023),Village Hazard Zone,"Flood Hazard Zonation Atlas of Assam (1998-2023), NRSC/ISRO & ASDMA"
FHZ_VIL_1353,Flood,Dhemaji,Chapar,Harkata Hindupara,27.48,94.58,1998-2023 (Cumulative Assessment),Very High,Inundation Frequency >14 Times (1998-2023),Village Hazard Zone,"Flood Hazard Zonation Atlas of Assam (1998-2023), NRSC/ISRO & ASDMA"
FHZ_VIL_1354,Flood,Dhemaji,Chapar,Hatipota Part I,27.48,94.58,1998-2023 (Cumulative Assessment),Very High,Inundation Frequency >14 Times (1998-2023),Village Hazard Zone,"Flood Hazard Zonation Atlas of Assam (1998-2023), NRSC/ISRO & ASDMA"
FHZ_VIL_1355,Flood,Dhemaji,Chapar,Jogipara,27.48,94.58,1998-2023 (Cumulative Assessment),Very High,Inundation Frequency >14 Times (1998-2023),Village Hazard Zone,"Flood Hazard Zonation Atlas of Assam (1998-2023), NRSC/ISRO & ASDMA"
FHZ_VIL_1356,Flood,Dhemaji,Chapar,Kamardhi Part I,27.48,94.58,1998-2023 (Cumulative Assessment),Very High,Inundation Frequency >14 Times (1998-2023),Village Hazard Zone,"Flood Hazard Zonation Atlas of Assam (1998-2023), NRSC/ISRO & ASDMA"
FHZ_VIL_1357,Flood,Dhemaji,Chapar,Khamarpara,27.48,94.58,1998-2023 (Cumulative Assessment),Very High,Inundation Frequency >14 Times (1998-2023),Village Hazard Zone,"Flood Hazard Zonation Atlas of Assam (1998-2023), NRSC/ISRO & ASDMA"
FHZ_VIL_1358,Flood,Dhemaji,Chapar,Kumrigaon,27.48,94.58,1998-2023 (Cumulative Assessment),Very High,Inundation Frequency >14 Times (1998-2023),Village Hazard Zone,"Flood Hazard Zonation Atlas of Assam (1998-2023), NRSC/ISRO & ASDMA"
FHZ_VIL_1359,Flood,Dhemaji,Chapar,Majhergaon,27.48,94.58,1998-2023 (Cumulative Assessment),Very High,Inundation Frequency >14 Times (1998-2023),Village Hazard Zone,"Flood Hazard Zonation Atlas of Assam (1998-2023), NRSC/ISRO & ASDMA"
FHZ_VIL_1360,Flood,Dhemaji,Chapar,Nunmati Part I,27.48,94.58,1998-2023 (Cumulative Assessment),Very High,Inundation Frequency >14 Times (1998-2023),Village Hazard Zone,"Flood Hazard Zonation Atlas of Assam (1998-2023), NRSC/ISRO & ASDMA"
FHZ_VIL_1361,Flood,Dhemaji,Chapar,Parsanpara,27.48,94.58,1998-2023 (Cumulative Assessment),Very High,Inundation Frequency >14 Times (1998-2023),Village Hazard Zone,"Flood Hazard Zonation Atlas of Assam (1998-2023), NRSC/ISRO & ASDMA"
FHZ_VIL_1362,Flood,Dhemaji,Chapar,Santoshpur,27.48,94.58,1998-2023 (Cumulative Assessment),Very High,Inundation Frequency >14 Times (1998-2023),Village Hazard Zone,"Flood Hazard Zonation Atlas of Assam (1998-2023), NRSC/ISRO & ASDMA"
FHZ_VIL_1363,Flood,Dhemaji,Chapar,Simlabari Part I,27.48,94.58,1998-2023 (Cumulative Assessment),Very High,Inundation Frequency >14 Times (1998-2023),Village Hazard Zone,"Flood Hazard Zonation Atlas of Assam (1998-2023), NRSC/ISRO & ASDMA"
FHZ_VIL_1364,Flood,Dhemaji,Chapar,Simlabari Part Ii,27.48,94.58,1998-2023 (Cumulative Assessment),Very High,Inundation Frequency >14 Times (1998-2023),Village Hazard Zone,"Flood Hazard Zonation Atlas of Assam (1998-2023), NRSC/ISRO & ASDMA"
FHZ_VIL_1365,Flood,Dhemaji,Chapar,Simlabari Part Iii,27.48,94.58,1998-2023 (Cumulative Assessment),Very High,Inundation Frequency >14 Times (1998-2023),Village Hazard Zone,"Flood Hazard Zonation Atlas of Assam (1998-2023), NRSC/ISRO & ASDMA"
FHZ_VIL_1366,Flood,Dhemaji,Chapar,Simlabari Part Iv,27.48,94.58,1998-2023 (Cumulative Assessment),Very High,Inundation Frequency >14 Times (1998-2023),Village Hazard Zone,"Flood Hazard Zonation Atlas of Assam (1998-2023), NRSC/ISRO & ASDMA"
FHZ_VIL_1367,Flood,Dhemaji,Chapar,Botordol,27.48,94.58,1998-2023 (Cumulative Assessment),High,Inundation Frequency 11-14 Times (1998-2023),Village Hazard Zone,"Flood Hazard Zonation Atlas of Assam (1998-2023), NRSC/ISRO & ASDMA"
FHZ_VIL_1368,Flood,Dhemaji,Chapar,Hapapara Part Ii,27.48,94.58,1998-2023 (Cumulative Assessment),High,Inundation Frequency 11-14 Times (1998-2023),Village Hazard Zone,"Flood Hazard Zonation Atlas of Assam (1998-2023), NRSC/ISRO & ASDMA"
FHZ_VIL_1369,Flood,Dhemaji,Chapar,Islamari,27.48,94.58,1998-2023 (Cumulative Assessment),High,Inundation Frequency 11-14 Times (1998-2023),Village Hazard Zone,"Flood Hazard Zonation Atlas of Assam (1998-2023), NRSC/ISRO & ASDMA"
FHZ_VIL_1370,Flood,Dhemaji,Chapar,Kashipara,27.48,94.58,1998-2023 (Cumulative Assessment),High,Inundation Frequency 11-14 Times (1998-2023),Village Hazard Zone,"Flood Hazard Zonation Atlas of Assam (1998-2023), NRSC/ISRO & ASDMA"
FHZ_VIL_1371,Flood,Dhemaji,Chapar,Kurshakati,27.48,94.58,1998-2023 (Cumulative Assessment),High,Inundation Frequency 11-14 Times (1998-2023),Village Hazard Zone,"Flood Hazard Zonation Atlas of Assam (1998-2023), NRSC/ISRO & ASDMA"
FHZ_VIL_1372,Flood,Dhemaji,Chapar,Salkapara,27.48,94.58,1998-2023 (Cumulative Assessment),High,Inundation Frequency 11-14 Times (1998-2023),Village Hazard Zone,"Flood Hazard Zonation Atlas of Assam (1998-2023), NRSC/ISRO & ASDMA"
FHZ_VIL_1373,Flood,Dhemaji,Chapar,Salkocha,27.48,94.58,1998-2023 (Cumulative Assessment),High,Inundation Frequency 11-14 Times (1998-2023),Village Hazard Zone,"Flood Hazard Zonation Atlas of Assam (1998-2023), NRSC/ISRO & ASDMA"
FHZ_VIL_1374,Flood,Dhemaji,Chapar,Sreergram Part Iv,27.48,94.58,1998-2023 (Cumulative Assessment),High,Inundation Frequency 11-14 Times (1998-2023),Village Hazard Zone,"Flood Hazard Zonation Atlas of Assam (1998-2023), NRSC/ISRO & ASDMA"
FHZ_VIL_1375,Flood,Dhemaji,Chapar,Balkerkhal,27.48,94.58,1998-2023 (Cumulative Assessment),Moderate,Inundation Frequency 7-10 Times (1998-2023),Village Hazard Zone,"Flood Hazard Zonation Atlas of Assam (1998-2023), NRSC/ISRO & ASDMA"
FHZ_VIL_1376,Flood,Dhemaji,Chapar,Barunitara Part I,27.48,94.58,1998-2023 (Cumulative Assessment),Moderate,Inundation Frequency 7-10 Times (1998-2023),Village Hazard Zone,"Flood Hazard Zonation Atlas of Assam (1998-2023), NRSC/ISRO & ASDMA"
FHZ_VIL_1377,Flood,Dhemaji,Chapar,Sastapara,27.48,94.58,1998-2023 (Cumulative Assessment),Moderate,Inundation Frequency 7-10 Times (1998-2023),Village Hazard Zone,"Flood Hazard Zonation Atlas of Assam (1998-2023), NRSC/ISRO & ASDMA"
FHZ_VIL_1378,Flood,Dhemaji,Chapar,Bamunpara,27.48,94.58,1998-2023 (Cumulative Assessment),Moderate,Inundation Frequency 7-10 Times (1998-2023),Village Hazard Zone,"Flood Hazard Zonation Atlas of Assam (1998-2023), NRSC/ISRO & ASDMA"
FHZ_VIL_1379,Flood,Dhemaji,Chapar,Baniapara Part I,27.48,94.58,1998-2023 (Cumulative Assessment),Moderate,Inundation Frequency 7-10 Times (1998-2023),Village Hazard Zone,"Flood Hazard Zonation Atlas of Assam (1998-2023), NRSC/ISRO & ASDMA"
FHZ_VIL_1380,Flood,Dhemaji,Chapar,Hapapara Part I,27.48,94.58,1998-2023 (Cumulative Assessment),Moderate,Inundation Frequency 7-10 Times (1998-2023),Village Hazard Zone,"Flood Hazard Zonation Atlas of Assam (1998-2023), NRSC/ISRO & ASDMA"
FHZ_VIL_1381,Flood,Dhemaji,Chapar,Harkata Musalmanpara,27.48,94.58,1998-2023 (Cumulative Assessment),Moderate,Inundation Frequency 7-10 Times (1998-2023),Village Hazard Zone,"Flood Hazard Zonation Atlas of Assam (1998-2023), NRSC/ISRO & ASDMA"
FHZ_VIL_1382,Flood,Dhemaji,Chapar,Kajipara Part Ii,27.48,94.58,1998-2023 (Cumulative Assessment),Moderate,Inundation Frequency 7-10 Times (1998-2023),Village Hazard Zone,"Flood Hazard Zonation Atlas of Assam (1998-2023), NRSC/ISRO & ASDMA"
FHZ_VIL_1383,Flood,Dhemaji,Chapar,Kamar Para,27.48,94.58,1998-2023 (Cumulative Assessment),Moderate,Inundation Frequency 7-10 Times (1998-2023),Village Hazard Zone,"Flood Hazard Zonation Atlas of Assam (1998-2023), NRSC/ISRO & ASDMA"
FHZ_VIL_1384,Flood,Dhemaji,Chapar,Pukhuripara Part I,27.48,94.58,1998-2023 (Cumulative Assessment),Moderate,Inundation Frequency 7-10 Times (1998-2023),Village Hazard Zone,"Flood Hazard Zonation Atlas of Assam (1998-2023), NRSC/ISRO & ASDMA"
FHZ_VIL_1385,Flood,Dhemaji,Chapar,Samraipara,27.48,94.58,1998-2023 (Cumulative Assessment),Moderate,Inundation Frequency 7-10 Times (1998-2023),Village Hazard Zone,"Flood Hazard Zonation Atlas of Assam (1998-2023), NRSC/ISRO & ASDMA"
FHZ_VIL_1386,Flood,Dhemaji,Chapar,Sreergram Part I,27.48,94.58,1998-2023 (Cumulative Assessment),Moderate,Inundation Frequency 7-10 Times (1998-2023),Village Hazard Zone,"Flood Hazard Zonation Atlas of Assam (1998-2023), NRSC/ISRO & ASDMA"
FHZ_VIL_1387,Flood,Dhemaji,Chapar,Tarangapur Part I,27.48,94.58,1998-2023 (Cumulative Assessment),Moderate,Inundation Frequency 7-10 Times (1998-2023),Village Hazard Zone,"Flood Hazard Zonation Atlas of Assam (1998-2023), NRSC/ISRO & ASDMA"
FHZ_VIL_1388,Flood,Dhemaji,Dhubri,Adabari Part I,27.48,94.58,1998-2023 (Cumulative Assessment),Very High,Inundation Frequency >14 Times (1998-2023),Village Hazard Zone,"Flood Hazard Zonation Atlas of Assam (1998-2023), NRSC/ISRO & ASDMA"
FHZ_VIL_1389,Flood,Dhemaji,Dhubri,Airanjangla Part I,27.48,94.58,1998-2023 (Cumulative Assessment),Very High,Inundation Frequency >14 Times (1998-2023),Village Hazard Zone,"Flood Hazard Zonation Atlas of Assam (1998-2023), NRSC/ISRO & ASDMA"
FHZ_VIL_1390,Flood,Dhemaji,Dhubri,Aminer Char,27.48,94.58,1998-2023 (Cumulative Assessment),Very High,Inundation Frequency >14 Times (1998-2023),Village Hazard Zone,"Flood Hazard Zonation Atlas of Assam (1998-2023), NRSC/ISRO & ASDMA"
FHZ_VIL_1391,Flood,Dhemaji,Dhubri,Aranya,27.48,94.58,1998-2023 (Cumulative Assessment),Very High,Inundation Frequency >14 Times (1998-2023),Village Hazard Zone,"Flood Hazard Zonation Atlas of Assam (1998-2023), NRSC/ISRO & ASDMA"
FHZ_VIL_1392,Flood,Dhemaji,Dhubri,Baldiar Alga N.C.2,27.48,94.58,1998-2023 (Cumulative Assessment),Very High,Inundation Frequency >14 Times (1998-2023),Village Hazard Zone,"Flood Hazard Zonation Atlas of Assam (1998-2023), NRSC/ISRO & ASDMA"
FHZ_VIL_1393,Flood,Dhemaji,Dhubri,Barbila Part I,27.48,94.58,1998-2023 (Cumulative Assessment),Very High,Inundation Frequency >14 Times (1998-2023),Village Hazard Zone,"Flood Hazard Zonation Atlas of Assam (1998-2023), NRSC/ISRO & ASDMA"
FHZ_VIL_1394,Flood,Dhemaji,Dhubri,Barbila Part Ii,27.48,94.58,1998-2023 (Cumulative Assessment),Very High,Inundation Frequency >14 Times (1998-2023),Village Hazard Zone,"Flood Hazard Zonation Atlas of Assam (1998-2023), NRSC/ISRO & ASDMA"
FHZ_VIL_1395,Flood,Dhemaji,Dhubri,Beguatoli,27.48,94.58,1998-2023 (Cumulative Assessment),Very High,Inundation Frequency >14 Times (1998-2023),Village Hazard Zone,"Flood Hazard Zonation Atlas of Assam (1998-2023), NRSC/ISRO & ASDMA"
FHZ_VIL_1396,Flood,Dhemaji,Dhubri,Bhasanir Char Parr Ii,27.48,94.58,1998-2023 (Cumulative Assessment),Very High,Inundation Frequency >14 Times (1998-2023),Village Hazard Zone,"Flood Hazard Zonation Atlas of Assam (1998-2023), NRSC/ISRO & ASDMA"
FHZ_VIL_1397,Flood,Dhemaji,Dhubri,Bhedlo,27.48,94.58,1998-2023 (Cumulative Assessment),Very High,Inundation Frequency >14 Times (1998-2023),Village Hazard Zone,"Flood Hazard Zonation Atlas of Assam (1998-2023), NRSC/ISRO & ASDMA"
FHZ_VIL_1398,Flood,Dhemaji,Dhubri,Bhogdahar,27.48,94.58,1998-2023 (Cumulative Assessment),Very High,Inundation Frequency >14 Times (1998-2023),Village Hazard Zone,"Flood Hazard Zonation Atlas of Assam (1998-2023), NRSC/ISRO & ASDMA"
FHZ_VIL_1399,Flood,Dhemaji,Dhubri,Chalakura Part Ii,27.48,94.58,1998-2023 (Cumulative Assessment),Very High,Inundation Frequency >14 Times (1998-2023),Village Hazard Zone,"Flood Hazard Zonation Atlas of Assam (1998-2023), NRSC/ISRO & ASDMA"
FHZ_VIL_1400,Flood,Dhemaji,Dhubri,Chalakura Part Iii,27.48,94.58,1998-2023 (Cumulative Assessment),Very High,Inundation Frequency >14 Times (1998-2023),Village Hazard Zone,"Flood Hazard Zonation Atlas of Assam (1998-2023), NRSC/ISRO & ASDMA"
FHZ_VIL_1401,Flood,Dhemaji,Dhubri,Dharmasala Part Ii,27.48,94.58,1998-2023 (Cumulative Assessment),Very High,Inundation Frequency >14 Times (1998-2023),Village Hazard Zone,"Flood Hazard Zonation Atlas of Assam (1998-2023), NRSC/ISRO & ASDMA"
FHZ_VIL_1402,Flood,Dhemaji,Dhubri,Dharmasala Part Iii,27.48,94.58,1998-2023 (Cumulative Assessment),Very High,Inundation Frequency >14 Times (1998-2023),Village Hazard Zone,"Flood Hazard Zonation Atlas of Assam (1998-2023), NRSC/ISRO & ASDMA"
FHZ_VIL_1403,Flood,Dhemaji,Dhubri,Digaltari Part Ii,27.48,94.58,1998-2023 (Cumulative Assessment),Very High,Inundation Frequency >14 Times (1998-2023),Village Hazard Zone,"Flood Hazard Zonation Atlas of Assam (1998-2023), NRSC/ISRO & ASDMA"
FHZ_VIL_1404,Flood,Dhemaji,Dhubri,Dighaltari Part I,27.48,94.58,1998-2023 (Cumulative Assessment),Very High,Inundation Frequency >14 Times (1998-2023),Village Hazard Zone,"Flood Hazard Zonation Atlas of Assam (1998-2023), NRSC/ISRO & ASDMA"
FHZ_VIL_1405,Flood,Dhemaji,Dhubri,Falimari Part I,27.48,94.58,1998-2023 (Cumulative Assessment),Very High,Inundation Frequency >14 Times (1998-2023),Village Hazard Zone,"Flood Hazard Zonation Atlas of Assam (1998-2023), NRSC/ISRO & ASDMA"
FHZ_VIL_1406,Flood,Dhemaji,Dhubri,Falimari Part Ii,27.48,94.58,1998-2023 (Cumulative Assessment),Very High,Inundation Frequency >14 Times (1998-2023),Village Hazard Zone,"Flood Hazard Zonation Atlas of Assam (1998-2023), NRSC/ISRO & ASDMA"
FHZ_VIL_1407,Flood,Dhemaji,Dhubri,Fulkakata Part Ii,27.48,94.58,1998-2023 (Cumulative Assessment),Very High,Inundation Frequency >14 Times (1998-2023),Village Hazard Zone,"Flood Hazard Zonation Atlas of Assam (1998-2023), NRSC/ISRO & ASDMA"
FHZ_VIL_1408,Flood,Dhemaji,Dhubri,Gaspara,27.48,94.58,1998-2023 (Cumulative Assessment),Very High,Inundation Frequency >14 Times (1998-2023),Village Hazard Zone,"Flood Hazard Zonation Atlas of Assam (1998-2023), NRSC/ISRO & ASDMA"
NRSC_INUND_1998,Flood,Assam (6 districts),Multi-Circle / Statewide,All Inundated Villages,26.2006,92.9376,1998-06,Satellite Inundation Extent,9.78 lakh ha (Maps generated: 10; Floods in Assam during June 1998),9.78 lakh ha,NRSC/ISRO - ASDMA Inundation Mapping (Table 4.3 & Fig 4.2)
NRSC_INUND_1999,Flood,Assam (Brahmaputra Valley),Multi-Circle / Statewide,All Inundated Villages,26.2006,92.9376,1999-06-12 to 1999-09-02,Satellite Inundation Extent,"8.30 lakh ha (Maps generated: 7; Floods during 12-29 June, 9-30 Aug, 2 Sep 1999)",8.30 lakh ha,NRSC/ISRO - ASDMA Inundation Mapping (Table 4.3 & Fig 4.2)
NRSC_INUND_2000,Flood,Assam (Brahmaputra Valley),Multi-Circle / Statewide,All Inundated Villages,26.2006,92.9376,2000-06-27 to 2000-08-14,Satellite Inundation Extent,"5.67 lakh ha (Maps generated: 4; Floods during 27-30 June, 11-14 Aug 2000)",5.67 lakh ha,NRSC/ISRO - ASDMA Inundation Mapping (Table 4.3 & Fig 4.2)
NRSC_INUND_2001,Flood,Assam (Brahmaputra Valley),Multi-Circle / Statewide,All Inundated Villages,26.2006,92.9376,2001-08-04 to 2001-08-29,Satellite Inundation Extent,2.61 lakh ha (Maps generated: 3; Floods during 4-29 Aug 2001),2.61 lakh ha,NRSC/ISRO - ASDMA Inundation Mapping (Table 4.3 & Fig 4.2)
NRSC_INUND_2002,Flood,Assam (Brahmaputra Valley),Multi-Circle / Statewide,All Inundated Villages,26.2006,92.9376,2002-07-08 to 2002-07-27,Satellite Inundation Extent,10.66 lakh ha (Maps generated: 4; Floods during 8-27 July 2002),10.66 lakh ha,NRSC/ISRO - ASDMA Inundation Mapping (Table 4.3 & Fig 4.2)
NRSC_INUND_2003,Flood,Assam (21 districts),Multi-Circle / Statewide,All Inundated Villages,26.2006,92.9376,2003-06-16 to 2003-06-23,Satellite Inundation Extent,9.56 lakh ha (Maps generated: 12; Floods affected in two spells during 16-23 June 2003),9.56 lakh ha,NRSC/ISRO - ASDMA Inundation Mapping (Table 4.3 & Fig 4.2)
NRSC_INUND_2004,Flood,Assam (9 districts),Multi-Circle / Statewide,All Inundated Villages,26.2006,92.9376,2004-04-20 to 2004-10-13,Satellite Inundation Extent,"9.72 lakh ha (Maps generated: 15; Floods in 4 spells (April, June-July, July-Aug, Oct 2004))",9.72 lakh ha,NRSC/ISRO - ASDMA Inundation Mapping (Table 4.3 & Fig 4.2)
NRSC_INUND_2005,Flood,Assam (21 districts),Multi-Circle / Statewide,All Inundated Villages,26.2006,92.9376,2005-07-16 to 2005-07-18,Satellite Inundation Extent,2.58 lakh ha (Maps generated: 2; Floods during 16-18 July 2005),2.58 lakh ha,NRSC/ISRO - ASDMA Inundation Mapping (Table 4.3 & Fig 4.2)
NRSC_INUND_2006,Flood,Assam (24 districts),Multi-Circle / Statewide,All Inundated Villages,26.2006,92.9376,2006-06-02 to 2006-07-28,Satellite Inundation Extent,4.52 lakh ha (Maps generated: 6; Floods in 3 spells during June and July 2006),4.52 lakh ha,NRSC/ISRO - ASDMA Inundation Mapping (Table 4.3 & Fig 4.2)
NRSC_INUND_2007,Flood,Assam (21 districts),Multi-Circle / Statewide,All Inundated Villages,26.2006,92.9376,2007-06-21 to 2007-10-04,Satellite Inundation Extent,"9.79 lakh ha (Maps generated: 24; Floods in 2 spells (June, July-Oct 2007))",9.79 lakh ha,NRSC/ISRO - ASDMA Inundation Mapping (Table 4.3 & Fig 4.2)
NRSC_INUND_2008,Flood,Assam (21 districts),Multi-Circle / Statewide,All Inundated Villages,26.2006,92.9376,2008-07-09 to 2008-09-14,Satellite Inundation Extent,5.89 lakh ha (Maps generated: 16; Floods in 2 spells during July and Aug-Sep 2008),5.89 lakh ha,NRSC/ISRO - ASDMA Inundation Mapping (Table 4.3 & Fig 4.2)
NRSC_INUND_2009,Flood,Assam (21 districts),Multi-Circle / Statewide,All Inundated Villages,26.2006,92.9376,2009-07-01 to 2009-08-28,Satellite Inundation Extent,2.11 lakh ha (Maps generated: 10; Floods during July-Aug 2009 & Matmora embankment breach in Lakhimpur),2.11 lakh ha,NRSC/ISRO - ASDMA Inundation Mapping (Table 4.3 & Fig 4.2)
NRSC_INUND_2010,Flood,Assam (24 districts),Multi-Circle / Statewide,All Inundated Villages,26.2006,92.9376,2010-06-19 to 2010-09-23,Satellite Inundation Extent,3.09 lakh ha (Maps generated: 22; Floods during 19 June - 31 July & 17 Aug - 23 Sep 2010),3.09 lakh ha,NRSC/ISRO - ASDMA Inundation Mapping (Table 4.3 & Fig 4.2)
NRSC_INUND_2011,Flood,Assam (16 districts),Multi-Circle / Statewide,All Inundated Villages,26.2006,92.9376,2011-06-29 to 2011-08-18,Satellite Inundation Extent,3.00 lakh ha (Maps generated: 16; Floods during 29 June - 18 August 2011),3.00 lakh ha,NRSC/ISRO - ASDMA Inundation Mapping (Table 4.3 & Fig 4.2)
NRSC_INUND_2012,Flood,Assam (28 districts),Multi-Circle / Statewide,All Inundated Villages,26.2006,92.9376,2012-06-06 to 2012-10-07,Satellite Inundation Extent,5.79 lakh ha (Maps generated: 20; Floods during 6 June - 7 October 2012),5.79 lakh ha,NRSC/ISRO - ASDMA Inundation Mapping (Table 4.3 & Fig 4.2)
NRSC_INUND_2013,Flood,Assam (27 districts),Multi-Circle / Statewide,All Inundated Villages,26.2006,92.9376,2013-07-01 to 2013-09-12,Satellite Inundation Extent,"3.23 lakh ha (Maps generated: 11; Floods in 3 spells during July, August, September 2013)",3.23 lakh ha,NRSC/ISRO - ASDMA Inundation Mapping (Table 4.3 & Fig 4.2)
NRSC_INUND_2014,Flood,Assam (27 districts),Multi-Circle / Statewide,All Inundated Villages,26.2006,92.9376,2014-08-16 to 2014-09-29,Satellite Inundation Extent,4.12 lakh ha (Maps generated: 10; Floods during 16-29 Aug & 22-29 Sep 2014),4.12 lakh ha,NRSC/ISRO - ASDMA Inundation Mapping (Table 4.3 & Fig 4.2)
NRSC_INUND_2015,Flood,Assam (25 districts),Multi-Circle / Statewide,All Inundated Villages,26.2006,92.9376,2015-06-08 to 2015-09-09,Satellite Inundation Extent,"6.60 lakh ha (Maps generated: 22; Floods in 4 spells during June, July, August, September 2015)",6.60 lakh ha,NRSC/ISRO - ASDMA Inundation Mapping (Table 4.3 & Fig 4.2)
NRSC_INUND_2016,Flood,Assam (20 districts),Multi-Circle / Statewide,All Inundated Villages,26.2006,92.9376,2016-04-24 to 2016-07-29,Satellite Inundation Extent,7.86 lakh ha (Maps generated: 14; Floods during 24-26 April & 5-29 July 2016),7.86 lakh ha,NRSC/ISRO - ASDMA Inundation Mapping (Table 4.3 & Fig 4.2)
NRSC_INUND_2017,Flood,Assam (36 districts),Multi-Circle / Statewide,All Inundated Villages,26.2006,92.9376,2017-06-03 to 2017-07-22,Satellite Inundation Extent,10.86 lakh ha (Maps generated: 26; Severe flood event during 3 June - 22 July 2017),10.86 lakh ha,NRSC/ISRO - ASDMA Inundation Mapping (Table 4.3 & Fig 4.2)
NRSC_INUND_2018,Flood,Assam (37 districts),Multi-Circle / Statewide,All Inundated Villages,26.2006,92.9376,2018-06-08 to 2018-09-13,Satellite Inundation Extent,5.73 lakh ha (Maps generated: 16; Floods during 8 June - 13 September 2018),5.73 lakh ha,NRSC/ISRO - ASDMA Inundation Mapping (Table 4.3 & Fig 4.2)
NRSC_INUND_2019,Flood,Assam (34 districts),Multi-Circle / Statewide,All Inundated Villages,26.2006,92.9376,2019-07-10 to 2019-08-02,Satellite Inundation Extent,8.76 lakh ha (Maps generated: 13; Severe flood waves during 10 July - 2 August 2019),8.76 lakh ha,NRSC/ISRO - ASDMA Inundation Mapping (Table 4.3 & Fig 4.2)
NRSC_INUND_2020,Flood,Assam (34 districts),Multi-Circle / Statewide,All Inundated Villages,26.2006,92.9376,2020-06-02 to 2020-09-30,Satellite Inundation Extent,"12.86 lakh ha (Maps generated: 21; Peak flood inundation across 4 waves (June, July, August, September 2020))",12.86 lakh ha,NRSC/ISRO - ASDMA Inundation Mapping (Table 4.3 & Fig 4.2)
NRSC_INUND_2021,Flood,Assam (33 districts),Multi-Circle / Statewide,All Inundated Villages,26.2006,92.9376,2021-06-07 to 2021-09-06,Satellite Inundation Extent,6.82 lakh ha (Maps generated: 19; Floods during 7 June - 6 September 2021),6.82 lakh ha,NRSC/ISRO - ASDMA Inundation Mapping (Table 4.3 & Fig 4.2)
NRSC_INUND_2022,Flood,Assam (35 districts),Multi-Circle / Statewide,All Inundated Villages,26.2006,92.9376,2022-05-18 to 2022-07-17,Satellite Inundation Extent,"12.15 lakh ha (Maps generated: 32; Pre-monsoon and monsoon deluge across two major spells (May, June-July 2022))",12.15 lakh ha,NRSC/ISRO - ASDMA Inundation Mapping (Table 4.3 & Fig 4.2)
NRSC_INUND_2023,Flood,Assam (32 districts),Multi-Circle / Statewide,All Inundated Villages,26.2006,92.9376,2023-06-16 to 2023-08-31,Satellite Inundation Extent,"7.17 lakh ha (Maps generated: 20; Floods during 16-29 June, 7-20 July, and 29-31 August 2023)",7.17 lakh ha,NRSC/ISRO - ASDMA Inundation Mapping (Table 4.3 & Fig 4.2)
ASDMA_MEMO_2012,Flood,Assam (Statewide Impact),All Affected Circles,All Affected Villages,26.2006,92.9376,2012 Monsoon,Official Flood Memorandum,"Population Affected: 29.14 lakh, Human Lives Lost: 144, Cattle Lost: 11408, Damage: Rs. 3591.81 Cr",Crop Area Affected: 3.28 lakh ha,"Assam Flood Memorandum (ASDMA, Revenue & Disaster Management Dept, Govt of Assam)"
ASDMA_MEMO_2013,Flood,Assam (Statewide Impact),All Affected Circles,All Affected Villages,26.2006,92.9376,2013 Monsoon,Official Flood Memorandum,"Population Affected: 8.48 lakh, Human Lives Lost: NA, Cattle Lost: NA, Damage: Rs. NA",Crop Area Affected: 0.71 lakh ha,"Assam Flood Memorandum (ASDMA, Revenue & Disaster Management Dept, Govt of Assam)"
ASDMA_MEMO_2014,Flood,Assam (Statewide Impact),All Affected Circles,All Affected Villages,26.2006,92.9376,2014 Monsoon,Official Flood Memorandum,"Population Affected: 42.03 lakh, Human Lives Lost: 90, Cattle Lost: 28, Damage: Rs. 2534.88 Cr",Crop Area Affected: 3.67 lakh ha,"Assam Flood Memorandum (ASDMA, Revenue & Disaster Management Dept, Govt of Assam)"
ASDMA_MEMO_2015,Flood,Assam (Statewide Impact),All Affected Circles,All Affected Villages,26.2006,92.9376,2015 Monsoon,Official Flood Memorandum,"Population Affected: 36.67 lakh, Human Lives Lost: 66, Cattle Lost: 212, Damage: Rs. 1523.79 Cr",Crop Area Affected: 3.38 lakh ha,"Assam Flood Memorandum (ASDMA, Revenue & Disaster Management Dept, Govt of Assam)"
ASDMA_MEMO_2016,Flood,Assam (Statewide Impact),All Affected Circles,All Affected Villages,26.2006,92.9376,2016 Monsoon,Official Flood Memorandum,"Population Affected: 39.81 lakh, Human Lives Lost: 64, Cattle Lost: 5580, Damage: Rs. 10339.66 Cr",Crop Area Affected: 2.35 lakh ha,"Assam Flood Memorandum (ASDMA, Revenue & Disaster Management Dept, Govt of Assam)"
ASDMA_MEMO_2017,Flood,Assam (Statewide Impact),All Affected Circles,All Affected Villages,26.2006,92.9376,2017 Monsoon,Official Flood Memorandum,"Population Affected: 56.02 lakh, Human Lives Lost: 160, Cattle Lost: 449, Damage: Rs. 4358.81 Cr",Crop Area Affected: 3.98 lakh ha,"Assam Flood Memorandum (ASDMA, Revenue & Disaster Management Dept, Govt of Assam)"
ASDMA_MEMO_2018,Flood,Assam (Statewide Impact),All Affected Circles,All Affected Villages,26.2006,92.9376,2018 Monsoon,Official Flood Memorandum,"Population Affected: 13.22 lakh, Human Lives Lost: 53, Cattle Lost: 556, Damage: Rs. 2491.59 Cr",Crop Area Affected: 0.31 lakh ha,"Assam Flood Memorandum (ASDMA, Revenue & Disaster Management Dept, Govt of Assam)"
ASDMA_MEMO_2019,Flood,Assam (Statewide Impact),All Affected Circles,All Affected Villages,26.2006,92.9376,2019 Monsoon,Official Flood Memorandum,"Population Affected: 73.05 lakh, Human Lives Lost: 101, Cattle Lost: 250, Damage: Rs. 3237.75 Cr",Crop Area Affected: 2.15 lakh ha,"Assam Flood Memorandum (ASDMA, Revenue & Disaster Management Dept, Govt of Assam)"
ASDMA_MEMO_2020,Flood,Assam (Statewide Impact),All Affected Circles,All Affected Villages,26.2006,92.9376,2020 Monsoon,Official Flood Memorandum,"Population Affected: 57.89 lakh, Human Lives Lost: 150, Cattle Lost: 702, Damage: Rs. 2642.99 Cr",Crop Area Affected: 1.88 lakh ha,"Assam Flood Memorandum (ASDMA, Revenue & Disaster Management Dept, Govt of Assam)"
ASDMA_MEMO_2021,Flood,Assam (Statewide Impact),All Affected Circles,All Affected Villages,26.2006,92.9376,2021 Monsoon,Official Flood Memorandum,"Population Affected: 5.74 lakh, Human Lives Lost: 3, Cattle Lost: 13, Damage: Rs. NA",Crop Area Affected: 0.65 lakh ha,"Assam Flood Memorandum (ASDMA, Revenue & Disaster Management Dept, Govt of Assam)"
ASDMA_MEMO_2022,Flood,Assam (Statewide Impact),All Affected Circles,All Affected Villages,26.2006,92.9376,2022 Monsoon,Official Flood Memorandum,"Population Affected: 57.50 lakh, Human Lives Lost: 179, Cattle Lost: 2700, Damage: Rs. 10000.00 Cr",Crop Area Affected: 1.08 lakh ha,"Assam Flood Memorandum (ASDMA, Revenue & Disaster Management Dept, Govt of Assam)"
ASDMA_MEMO_2023,Flood,Assam (Statewide Impact),All Affected Circles,All Affected Villages,26.2006,92.9376,2023 Monsoon,Official Flood Memorandum,"Population Affected: 13.47 lakh, Human Lives Lost: 18, Cattle Lost: 103, Damage: Rs. 117.68 Cr",Crop Area Affected: 0.21 lakh ha,"Assam Flood Memorandum (ASDMA, Revenue & Disaster Management Dept, Govt of Assam)"
ASDMA_MEMO_2024,Flood,Assam (Statewide Impact),All Affected Circles,All Affected Villages,26.2006,92.9376,2024 Monsoon (Waves 1-3),Official Flood Memorandum,"Population Affected: 37.00+ lakh, Human Lives Lost: 88, Cattle Lost: 14.6 lakh affected, Damage: Rs. Extensive Infrastructure & Crop Damage",Crop Area Affected: 1.09 lakh ha,"Assam Flood Memorandum (ASDMA, Revenue & Disaster Management Dept, Govt of Assam)"
